<?xml version="1.0" encoding="UTF-8"?><database>
    <element extends="task" label="ClientResource" max_length="40" name="x_58872_ClientPro_x_58872_clientpro_x_58872_clientpro_x_58872_clientpro_clientpr" sizeclass="0" type="collection">
        <element attributes="encode_utf8=false" label="Project" mandatory="true" max_length="32" name="u_reference_1" reference="x_58872_ClientPro_x_58872_clientpro_x_58872_clientpro_x_58872_clientpro_employee" type="reference"/>
        <element attributes="encode_utf8=false" label="User" mandatory="true" max_length="32" name="u_reference_2" reference="sys_user" type="reference"/>
        <element attributes="encode_utf8=false" label="Requested by" mandatory="true" max_length="32" name="u_requested_for" reference="x_58872_ClientPro_x_58872_clientpro_x_58872_clientpro_x_58872_clientpro_data_emp" type="reference"/>
        <element attributes="edge_encryption_enabled=true" choice="3" default="training" label="Request type" mandatory="true" max_length="40" name="u_request_type" type="string">
            <choice>
                <element inactive_on_update="false" label="Human Resources" sequence="0" value="hr"/>
                <element inactive_on_update="false" label="Facilities" sequence="1" value="facilities"/>
                <element inactive_on_update="false" label="Legal" sequence="2" value="legal"/>
                <element inactive_on_update="false" label="Training" sequence="3" value="training"/>
            </choice>
        </element>
        <element attributes="edge_encryption_enabled=true" choice="3" default="training 1" label="What needed" mandatory="true" max_length="40" name="u_what_needed" type="string">
            <choice>
                <element inactive_on_update="false" label="Human Resources 1" sequence="0" value="hr1"/>
                <element inactive_on_update="false" label="Human Resources 2" sequence="1" value="hr2"/>
                <element inactive_on_update="false" label="Facilities 1" sequence="2" value="facilities 1"/>
                <element inactive_on_update="false" label="Facilities 2" sequence="3" value="facilities 2"/>
                <element inactive_on_update="false" label="Legal 1" sequence="4" value="legal 1"/>
                <element inactive_on_update="false" label="Legal 2" sequence="5" value="legal 2"/>
                <element inactive_on_update="false" label="Training 1" sequence="6" value="training 1"/>
                <element inactive_on_update="false" label="Training 2" sequence="7" value="training 2"/>
            </choice>
        </element>
        <element attributes="edge_encryption_enabled=true" label="When needed" mandatory="true" max_length="40" name="u_when_needed" type="glide_date_time"/>
    </element>
</database>
