<?xml version="1.0" encoding="UTF-8"?><record_update table="item_option_new">
    <item_option_new action="INSERT_OR_UPDATE">
        <active>true</active>
        <attributes/>
        <cat_item display_value="catalog">99e365e7944521107f448479e46a4786</cat_item>
        <category/>
        <choice_direction>down</choice_direction>
        <choice_field/>
        <choice_table/>
        <create_roles/>
        <default_html_value/>
        <default_value/>
        <delete_roles/>
        <delivery_plan/>
        <description/>
        <display_title>false</display_title>
        <do_not_select_first>false</do_not_select_first>
        <dynamic_default_value/>
        <dynamic_ref_qual/>
        <enable_also_request_for>false</enable_also_request_for>
        <example_text/>
        <field/>
        <global>false</global>
        <help_tag>More information</help_tag>
        <help_text/>
        <hidden>false</hidden>
        <include_none>false</include_none>
        <instructions/>
        <layout>normal</layout>
        <list_table/>
        <lookup_label/>
        <lookup_price/>
        <lookup_table/>
        <lookup_unique>false</lookup_unique>
        <lookup_value/>
        <macro/>
        <macroponent/>
        <mandatory>false</mandatory>
        <map_to_field>false</map_to_field>
        <mask_use_confirmation>false</mask_use_confirmation>
        <mask_use_encryption>false</mask_use_encryption>
        <name>is_this_a_mac_or_pc</name>
        <order/>
        <price_if_checked>0</price_if_checked>
        <pricing_implications>false</pricing_implications>
        <published_ref display_value="is this a mac or pc">22cd5523944521107f448479e46a47f8</published_ref>
        <question_text>is this a mac or pc</question_text>
        <read_only>false</read_only>
        <read_roles/>
        <read_script/>
        <rec_lookup_price/>
        <rec_price_if_checked>0</rec_price_if_checked>
        <record/>
        <record_producer_table/>
        <reference/>
        <reference_qual/>
        <reference_qual_condition/>
        <rich_text/>
        <roles_to_use_also_request_for/>
        <save_script/>
        <scale_max>5</scale_max>
        <scale_min>0</scale_min>
        <show_help>false</show_help>
        <show_help_on_load>false</show_help_on_load>
        <sp_widget/>
        <summary_macro/>
        <sys_class_name>item_option_new</sys_class_name>
        <sys_created_by>admin</sys_created_by>
        <sys_created_on>2023-02-22 09:23:21</sys_created_on>
        <sys_id>91e365e7944521107f448479e46a47c4</sys_id>
        <sys_mod_count>0</sys_mod_count>
        <sys_name>is this a mac or pc</sys_name>
        <sys_package display_value="ClientPro" source="x_58872_ClientPro">6ead8e780f603200cd674f8ce1050ed1</sys_package>
        <sys_policy/>
        <sys_scope display_value="ClientPro">6ead8e780f603200cd674f8ce1050ed1</sys_scope>
        <sys_update_name>item_option_new_91e365e7944521107f448479e46a47c4</sys_update_name>
        <sys_updated_by>admin</sys_updated_by>
        <sys_updated_on>2023-02-22 09:23:21</sys_updated_on>
        <table/>
        <tooltip/>
        <type>6</type>
        <ui_page/>
        <unique>false</unique>
        <use_dynamic_default>false</use_dynamic_default>
        <use_reference_qualifier>simple</use_reference_qualifier>
        <validate_regex/>
        <variable_name/>
        <variable_set/>
        <variable_width/>
        <visibility>1</visibility>
        <visible_bundle>true</visible_bundle>
        <visible_guide>true</visible_guide>
        <visible_standalone>true</visible_standalone>
        <visible_summary>true</visible_summary>
        <write_roles/>
    </item_option_new>
    <sys_translated_text action="delete_multiple" query="documentkey=91e365e7944521107f448479e46a47c4"/>
    <fx_price action="delete_multiple" query="id=91e365e7944521107f448479e46a47c4"/>
    <fx_price action="INSERT_OR_UPDATE">
        <amount>0</amount>
        <currency display_value="USD">USD</currency>
        <field>price_if_checked</field>
        <id>91e365e7944521107f448479e46a47c4</id>
        <parent/>
        <reference_amount>0</reference_amount>
        <reference_currency display_value="USD">USD</reference_currency>
        <sys_created_by>admin</sys_created_by>
        <sys_created_on>2023-02-22 09:23:21</sys_created_on>
        <sys_id>11e365e7944521107f448479e46a47cb</sys_id>
        <sys_mod_count>0</sys_mod_count>
        <sys_updated_by>admin</sys_updated_by>
        <sys_updated_on>2023-02-22 09:23:21</sys_updated_on>
        <table>item_option_new</table>
        <type>calculated</type>
    </fx_price>
    <fx_price action="INSERT_OR_UPDATE">
        <amount>0</amount>
        <currency display_value="USD">USD</currency>
        <field>rec_price_if_checked</field>
        <id>91e365e7944521107f448479e46a47c4</id>
        <parent/>
        <reference_amount>0</reference_amount>
        <reference_currency display_value="USD">USD</reference_currency>
        <sys_created_by>admin</sys_created_by>
        <sys_created_on>2023-02-22 09:23:21</sys_created_on>
        <sys_id>d1e365e7944521107f448479e46a47ca</sys_id>
        <sys_mod_count>0</sys_mod_count>
        <sys_updated_by>admin</sys_updated_by>
        <sys_updated_on>2023-02-22 09:23:21</sys_updated_on>
        <table>item_option_new</table>
        <type>calculated</type>
    </fx_price>
</record_update>
