<?xml version="1.0" encoding="UTF-8"?><record_update table="m2m_sp_widget_dependency">
    <m2m_sp_widget_dependency action="INSERT_OR_UPDATE">
        <sp_dependency display_value="angular-truncate">09e1f1416712220023c82e08f585ef1e</sp_dependency>
        <sp_widget display_value="Copy of Header Menu">647c45eb94c121107f448479e46a4788</sp_widget>
        <sys_class_name>m2m_sp_widget_dependency</sys_class_name>
        <sys_created_by>admin</sys_created_by>
        <sys_created_on>2023-02-22 07:40:54</sys_created_on>
        <sys_id>ec7c45eb94c121107f448479e46a478b</sys_id>
        <sys_mod_count>0</sys_mod_count>
        <sys_name>angular-truncate.Copy of Header Menu</sys_name>
        <sys_package display_value="ClientPro" source="x_58872_ClientPro">6ead8e780f603200cd674f8ce1050ed1</sys_package>
        <sys_policy/>
        <sys_scope display_value="ClientPro">6ead8e780f603200cd674f8ce1050ed1</sys_scope>
        <sys_update_name>m2m_sp_widget_dependency_ec7c45eb94c121107f448479e46a478b</sys_update_name>
        <sys_updated_by>admin</sys_updated_by>
        <sys_updated_on>2023-02-22 07:40:54</sys_updated_on>
    </m2m_sp_widget_dependency>
</record_update>
