<?xml version="1.0" encoding="UTF-8"?><record_update table="m2m_sp_theme_css_include">
    <m2m_sp_theme_css_include action="INSERT_OR_UPDATE">
        <order/>
        <sp_css_include display_value="benchmarks-theme-viridian.css">b98f9a11b78d2300a1671a78ee11a9ea</sp_css_include>
        <sp_theme display_value="Mytheme">360f382f948121107f448479e46a47e0</sp_theme>
        <sys_class_name>m2m_sp_theme_css_include</sys_class_name>
        <sys_created_by>admin</sys_created_by>
        <sys_created_on>2023-02-22 06:46:48</sys_created_on>
        <sys_id>c410c56f948121107f448479e46a47b5</sys_id>
        <sys_mod_count>0</sys_mod_count>
        <sys_name>benchmarks-theme-viridian.css.Mytheme</sys_name>
        <sys_package display_value="ClientPro" source="x_58872_ClientPro">6ead8e780f603200cd674f8ce1050ed1</sys_package>
        <sys_policy/>
        <sys_scope display_value="ClientPro">6ead8e780f603200cd674f8ce1050ed1</sys_scope>
        <sys_update_name>m2m_sp_theme_css_include_c410c56f948121107f448479e46a47b5</sys_update_name>
        <sys_updated_by>admin</sys_updated_by>
        <sys_updated_on>2023-02-22 06:46:48</sys_updated_on>
    </m2m_sp_theme_css_include>
</record_update>
