<?xml version="1.0" encoding="UTF-8"?><record_update sys_domain="global" table="pa_dashboards">
    <pa_dashboards action="INSERT_OR_UPDATE">
        <active>true</active>
        <breakdown_source/>
        <color>#ffffff</color>
        <disable_multiple_element>false</disable_multiple_element>
        <group/>
        <groups/>
        <is_breakdown>false</is_breakdown>
        <managed_breakdown/>
        <managed_publisher/>
        <name>Reports Dashboard</name>
        <no_tabs>false</no_tabs>
        <order/>
        <owner display_value="System Administrator">6816f79cc0a8016401c5a33be04be441</owner>
        <restrict_to_roles/>
        <role_override>true</role_override>
        <roles/>
        <should_migrate_permissions>false</should_migrate_permissions>
        <sys_class_name>pa_dashboards</sys_class_name>
        <sys_created_by>admin</sys_created_by>
        <sys_created_on>2023-02-22 05:18:39</sys_created_on>
        <sys_domain>global</sys_domain>
        <sys_domain_path>/</sys_domain_path>
        <sys_id>07bb6ce7944121107f448479e46a474d</sys_id>
        <sys_mod_count>0</sys_mod_count>
        <sys_name>Reports Dashboard</sys_name>
        <sys_overrides/>
        <sys_package display_value="ClientPro" source="x_58872_ClientPro">6ead8e780f603200cd674f8ce1050ed1</sys_package>
        <sys_policy/>
        <sys_scope display_value="ClientPro">6ead8e780f603200cd674f8ce1050ed1</sys_scope>
        <sys_update_name>pa_dashboards_07bb6ce7944121107f448479e46a474d</sys_update_name>
        <sys_updated_by>admin</sys_updated_by>
        <sys_updated_on>2023-02-22 05:18:39</sys_updated_on>
        <users/>
        <visible_to>2</visible_to>
    </pa_dashboards>
</record_update>
