<?xml version="1.0" encoding="UTF-8"?><record_update sys_domain="global" table="pa_tabs">
    <pa_tabs action="INSERT_OR_UPDATE">
        <canvas_page display_value="PA Reports Dashboard - New Tab">5deb202b944121107f448479e46a4701</canvas_page>
        <name>Reports Dashboard - New Tab</name>
        <page display_value="PA Reports Dashboard - New Tab">cdebece7944121107f448479e46a47ff</page>
        <sys_class_name>pa_tabs</sys_class_name>
        <sys_created_by>admin</sys_created_by>
        <sys_created_on>2023-02-22 05:18:40</sys_created_on>
        <sys_domain>global</sys_domain>
        <sys_domain_path>/</sys_domain_path>
        <sys_id>5deb202b944121107f448479e46a4710</sys_id>
        <sys_mod_count>0</sys_mod_count>
        <sys_name>Reports Dashboard - New Tab</sys_name>
        <sys_overrides/>
        <sys_package display_value="ClientPro" source="x_58872_ClientPro">6ead8e780f603200cd674f8ce1050ed1</sys_package>
        <sys_policy/>
        <sys_scope display_value="ClientPro">6ead8e780f603200cd674f8ce1050ed1</sys_scope>
        <sys_update_name>pa_tabs_5deb202b944121107f448479e46a4710</sys_update_name>
        <sys_updated_by>admin</sys_updated_by>
        <sys_updated_on>2023-02-22 05:18:40</sys_updated_on>
    </pa_tabs>
</record_update>
