<?xml version="1.0" encoding="UTF-8"?><record_update table="sc_cat_item_catalog">
    <sc_cat_item_catalog action="INSERT_OR_UPDATE">
        <sc_cat_item display_value="Client Catalog">25f35567940521107f448479e46a4703</sc_cat_item>
        <sc_catalog display_value="Service Catalog">e0d08b13c3330100c8b837659bba8fb4</sc_catalog>
        <sys_class_name>sc_cat_item_catalog</sys_class_name>
        <sys_created_by>admin</sys_created_by>
        <sys_created_on>2023-02-22 08:20:22</sys_created_on>
        <sys_id>b6751da7940521107f448479e46a471b</sys_id>
        <sys_mod_count>0</sys_mod_count>
        <sys_name>Service Catalog.Client Catalog</sys_name>
        <sys_package display_value="ClientPro" source="x_58872_ClientPro">6ead8e780f603200cd674f8ce1050ed1</sys_package>
        <sys_policy/>
        <sys_scope display_value="ClientPro">6ead8e780f603200cd674f8ce1050ed1</sys_scope>
        <sys_update_name>sc_cat_item_catalog_b6751da7940521107f448479e46a471b</sys_update_name>
        <sys_updated_by>admin</sys_updated_by>
        <sys_updated_on>2023-02-22 08:20:22</sys_updated_on>
    </sc_cat_item_catalog>
</record_update>
