<?xml version="1.0" encoding="UTF-8"?><record_update table="sc_cat_item_category">
    <sc_cat_item_category action="INSERT_OR_UPDATE">
        <sc_cat_item display_value="Client Catalog">25f35567940521107f448479e46a4703</sc_cat_item>
        <sc_category display_value="Services">109f0438c6112276003ae8ac13e7009d</sc_category>
        <sys_class_name>sc_cat_item_category</sys_class_name>
        <sys_created_by>admin</sys_created_by>
        <sys_created_on>2023-02-22 08:20:23</sys_created_on>
        <sys_id>3e751da7940521107f448479e46a471f</sys_id>
        <sys_mod_count>0</sys_mod_count>
        <sys_name>Services.Client Catalog</sys_name>
        <sys_package display_value="ClientPro" source="x_58872_ClientPro">6ead8e780f603200cd674f8ce1050ed1</sys_package>
        <sys_policy/>
        <sys_scope display_value="ClientPro">6ead8e780f603200cd674f8ce1050ed1</sys_scope>
        <sys_update_name>sc_cat_item_category_3e751da7940521107f448479e46a471f</sys_update_name>
        <sys_updated_by>admin</sys_updated_by>
        <sys_updated_on>2023-02-22 08:20:23</sys_updated_on>
    </sc_cat_item_category>
</record_update>
