<?xml version="1.0" encoding="UTF-8"?><record_update table="sc_cat_item">
    <sc_cat_item action="INSERT_OR_UPDATE">
        <access_type>restricted</access_type>
        <active>false</active>
        <availability>on_desktop</availability>
        <billable>false</billable>
        <category display_value="Services">109f0438c6112276003ae8ac13e7009d</category>
        <checked_out>false</checked_out>
        <cost>0</cost>
        <custom_cart/>
        <delivery_plan display_value="DEFAULT">523da512c611228900811a37c97c2014</delivery_plan>
        <delivery_plan_script/>
        <delivery_time>1970-01-03 00:00:00</delivery_time>
        <description><![CDATA[<p>creation</p>]]></description>
        <display_price_property>non_zero</display_price_property>
        <entitlement_script/>
        <flow_designer_flow/>
        <fulfillment_automation_level>unspecified</fulfillment_automation_level>
        <group/>
        <hide_sp>false</hide_sp>
        <icon>4f6d19af940521107f448479e46a478b</icon>
        <ignore_price>true</ignore_price>
        <image/>
        <location/>
        <mandatory_attachment>false</mandatory_attachment>
        <meta/>
        <mobile_hide_price>false</mobile_hide_price>
        <mobile_picture/>
        <mobile_picture_type>use_desktop_picture</mobile_picture_type>
        <model/>
        <name>catalog</name>
        <no_attachment_v2>false</no_attachment_v2>
        <no_cart>false</no_cart>
        <no_cart_v2>true</no_cart_v2>
        <no_delivery_time_v2>false</no_delivery_time_v2>
        <no_order>false</no_order>
        <no_order_now>false</no_order_now>
        <no_proceed_checkout>false</no_proceed_checkout>
        <no_quantity>false</no_quantity>
        <no_quantity_v2>true</no_quantity_v2>
        <no_search>false</no_search>
        <no_wishlist_v2>true</no_wishlist_v2>
        <omit_price>false</omit_price>
        <order>0</order>
        <ordered_item_link/>
        <owner display_value="System Administrator">6816f79cc0a8016401c5a33be04be441</owner>
        <picture/>
        <preview>JavaScript: popupOpenStandard("com.glideapp.servicecatalog_cat_item_view.do?v=1&amp;sysparm_id=99e365e7944521107f448479e46a4786&amp;sysparm_preview=true", "summary");</preview>
        <price>0</price>
        <published_ref display_value="catalog">b7ac1daf940521107f448479e46a4735</published_ref>
        <recurring_frequency/>
        <recurring_price>0</recurring_price>
        <request_method/>
        <roles/>
        <sc_catalogs>e0d08b13c3330100c8b837659bba8fb4</sc_catalogs>
        <sc_ic_item_staging/>
        <sc_ic_version/>
        <sc_template/>
        <short_description>catalog</short_description>
        <show_variable_help_on_load>false</show_variable_help_on_load>
        <start_closed>false</start_closed>
        <state>draft</state>
        <sys_class_name>sc_cat_item</sys_class_name>
        <sys_created_by>admin</sys_created_by>
        <sys_created_on>2023-02-22 09:23:21</sys_created_on>
        <sys_id>99e365e7944521107f448479e46a4786</sys_id>
        <sys_mod_count>0</sys_mod_count>
        <sys_name>catalog</sys_name>
        <sys_package display_value="ClientPro" source="x_58872_ClientPro">6ead8e780f603200cd674f8ce1050ed1</sys_package>
        <sys_policy/>
        <sys_scope display_value="ClientPro">6ead8e780f603200cd674f8ce1050ed1</sys_scope>
        <sys_update_name>sc_cat_item_99e365e7944521107f448479e46a4786</sys_update_name>
        <sys_updated_by>admin</sys_updated_by>
        <sys_updated_on>2023-02-22 09:23:21</sys_updated_on>
        <taxonomy_topic/>
        <template/>
        <template_manager_roles/>
        <type>item</type>
        <use_sc_layout>true</use_sc_layout>
        <vendor/>
        <visible_bundle>true</visible_bundle>
        <visible_guide>true</visible_guide>
        <visible_standalone>true</visible_standalone>
        <workflow/>
    </sc_cat_item>
    <sys_translated_text action="delete_multiple" query="documentkey=99e365e7944521107f448479e46a4786"/>
    <fx_price action="delete_multiple" query="id=99e365e7944521107f448479e46a4786"/>
    <fx_price action="INSERT_OR_UPDATE">
        <amount>0</amount>
        <currency display_value="USD">USD</currency>
        <field>price</field>
        <id>99e365e7944521107f448479e46a4786</id>
        <parent/>
        <reference_amount>0</reference_amount>
        <reference_currency display_value="USD">USD</reference_currency>
        <sys_created_by>admin</sys_created_by>
        <sys_created_on>2023-02-22 09:23:21</sys_created_on>
        <sys_id>55e365e7944521107f448479e46a478c</sys_id>
        <sys_mod_count>0</sys_mod_count>
        <sys_updated_by>admin</sys_updated_by>
        <sys_updated_on>2023-02-22 09:23:21</sys_updated_on>
        <table>sc_cat_item</table>
        <type>calculated</type>
    </fx_price>
    <fx_price action="INSERT_OR_UPDATE">
        <amount>0</amount>
        <currency display_value="USD">USD</currency>
        <field>recurring_price</field>
        <id>99e365e7944521107f448479e46a4786</id>
        <parent/>
        <reference_amount>0</reference_amount>
        <reference_currency display_value="USD">USD</reference_currency>
        <sys_created_by>admin</sys_created_by>
        <sys_created_on>2023-02-22 09:23:21</sys_created_on>
        <sys_id>11e365e7944521107f448479e46a478e</sys_id>
        <sys_mod_count>0</sys_mod_count>
        <sys_updated_by>admin</sys_updated_by>
        <sys_updated_on>2023-02-22 09:23:21</sys_updated_on>
        <table>sc_cat_item</table>
        <type>calculated</type>
    </fx_price>
</record_update>
