<?xml version="1.0" encoding="UTF-8"?><record_update table="sp_container">
    <sp_container action="INSERT_OR_UPDATE">
        <background_color/>
        <background_image/>
        <background_style>default</background_style>
        <bootstrap_alt>false</bootstrap_alt>
        <class_name/>
        <container_class_name/>
        <name>ClientCatalog - Container 1</name>
        <order>1</order>
        <sp_page display_value="clientcatalog">f47f19a3944521107f448479e46a4760</sp_page>
        <subheader>false</subheader>
        <sys_class_name>sp_container</sys_class_name>
        <sys_created_by>admin</sys_created_by>
        <sys_created_on>2023-02-22 09:04:59</sys_created_on>
        <sys_id>5cbf19a3944521107f448479e46a4765</sys_id>
        <sys_mod_count>0</sys_mod_count>
        <sys_name>ClientCatalog - Container 1</sys_name>
        <sys_package display_value="ClientPro" source="x_58872_ClientPro">6ead8e780f603200cd674f8ce1050ed1</sys_package>
        <sys_policy/>
        <sys_scope display_value="ClientPro">6ead8e780f603200cd674f8ce1050ed1</sys_scope>
        <sys_update_name>sp_container_5cbf19a3944521107f448479e46a4765</sys_update_name>
        <sys_updated_by>admin</sys_updated_by>
        <sys_updated_on>2023-02-22 09:04:59</sys_updated_on>
        <title/>
        <width>container</width>
    </sp_container>
</record_update>
