<?xml version="1.0" encoding="UTF-8"?><record_update table="sp_column">
    <sp_column action="INSERT_OR_UPDATE">
        <class_name/>
        <order>1</order>
        <size>12</size>
        <size_lg/>
        <size_sm/>
        <size_xs/>
        <sp_row display_value="1">b702dd63940521107f448479e46a47c1</sp_row>
        <sys_class_name>sp_column</sys_class_name>
        <sys_created_by>admin</sys_created_by>
        <sys_created_on>2023-02-22 08:05:26</sys_created_on>
        <sys_id>ff02dd63940521107f448479e46a47c3</sys_id>
        <sys_mod_count>0</sys_mod_count>
        <sys_name>1</sys_name>
        <sys_package display_value="ClientPro" source="x_58872_ClientPro">6ead8e780f603200cd674f8ce1050ed1</sys_package>
        <sys_policy/>
        <sys_scope display_value="ClientPro">6ead8e780f603200cd674f8ce1050ed1</sys_scope>
        <sys_update_name>sp_column_ff02dd63940521107f448479e46a47c3</sys_update_name>
        <sys_updated_by>admin</sys_updated_by>
        <sys_updated_on>2023-02-22 08:05:26</sys_updated_on>
    </sp_column>
</record_update>
