<?xml version="1.0" encoding="UTF-8"?><record_update table="sp_instance_menu">
    <sp_instance_menu action="INSERT_OR_UPDATE">
        <active>true</active>
        <class_name/>
        <color>default</color>
        <css/>
        <glyph/>
        <id/>
        <order>1</order>
        <roles/>
        <short_description/>
        <size>md</size>
        <sp_column/>
        <sp_widget display_value="Header Menu">5ef595c1cb12020000f8d856634c9c6e</sp_widget>
        <sys_class_name>sp_instance_menu</sys_class_name>
        <sys_created_by>admin</sys_created_by>
        <sys_created_on>2023-02-22 07:28:45</sys_created_on>
        <sys_id>9579012b94c121107f448479e46a473a</sys_id>
        <sys_mod_count>0</sys_mod_count>
        <sys_name>Mymenu</sys_name>
        <sys_package display_value="ClientPro" source="x_58872_ClientPro">6ead8e780f603200cd674f8ce1050ed1</sys_package>
        <sys_policy/>
        <sys_scope display_value="ClientPro">6ead8e780f603200cd674f8ce1050ed1</sys_scope>
        <sys_update_name>sp_instance_menu_9579012b94c121107f448479e46a473a</sys_update_name>
        <sys_updated_by>admin</sys_updated_by>
        <sys_updated_on>2023-02-22 07:28:45</sys_updated_on>
        <title>Mymenu</title>
        <url/>
        <widget_parameters/>
    </sp_instance_menu>
    <sys_translated_text action="delete_multiple" query="documentkey=9579012b94c121107f448479e46a473a"/>
</record_update>
