<?xml version="1.0" encoding="UTF-8"?><record_update table="sp_instance_table">
    <sp_instance_table action="INSERT_OR_UPDATE">
        <active>true</active>
        <class_name/>
        <color>default</color>
        <css/>
        <display_field/>
        <field_list/>
        <filter/>
        <glyph/>
        <id/>
        <maximum_entries>5</maximum_entries>
        <order>1</order>
        <order_by/>
        <order_direction>asc</order_direction>
        <roles/>
        <short_description/>
        <size>md</size>
        <sp_column display_value="1">5a5d38ab948121107f448479e46a47d5</sp_column>
        <sp_page/>
        <sp_widget display_value="Data Table from Instance Definition">38058ff1cb11020000f8d856634c9c8c</sp_widget>
        <sys_class_name>sp_instance_table</sys_class_name>
        <sys_created_by>admin</sys_created_by>
        <sys_created_on>2023-02-22 06:37:20</sys_created_on>
        <sys_id>a1ed346b948121107f448479e46a4720</sys_id>
        <sys_mod_count>1</sys_mod_count>
        <sys_name>Projects</sys_name>
        <sys_package display_value="ClientPro" source="x_58872_ClientPro">6ead8e780f603200cd674f8ce1050ed1</sys_package>
        <sys_policy/>
        <sys_scope display_value="ClientPro">6ead8e780f603200cd674f8ce1050ed1</sys_scope>
        <sys_update_name>sp_instance_table_a1ed346b948121107f448479e46a4720</sys_update_name>
        <sys_updated_by>admin</sys_updated_by>
        <sys_updated_on>2023-02-22 06:38:20</sys_updated_on>
        <table>x_58872_ClientPro_x_58872_clientpro_x_58872_clientpro_x_58872_clientpro_employee</table>
        <title>Projects</title>
        <url/>
        <widget_parameters/>
    </sp_instance_table>
    <sys_translated_text action="delete_multiple" query="documentkey=a1ed346b948121107f448479e46a4720"/>
</record_update>
