<?xml version="1.0" encoding="UTF-8"?><record_update table="sp_instance">
    <sp_instance action="INSERT_OR_UPDATE">
        <active>true</active>
        <class_name/>
        <color>default</color>
        <css/>
        <glyph/>
        <id/>
        <order>1</order>
        <roles/>
        <short_description/>
        <size>md</size>
        <sp_column display_value="1">7da16927944521107f448479e46a4790</sp_column>
        <sp_widget display_value="KB Category Page">fb5d068cd7610200a9ad1e173e24d400</sp_widget>
        <sys_class_name>sp_instance</sys_class_name>
        <sys_created_by>admin</sys_created_by>
        <sys_created_on>2023-02-22 09:14:33</sys_created_on>
        <sys_id>dce16927944521107f448479e46a4796</sys_id>
        <sys_mod_count>1</sys_mod_count>
        <sys_name/>
        <sys_package display_value="ClientPro" source="x_58872_ClientPro">6ead8e780f603200cd674f8ce1050ed1</sys_package>
        <sys_policy/>
        <sys_scope display_value="ClientPro">6ead8e780f603200cd674f8ce1050ed1</sys_scope>
        <sys_update_name>sp_instance_dce16927944521107f448479e46a4796</sys_update_name>
        <sys_updated_by>admin</sys_updated_by>
        <sys_updated_on>2023-02-22 09:14:45</sys_updated_on>
        <title/>
        <url/>
        <widget_parameters><![CDATA[{
	"show_star_rating": {
		"value": "Yes",
		"displayValue": "Yes"
	},
	"limit_article": {
		"value": null,
		"displayValue": ""
	}
}]]></widget_parameters>
    </sp_instance>
    <sys_translated_text action="delete_multiple" query="documentkey=dce16927944521107f448479e46a4796"/>
</record_update>
