<?xml version="1.0" encoding="UTF-8"?><record_update table="sp_instance">
    <sp_instance action="INSERT_OR_UPDATE">
        <active>true</active>
        <class_name/>
        <color>default</color>
        <css/>
        <glyph/>
        <id/>
        <order>2</order>
        <roles/>
        <short_description/>
        <size>md</size>
        <sp_column display_value="1">7da16927944521107f448479e46a4790</sp_column>
        <sp_widget display_value="SC Category Page">f2ff0622d7000200a9ad1e173e24d4f3</sp_widget>
        <sys_class_name>sp_instance</sys_class_name>
        <sys_created_by>admin</sys_created_by>
        <sys_created_on>2023-02-22 09:13:41</sys_created_on>
        <sys_id>3fa169e3944521107f448479e46a4772</sys_id>
        <sys_mod_count>3</sys_mod_count>
        <sys_name/>
        <sys_package display_value="ClientPro" source="x_58872_ClientPro">6ead8e780f603200cd674f8ce1050ed1</sys_package>
        <sys_policy/>
        <sys_scope display_value="ClientPro">6ead8e780f603200cd674f8ce1050ed1</sys_scope>
        <sys_update_name>sp_instance_3fa169e3944521107f448479e46a4772</sys_update_name>
        <sys_updated_by>admin</sys_updated_by>
        <sys_updated_on>2023-02-22 09:15:52</sys_updated_on>
        <title/>
        <url/>
        <widget_parameters><![CDATA[{
	"click_event_name": {
		"value": "",
		"displayValue": ""
	},
	"limit_item": {
		"value": null,
		"displayValue": ""
	},
	"show_items_from_child": {
		"value": "true",
		"displayValue": "true"
	},
	"popular_items_created": {
		"value": "0",
		"displayValue": "Life time (Has performance implications)"
	}
}]]></widget_parameters>
    </sp_instance>
    <sys_translated_text action="delete_multiple" query="documentkey=3fa169e3944521107f448479e46a4772"/>
</record_update>
