<?xml version="1.0" encoding="UTF-8"?><record_update table="sp_page">
    <sp_page action="INSERT_OR_UPDATE">
        <category>custom</category>
        <css/>
        <draft>false</draft>
        <dynamic_title_structure/>
        <id>myresources</id>
        <internal>false</internal>
        <omit_watcher>false</omit_watcher>
        <public>true</public>
        <roles>x_58872_ClientPro.clientpro_user,x_58872_ClientPro.clientproject_user,x_58872_ClientPro.employee_data_user,x_58872_ClientPro.employeedata_user,x_58872_ClientPro.employeeprojects_user</roles>
        <seo_script/>
        <short_description/>
        <sys_class_name>sp_page</sys_class_name>
        <sys_created_by>admin</sys_created_by>
        <sys_created_on>2023-02-22 08:03:45</sys_created_on>
        <sys_id>d4819563940521107f448479e46a47fa</sys_id>
        <sys_mod_count>0</sys_mod_count>
        <sys_name>myresources</sys_name>
        <sys_package display_value="ClientPro" source="x_58872_ClientPro">6ead8e780f603200cd674f8ce1050ed1</sys_package>
        <sys_policy/>
        <sys_scope display_value="ClientPro">6ead8e780f603200cd674f8ce1050ed1</sys_scope>
        <sys_update_name>sp_page_d4819563940521107f448479e46a47fa</sys_update_name>
        <sys_updated_by>admin</sys_updated_by>
        <sys_updated_on>2023-02-22 08:03:45</sys_updated_on>
        <title>myresources</title>
        <use_seo_script>false</use_seo_script>
    </sp_page>
    <sys_translated_text action="delete_multiple" query="documentkey=d4819563940521107f448479e46a47fa"/>
</record_update>
