<?xml version="1.0" encoding="UTF-8"?><record_update table="sp_rel_widget_clone">
    <sp_rel_widget_clone action="INSERT_OR_UPDATE">
        <child display_value="MyHeader">459af0a7948121107f448479e46a47db</child>
        <cloned>2023-02-22 06:22:50</cloned>
        <last_validated>2023-02-22 06:22:50</last_validated>
        <parent display_value="Stock Header">bf5ec2f2cb10120000f8d856634c9c0c</parent>
        <payload>&lt;?xml version="1.0" encoding="UTF-8"?&gt;&lt;sp_widget&gt;&lt;category&gt;standard&lt;/category&gt;&lt;client_script&gt;&lt;![CDATA[function ($rootScope, $scope, snRecordWatcher, spUtil, $location, $uibModal, cabrillo, $timeout, $window, i18n) {

	$scope.logoText = i18n.format(i18n.getMessage('Go to {0} Homepage'), $scope.portal.title);
	$scope.collapse = function() {
		$rootScope.$emit('sp-navbar-collapse');
	}

	$scope.avatarProfile = {
		userID: $scope.user.sys_id,
		name: $scope.user.name,
		initials: $window.NOW.user_initials
	};

	if ($window.NOW.user_avatar) {
		$scope.avatarProfile.userImage = $window.NOW.user_avatar;
	}

	if (cabrillo.isNative()) {
		if ($window.innerWidth &lt; 767) {
			$scope.isViewNative = true;
		} else {
			$scope.isViewNativeTablet = true;
		}
	}


	$scope.openPopUp = function() {
		var url = "$chat_support.do?queueID=" + $scope.data.connect_support_queue_id;
		var popup = window.open (url, "popup", "width=900, height=600");
	};

	$scope.openLogin = function () {
		$scope.modalInstance = $uibModal.open({
			templateUrl: 'modalLogin',
			scope: $scope
		});

		var pageRoot = angular.element('.sp-page-root');
		$scope.modalInstance.rendered.then(function() {
			var $uibModalStack = $injector.get('$uibModalStack');
			var modalObj = $uibModalStack.getTop();
			var modal = modalObj.value.modalDomEl;

			modal.attr('aria-label', modal.find('.panel-title').html());
			modal.attr('aria-modal', 'true');
			pageRoot.attr('aria-hidden', 'true');
		});

		$scope.modalInstance.closed.then(function() {
			pageRoot.attr('aria-hidden', 'false');
		});
	};

	var xsScreenSize = isXSScreenSize();
	$scope.showXSAvatar = isXSScreenSize();
	$scope.showAvatar = !isXSScreenSize();

	$scope.isAgentChatConfigured = g_has_agent_chat_config;

	angular.element($window).on('resize', function () {
		if(xsScreenSize !== isXSScreenSize() &amp;&amp; (!$scope.showXSAvatar || !$scope.showAvatar)){
			$scope.showXSAvatar = true;
			$scope.showAvatar = true;
		}
	});


	function isXSScreenSize() {
		return $window.matchMedia('(max-width: 767px)').matches;
	}

	$rootScope.$on('sp.avatar_changed', function(evt, obj) {
		$scope.userID = "";
		$scope.newAvatarId = obj.newAvatarId;
		$timeout(function(){
			$scope.userID = $scope.user.sys_id;
			$("#profile-dropdown .sub-avatar").css("background-image", 'url("' + $scope.newAvatarId + '.iix?t=small")');
		});
	});

	$scope.isHomepage = function() {
		if (!$scope.page.id)
			return true;

		if ($scope.page.id == $scope.portal.homepage_dv)
			return true;

		return false;
	};
}
		]]&gt;&lt;/client_script&gt;&lt;controller_as/&gt;&lt;css&gt;.navbar {
  transition: 250ms opacity ease-in-out;
  -webkit-transition: 250ms opacity ease-in-out;
  border: 0;
  border-bottom: 4px solid $sp-navbar-divider-color;
}

.navbar-fade {
  opacity: 0.4;
}

.navbar-inverse .navbar-toggle {
  border-color: rgba(255, 255, 255, 0.25);
}

header[role="banner"],
.nav &amp;gt; li &amp;gt; a {
  max-height: 60px;
}

@media screen and (max-width: 768px){
  .nav &amp;gt; li &amp;gt; a {
    padding-right: 0.5rem;
    padding-left: 0.5rem;
  }
}

.navbar-brand {
  max-height: 60px;
  padding: 0;
  padding-bottom: 0.5rem;
}

.navbar-brand img, .navbar-brand span {
  margin-left: $sp-logo-margin-x;
  margin-right: $sp-logo-margin-x;
  margin-top: $sp-logo-margin-y;
  margin-bottom: $sp-logo-margin-y;
  display: block;
  max-height: $sp-logo-max-height;
  max-width: $sp-logo-max-width;
  position: relative;
  top: 50%;
  -webkit-transform: translateY(-50%);
  -ms-transform: translateY(-50%);
  transform: translateY(-50%);
  overflow: hidden;
}

@media screen and (max-width: 767px){
  .navbar-brand img, .navbar-brand span {
    max-width: $sp-logo-mobile-max-width;
  }
}

.breadcrumb-container {
  background-color: $panel-bg;
}

/* for mobile app */
.navbar-inverse.is-native {
  background-color: #405060;
}

nav {
  margin-bottom: 0px;
  border-radius: 0px;

 .toggle-dropdown {
    height: 60px;
  }

}

.navbar-right {
  padding-right: 0px;
  padding-left: 7px;
}

.navbar-nav {
margin: 0px;
}

// PRB711244: Dropdown menu is scrollable when too many items
.scrollable-dropdown {
  max-height: 80vh;
  overflow: auto;
  height: auto;
}

.is-native {
 .scrollable-dropdown {
  max-height: 100vh;
  overflow: scroll;
  height: auto;
	}
}


/* PRB923910: Fix for Service Portal - Header Poorly Aligned in Safari */
@media screen and (min-width: 768px) {
  .navbar-right {
    display: flex !important;
    height: auto !important;
  }
}&lt;/css&gt;&lt;data_table&gt;sp_instance&lt;/data_table&gt;&lt;demo_data/&gt;&lt;description/&gt;&lt;docs/&gt;&lt;field_list/&gt;&lt;has_preview&gt;false&lt;/has_preview&gt;&lt;id/&gt;&lt;internal&gt;false&lt;/internal&gt;&lt;link&gt;&lt;![CDATA[function(scope, element) {
	var prevFocusIndex = -1;// This is used for prev focus of nav-bar(avatar) drop down items when its visible.
	$(document).keyup(function(event) {
		if (event.which == 9 || event.which == 37 || event.which == 39) { //tab key handler + arrow keys
			if ($(event.target).parents(".dropdown-menu").length == 0) { //if we are NOT inside a dropdown...
				//close the dropdowns
				$(".dropdown").removeClass("open");
				$("[data-toggle='dropdown']").attr("aria-expanded", "false");
				prevFocusIndex = -1;
			}
		} else if(event.which == 38 || event.which == 40) {
			var parent = $(event.target).parents('.dropdown-menu');
			
			// To support custom drop downs like cart and wish list.
			if (parent.hasClass('custom-drop-down')) return;
			
			if (parent.length) {
				var items = $(parent).find('li a, li button');
				if (!items.length)
					return;

				var index = items.index(items.filter(':focus'));
				if(index == -1) return;
				
				if (prevFocusIndex == index) {
					if (index == 0)
						index = items.length - 1;
					else if (index == items.length - 1)
						index = 0;
						
						items[index].focus();
				} else if (event.which == 38 &amp;&amp; index == 0 &amp;&amp; prevFocusIndex == -1) { // to handle newly opened dropdown on keyup
					index = items.length - 1;
					items[index].focus();
				}
				prevFocusIndex = index;
			
			} else {
				// Upon down/up arrow key event from the menu target element,
        // focus the first/last menu item to be consistent with click behavior and conform to standard menubar pattern below
				// https://www.w3.org/TR/wai-aria-practices/examples/menubar/menubar-1/menubar-1.html
				if ($(event.target).is('[data-toggle="dropdown"]')) {
					var parent = $(event.target).parent().find('.dropdown-menu');
					
					// To support custom drop downs like cart and wish list.
					if (parent.hasClass('custom-drop-down')) return;
					
					var items = $(parent).find('li a, li button');
					if (!items.length) return;
					
					var index = -1;
					if(event.which == 40) //down
						index = 0;
					else if(event.which == 38) //up
						index = items.length &gt; 0 ? items.length-1 : 0;
					
					items[index].focus();
					prevFocusIndex = index;
					
				}		
			}
		}
		// on esc/close of the menu, reset the index
		if(event.which == 27)
			prevFocusIndex = -1;
		
		if (event.which == 13 || event.which == 32)
			$(event.target).parent(".dropdown.open").find("ul.dropdown-menu li:first-child a").focus();
	});

	$(element).on('click.nav','.navbar-collapse.in',function(e) {
		var target = $(e.target);
		if (target.is('a')) {
			if (target.hasClass('sp-menu-has-items'))
				return; // menu item has a submenu, so just toggle it

			// collapse mobile nav if clicked an anchor
			$(this).removeClass('in').addClass('collapse');
			return;
		}

		if (target.parent().hasClass("toggle-dropdown")) {
			// collapse mobile nav if parent has toggle-dropdown class
			$(this).removeClass('in').addClass('collapse');
			return;
		}

		// if neither target nor parent is an anchor, do nothing
		if (!target.parent().is('a'))
			return;

		// collapse mobile nav if target is part of a submenu
		if (target.parents("ul.dropdown-menu").length &gt; 0)
			$(this).removeClass('in').addClass('collapse');
	});
}]]&gt;&lt;/link&gt;&lt;name&gt;Stock Header&lt;/name&gt;&lt;option_schema/&gt;&lt;public&gt;true&lt;/public&gt;&lt;roles/&gt;&lt;script&gt;&lt;![CDATA[// Defines the support queue ID that will be linked to by the Live Chat link in header
data.connect_support_queue_id = $sp.getValue('sp_chat_queue');
data.login_page = $sp.getValue('login_page');
data.profileBtnMsg = gs.getMessage("User options");
var menu = $sp.getValue("sp_rectangle_menu");
data.menu = $sp.getWidgetFromInstance(menu);
if (data.menu &amp;&amp; data.menu.data) {
	data.menu.data.replace = true;
	// Hide login if menu already has link to login
	data.hasLogin = false;
	if (data.menu.data.menu.items) {
		data.hasMenuItems = data.menu.data.menu.items.length &gt; 0;
		for(var i in data.menu.data.menu.items) {
			var item = data.menu.data.menu.items[i];
			if (item.type == 'page' &amp;&amp; item.sp_page == data.login_page)
				data.hasLogin = true;
		}
	}
}

data.loginWidget = $sp.getWidgetFromInstance('login-modal');]]&gt;&lt;/script&gt;&lt;servicenow&gt;true&lt;/servicenow&gt;&lt;sys_class_name&gt;sp_header_footer&lt;/sys_class_name&gt;&lt;sys_created_by&gt;admin&lt;/sys_created_by&gt;&lt;sys_created_on&gt;2015-12-16 23:21:34&lt;/sys_created_on&gt;&lt;sys_id&gt;bf5ec2f2cb10120000f8d856634c9c0c&lt;/sys_id&gt;&lt;sys_mod_count&gt;697&lt;/sys_mod_count&gt;&lt;sys_name&gt;Stock Header&lt;/sys_name&gt;&lt;sys_package display_value="Service Portal - Core" source="com.glide.service-portal"&gt;4c8be4ef559201107f44d7f62dcafe44&lt;/sys_package&gt;&lt;sys_policy/&gt;&lt;sys_scope display_value="Global"&gt;global&lt;/sys_scope&gt;&lt;sys_update_name&gt;sp_header_footer_bf5ec2f2cb10120000f8d856634c9c0c&lt;/sys_update_name&gt;&lt;sys_updated_by&gt;admin&lt;/sys_updated_by&gt;&lt;sys_updated_on&gt;2021-06-09 10:08:50&lt;/sys_updated_on&gt;&lt;template&gt;&lt;![CDATA[&lt;div&gt;
  &lt;nav class="navbar-inverse" ng-class="::{'navbar':!isViewNative, 'is-native': isViewNative}"
       role="navigation" aria-label="${Primary}"&gt;
    &lt;div ng-show="::!isViewNative" class="navbar-header"&gt;
&lt;a class="navbar-brand" ng-if="::!portal.logo" href="?id={{::portal.homepage_dv}}"&gt;&lt;span ng-bind="portal.title"&gt;&lt;/span&gt;&lt;/a&gt;
      &lt;a class="navbar-brand navbar-brand-logo" ng-if="::portal.logo" ng-href="?id={{::portal.homepage_dv}}" ng-click="collapse()" aria-label="{{::logoText}}"&gt;
        &lt;img ng-src="{{::portal.logo}}" title="{{::portal.title}}" role="presentation" alt="{{::portal.title}} ${Logo}" /&gt;
      &lt;/a&gt;
      &lt;button ng-if="data.hasMenuItems || (!user.logged_in &amp;&amp; page.id != portal.login_page_dv &amp;&amp; !data.hasLogin) || user.logged_in" type="button" class="navbar-toggle collapsed" data-toggle="collapse" data-target="#sp-nav-bar" aria-haspopup="menu"&gt;
        &lt;span class="sr-only"&gt;${Toggle navigation}&lt;/span&gt;
        &lt;span class="icon-bar"&gt;&lt;/span&gt;
        &lt;span class="icon-bar"&gt;&lt;/span&gt;
        &lt;span class="icon-bar"&gt;&lt;/span&gt;
      &lt;/button&gt;
    &lt;/div&gt;

    &lt;div sp-navbar-toggle="" class="collapse navbar-right" id="sp-nav-bar"&gt;
      &lt;!-- Include The Menu --&gt;
      &lt;sp-widget widget="::data.menu"&gt;&lt;/sp-widget&gt;
      &lt;ul ng-if="(!user.logged_in &amp;&amp; page.id != portal.login_page_dv &amp;&amp; !data.hasLogin)" class="nav navbar-nav" role="presentation"&gt;
        &lt;li role="presentation"&gt;&lt;a href ng-click="::openLogin()"&gt;${Login}&lt;/a&gt;&lt;/li&gt;
      &lt;/ul&gt;
      &lt;ul ng-if="user.logged_in" class="nav navbar-nav" role="menubar"&gt;
        &lt;!-- chat, avatar, and logout --&gt;
        &lt;li ng-if="::(data.connect_support_queue_id &amp;&amp; !isAgentChatConfigured)" role="presentation"&gt;&lt;a href ng-click="openPopUp()" role="menuitem"&gt;${Live Chat}&lt;/a&gt;&lt;/li&gt;
        &lt;li ng-if="showAvatar" class="hidden-xs dropdown" role="presentation"&gt;
          &lt;a href class="toggle-dropdown" data-toggle="dropdown" aria-expanded="false" aria-label="{{::data.profileBtnMsg}}: {{::user.name}}" id="profile-dropdown"  role="menuitem" aria-haspopup="true"&gt;
            &lt;span class="navbar-avatar" aria-hidden="true"&gt;&lt;sn-avatar class="avatar-small-medium" primary="avatarProfile" /&gt;&lt;/span&gt;
            &lt;span class="visible-lg-inline"&gt;{{::user.name}}&lt;/span&gt;
          &lt;/a&gt;
          &lt;ul class="dropdown-menu" role="menu" aria-label="{{::data.profileBtnMsg}}"&gt;
            &lt;li role="presentation"&gt;&lt;a tabindex="-1" ng-href="?id=user_profile&amp;sys_id={{::user.sys_id}}" role="menuitem"&gt;${Profile}&lt;/a&gt;&lt;/li&gt;
            &lt;li ng-if="::!(isViewNative || isViewNativeTablet)" role="presentation"&gt;&lt;a tabindex="-1" href="{{::portal.logoutUrl}}" role="menuitem"&gt;${Logout}&lt;/a&gt;&lt;/li&gt;
          &lt;/ul&gt;
        &lt;/li&gt;
        &lt;li ng-if="showXSAvatar" class="visible-xs-block" role="presentation"&gt;&lt;a role="menuitem" ng-href="?id=user_profile&amp;sys_id={{::user.sys_id}}" ng-click="collapse()"&gt;
          &lt;span class="navbar-avatar"&gt;&lt;sn-avatar class="avatar-small-medium" primary="avatarProfile" /&gt;&lt;/span&gt;{{::user.name}}&lt;/a&gt;
        &lt;/li&gt;
        &lt;li ng-if="::!(isViewNative || isViewNativeTablet)" class="visible-xs-block" role="presentation"&gt;&lt;a role="menuitem" ng-href="{{::portal.logoutUrl}}" ng-click="collapse()"&gt;${Logout}&lt;/a&gt;&lt;/li&gt;
      &lt;/ul&gt;
    &lt;/div&gt;
  &lt;/nav&gt;
&lt;/div&gt;]]&gt;&lt;/template&gt;&lt;/sp_widget&gt;</payload>
        <sys_class_name>sp_rel_widget_clone</sys_class_name>
        <sys_created_by>admin</sys_created_by>
        <sys_created_on>2023-02-22 06:22:50</sys_created_on>
        <sys_id>099a78e7948121107f448479e46a478a</sys_id>
        <sys_mod_count>0</sys_mod_count>
        <sys_name>459af0a7948121107f448479e46a47db</sys_name>
        <sys_package display_value="ClientPro" source="x_58872_ClientPro">6ead8e780f603200cd674f8ce1050ed1</sys_package>
        <sys_policy/>
        <sys_scope display_value="ClientPro">6ead8e780f603200cd674f8ce1050ed1</sys_scope>
        <sys_update_name>sp_rel_widget_clone_099a78e7948121107f448479e46a478a</sys_update_name>
        <sys_updated_by>admin</sys_updated_by>
        <sys_updated_on>2023-02-22 06:22:50</sys_updated_on>
    </sp_rel_widget_clone>
</record_update>
