<?xml version="1.0" encoding="UTF-8"?><record_update table="sp_rectangle_menu_item">
    <sp_rectangle_menu_item action="INSERT_OR_UPDATE">
        <active>true</active>
        <color>default</color>
        <condition/>
        <display_1/>
        <display_2/>
        <display_date/>
        <filter/>
        <glyph/>
        <hint/>
        <kb_article/>
        <kb_category/>
        <kb_topic/>
        <label>Resources</label>
        <order>100</order>
        <record_script/>
        <sc_cat_item/>
        <sc_category/>
        <short_description/>
        <sp_page display_value="myresources">d4819563940521107f448479e46a47fa</sp_page>
        <sp_rectangle_menu display_value="Mymenu">9579012b94c121107f448479e46a473a</sp_rectangle_menu>
        <sp_rectangle_menu_item/>
        <sys_class_name>sp_rectangle_menu_item</sys_class_name>
        <sys_created_by>admin</sys_created_by>
        <sys_created_on>2023-02-22 08:08:13</sys_created_on>
        <sys_id>1d8299e3940521107f448479e46a4716</sys_id>
        <sys_mod_count>0</sys_mod_count>
        <sys_name>Resources</sys_name>
        <sys_package display_value="ClientPro" source="x_58872_ClientPro">6ead8e780f603200cd674f8ce1050ed1</sys_package>
        <sys_policy/>
        <sys_scope display_value="ClientPro">6ead8e780f603200cd674f8ce1050ed1</sys_scope>
        <sys_update_name>sp_rectangle_menu_item_1d8299e3940521107f448479e46a4716</sys_update_name>
        <sys_updated_by>admin</sys_updated_by>
        <sys_updated_on>2023-02-22 08:08:13</sys_updated_on>
        <table/>
        <type>page</type>
        <url/>
        <url_target/>
    </sp_rectangle_menu_item>
    <sys_translated_text action="delete_multiple" query="documentkey=1d8299e3940521107f448479e46a4716"/>
</record_update>
