<?xml version="1.0" encoding="UTF-8"?><record_update sys_domain="global" table="sys_hub_flow">
    <sys_hub_flow action="INSERT_OR_UPDATE">
        <access>public</access>
        <acls/>
        <active>true</active>
        <annotation/>
        <callable_by_client_api>false</callable_by_client_api>
        <category/>
        <compiler_build>glide-sandiego-12-22-2021__patch1-03-02-2022_03-17-2022_1811.zip</compiler_build>
        <copied_from/>
        <copied_from_name/>
        <description/>
        <internal_name>requeststatusworkflow</internal_name>
        <label_cache>[{"name":"Updated_1.current.state","label":"Trigger - Record Updated➛ClientResource Record➛State","reference":"","reference_display":"State","type":"choice","base_type":"choice","parent_table_name":"x_58872_ClientPro_x_58872_clientpro_x_58872_clientpro_x_58872_clientpro_clientpr","column_name":"state","choices":[{"value":"13","parameters":{"name":"x_58872_ClientPro_x_58872_clientpro_x_58872_clientpro_x_58872_clientpro_clientpr"},"reference":false,"image":"","rawLabel":"Requested","label":"Requested","selected":false,"missing":false,"used":false},{"value":"14","parameters":{"name":"x_58872_ClientPro_x_58872_clientpro_x_58872_clientpro_x_58872_clientpro_clientpr"},"reference":false,"image":"","rawLabel":"Awaiting Approval","label":"Awaiting Approval","selected":false,"missing":false,"used":false},{"value":"15","parameters":{"name":"x_58872_ClientPro_x_58872_clientpro_x_58872_clientpro_x_58872_clientpro_clientpr"},"reference":false,"image":"","rawLabel":"Approved","label":"Approved","selected":false,"missing":false,"used":false},{"value":"3","parameters":{"name":"x_58872_ClientPro_x_58872_clientpro_x_58872_clientpro_x_58872_clientpro_clientpr"},"reference":false,"image":"","rawLabel":"Closed Complete","label":"Closed Complete","selected":false,"missing":false,"used":false},{"value":"8","parameters":{"name":"x_58872_ClientPro_x_58872_clientpro_x_58872_clientpro_x_58872_clientpro_clientpr"},"reference":false,"image":"","rawLabel":"Withdrawn","label":"Withdrawn","selected":false,"missing":false,"used":false},{"value":"12","parameters":{"name":"x_58872_ClientPro_x_58872_clientpro_x_58872_clientpro_x_58872_clientpro_clientpr"},"reference":false,"image":"","rawLabel":"Rejected","label":"Rejected","selected":false,"missing":false,"used":false}]},{"name":"Updated_1.current.u_what_needed","label":"Trigger - Record Updated➛ClientResource Record➛What needed","reference":"","reference_display":"What needed","type":"choice","base_type":"choice","parent_table_name":"x_58872_ClientPro_x_58872_clientpro_x_58872_clientpro_x_58872_clientpro_clientpr","column_name":"u_what_needed","choices":[{"value":"hr1","parameters":{"name":"x_58872_ClientPro_x_58872_clientpro_x_58872_clientpro_x_58872_clientpro_clientpr"},"reference":false,"image":"","rawLabel":"Human Resources 1","label":"Human Resources 1","selected":false,"missing":false,"used":false},{"value":"hr2","parameters":{"name":"x_58872_ClientPro_x_58872_clientpro_x_58872_clientpro_x_58872_clientpro_clientpr"},"reference":false,"image":"","rawLabel":"Human Resources 2","label":"Human Resources 2","selected":false,"missing":false,"used":false},{"value":"facilities 1","parameters":{"name":"x_58872_ClientPro_x_58872_clientpro_x_58872_clientpro_x_58872_clientpro_clientpr"},"reference":false,"image":"","rawLabel":"Facilities 1","label":"Facilities 1","selected":false,"missing":false,"used":false},{"value":"facilities 2","parameters":{"name":"x_58872_ClientPro_x_58872_clientpro_x_58872_clientpro_x_58872_clientpro_clientpr"},"reference":false,"image":"","rawLabel":"Facilities 2","label":"Facilities 2","selected":false,"missing":false,"used":false},{"value":"legal 1","parameters":{"name":"x_58872_ClientPro_x_58872_clientpro_x_58872_clientpro_x_58872_clientpro_clientpr"},"reference":false,"image":"","rawLabel":"Legal 1","label":"Legal 1","selected":false,"missing":false,"used":false},{"value":"legal 2","parameters":{"name":"x_58872_ClientPro_x_58872_clientpro_x_58872_clientpro_x_58872_clientpro_clientpr"},"reference":false,"image":"","rawLabel":"Legal 2","label":"Legal 2","selected":false,"missing":false,"used":false},{"value":"training 1","parameters":{"name":"x_58872_ClientPro_x_58872_clientpro_x_58872_clientpro_x_58872_clientpro_clientpr"},"reference":false,"image":"","rawLabel":"Training 1","label":"Training 1","selected":false,"missing":false,"used":false},{"value":"training 2","parameters":{"name":"x_58872_ClientPro_x_58872_clientpro_x_58872_clientpro_x_58872_clientpro_clientpr"},"reference":false,"image":"","rawLabel":"Training 2","label":"Training 2","selected":false,"missing":false,"used":false}]},{"name":"Updated_1.current.u_requested_for.u_string_4","label":"Trigger - Record Updated➛ClientResource Record➛Requested by➛Email","reference":"","reference_display":"Email","type":"string","base_type":"string","parent_table_name":"x_58872_ClientPro_x_58872_clientpro_x_58872_clientpro_x_58872_clientpro_data_emp","column_name":"u_string_4"},{"name":"94dbbd9a-e847-4485-9c95-dccc6f57a0e6.__dont_treat_as_error__","label":"1 - Send Email➛Don\u0027t Treat as Error","reference_display":"Don\u0027t Treat as Error","type":"boolean","base_type":"boolean","attributes":{"uiType":"boolean","visible_in_ui":"false","action_error_output":"true","element_mapping_provider":"com.glide.flow_design.action.data.FlowDesignVariableMapper"}},{"name":"94dbbd9a-e847-4485-9c95-dccc6f57a0e6.__action_status__","label":"1 - Send Email➛Action Status","reference_display":"Action Status","type":"object","base_type":"object","attributes":{"uiType":"object","co_type_name":"FDACTIONSTATUS","action_error_output":"true","element_mapping_provider":"com.glide.flow_design.action.data.FlowDesignVariableMapper"}},{"name":"94dbbd9a-e847-4485-9c95-dccc6f57a0e6.email","label":"1 - Send Email➛email","reference":"sys_email","reference_display":"email","type":"reference","base_type":"reference","attributes":{"element_mapping_provider":"com.glide.flow_design.action.data.FlowDesignVariableMapper"}},{"name":"148aa78c-0a77-4d5f-b28c-2203e5a16a94.record","label":"2 - Update Record➛Record","reference_display":"Record","type":"document_id","base_type":"document_id","attributes":{"element_mapping_provider":"com.glide.flow_design.action.data.FlowDesignVariableMapper"}},{"name":"148aa78c-0a77-4d5f-b28c-2203e5a16a94.table_name","label":"2 - Update Record➛Table","reference_display":"Table","type":"table_name","base_type":"table_name","attributes":{"element_mapping_provider":"com.glide.flow_design.action.data.FlowDesignVariableMapper"}},{"name":"148aa78c-0a77-4d5f-b28c-2203e5a16a94.__action_status__","label":"2 - Update Record➛Action Status","reference_display":"Action Status","type":"object","base_type":"object","attributes":{"co_type_name":"FDACTIONSTATUS","element_mapping_provider":"com.glide.flow_design.action.data.FlowDesignVariableMapper","uiType":"object","action_error_output":"true"}},{"name":"148aa78c-0a77-4d5f-b28c-2203e5a16a94.__dont_treat_as_error__","label":"2 - Update Record➛Don\u0027t Treat as Error","reference_display":"Don\u0027t Treat as Error","type":"boolean","base_type":"boolean","attributes":{"element_mapping_provider":"com.glide.flow_design.action.data.FlowDesignVariableMapper","uiType":"boolean","visible_in_ui":"false","action_error_output":"true"}},{"name":"Updated_1.current","label":"Trigger - Record Updated➛ClientResource Record","reference":"x_58872_ClientPro_x_58872_clientpro_x_58872_clientpro_x_58872_clientpro_clientpr","reference_display":"ClientResource","type":"reference","base_type":"reference","attributes":{}}]</label_cache>
        <master_snapshot>54ecd82b940121107f448479e46a47f8</master_snapshot>
        <name>RequestStatusWorkflow</name>
        <natlang/>
        <outputs/>
        <remote_trigger_id>e0ec1c2b940121107f448479e46a474b</remote_trigger_id>
        <run_as>system</run_as>
        <run_with_roles/>
        <sc_callable>false</sc_callable>
        <show_draft_actions>false</show_draft_actions>
        <show_triggered_flows>false</show_triggered_flows>
        <status>draft</status>
        <sys_class_name>sys_hub_flow</sys_class_name>
        <sys_created_by>admin</sys_created_by>
        <sys_created_on>2023-02-22 04:06:26</sys_created_on>
        <sys_domain>global</sys_domain>
        <sys_domain_path>/</sys_domain_path>
        <sys_id>3a5b5867940121107f448479e46a47d3</sys_id>
        <sys_mod_count>3</sys_mod_count>
        <sys_name>RequestStatusWorkflow</sys_name>
        <sys_overrides/>
        <sys_package display_value="ClientPro" source="x_58872_ClientPro">6ead8e780f603200cd674f8ce1050ed1</sys_package>
        <sys_policy/>
        <sys_scope display_value="ClientPro">6ead8e780f603200cd674f8ce1050ed1</sys_scope>
        <sys_update_name>sys_hub_flow_3a5b5867940121107f448479e46a47d3</sys_update_name>
        <sys_updated_by>admin</sys_updated_by>
        <sys_updated_on>2023-02-22 04:21:46</sys_updated_on>
        <type>flow</type>
    </sys_hub_flow>
    <sys_translated_text action="delete_multiple" query="documentkey=3a5b5867940121107f448479e46a47d3"/>
    <sys_variable_value action="delete_multiple" query="document_key=3a5b5867940121107f448479e46a47d3"/>
    <sys_flow_record_trigger action="INSERT_OR_UPDATE">
        <active>true</active>
        <condition table="x_58872_ClientPro_x_58872_clientpro_x_58872_clientpro_x_58872_clientpro_clientpr">state=15^ORstate=12<item display_value="Approved" endquery="false" field="state" goto="false" newquery="false" operator="=" or="false" value="15"/>
            <item display_value="Rejected" endquery="false" field="state" goto="false" newquery="false" operator="=" or="true" value="12"/>
        </condition>
        <name/>
        <on_delete>false</on_delete>
        <on_insert>false</on_insert>
        <on_update>true</on_update>
        <run_flow_in>background</run_flow_in>
        <run_on_extended>false</run_on_extended>
        <run_when_setting>both</run_when_setting>
        <run_when_user_list/>
        <run_when_user_setting>any</run_when_user_setting>
        <sys_class_name>sys_flow_record_trigger</sys_class_name>
        <sys_created_by>admin</sys_created_by>
        <sys_created_on>2023-02-22 04:13:05</sys_created_on>
        <sys_domain>global</sys_domain>
        <sys_domain_path>/</sys_domain_path>
        <sys_id>e0ec1c2b940121107f448479e46a474b</sys_id>
        <sys_mod_count>0</sys_mod_count>
        <sys_overrides/>
        <sys_scope display_value="ClientPro">6ead8e780f603200cd674f8ce1050ed1</sys_scope>
        <sys_updated_by>admin</sys_updated_by>
        <sys_updated_on>2023-02-22 04:13:05</sys_updated_on>
        <table>x_58872_ClientPro_x_58872_clientpro_x_58872_clientpro_x_58872_clientpro_clientpr</table>
    </sys_flow_record_trigger>
    <sys_trigger_runner_mapping action="INSERT_OR_UPDATE">
        <active>true</active>
        <data>{"table":"sys_trigger_runner_mapping","id":"ecec1c2b940121107f448479e46a474b","name":"trigger_runner","type":"java.util.Collections$UnmodifiableMap"}</data>
        <identifier>3a5b5867940121107f448479e46a47d3</identifier>
        <runner>FDTriggerRunner</runner>
        <sys_created_by>admin</sys_created_by>
        <sys_created_on>2023-02-22 04:13:05</sys_created_on>
        <sys_id>ecec1c2b940121107f448479e46a474b</sys_id>
        <sys_mod_count>1</sys_mod_count>
        <sys_updated_by>admin</sys_updated_by>
        <sys_updated_on>2023-02-22 04:13:05</sys_updated_on>
        <trigger display_value="">e0ec1c2b940121107f448479e46a474b</trigger>
    </sys_trigger_runner_mapping>
    <sys_json_chunk action="INSERT_OR_UPDATE">
        <data>H4sIAAAAAAAAAGXLWwqAIBBA0b3MdytwKxGD5fggGUFHLKK99yAo6Pce7ga5MtqYGgYGBaOeZpdTZQPdTc0TYy2UMYYioPrh0wuJBHbXl8T/jpc1r48mRlqE2JA5u9WxEOwH5v2lw4YAAAA=</data>
        <document_id>ecec1c2b940121107f448479e46a474b</document_id>
        <field>trigger_runner</field>
        <length>144</length>
        <position>0</position>
        <source_table>sys_trigger_runner_mapping</source_table>
        <sys_created_by>admin</sys_created_by>
        <sys_created_on>2023-02-22 04:13:05</sys_created_on>
        <sys_id>e0ec1c2b940121107f448479e46a474d</sys_id>
    </sys_json_chunk>
    <sys_trigger_runner_mapping action="delete_multiple" query="identifier=3a5b5867940121107f448479e46a47d3^sys_idNOT INecec1c2b940121107f448479e46a474b"/>
    <sys_hub_trigger_instance action="delete_multiple" query="flow=3a5b5867940121107f448479e46a47d3^sys_idNOT IN44ecd82b940121107f448479e46a47a3"/>
    <sys_hub_trigger_instance action="INSERT_OR_UPDATE">
        <comment/>
        <display_text/>
        <flow display_value="RequestStatusWorkflow">3a5b5867940121107f448479e46a47d3</flow>
        <name>Updated</name>
        <remote_sys_id/>
        <sys_created_by>admin</sys_created_by>
        <sys_created_on>2023-02-22 04:13:03</sys_created_on>
        <sys_id>44ecd82b940121107f448479e46a47a3</sys_id>
        <sys_mod_count>3</sys_mod_count>
        <sys_scope/>
        <sys_updated_by>admin</sys_updated_by>
        <sys_updated_on>2023-02-22 04:21:46</sys_updated_on>
        <trigger_definition display_value="Updated">bb695e60c31322002841b63b12d3aea5</trigger_definition>
        <trigger_inputs/>
        <trigger_outputs/>
        <trigger_type>record_update</trigger_type>
    </sys_hub_trigger_instance>
    <sys_variable_value action="delete_multiple" query="document_key=44ecd82b940121107f448479e46a47a3"/>
    <sys_variable_value action="INSERT_OR_UPDATE">
        <document>sys_hub_trigger_instance</document>
        <document_key>44ecd82b940121107f448479e46a47a3</document_key>
        <order>100</order>
        <sys_class_name>sys_variable_value</sys_class_name>
        <sys_created_by>admin</sys_created_by>
        <sys_created_on>2023-02-22 04:13:03</sys_created_on>
        <sys_id>08ecd82b940121107f448479e46a47a4</sys_id>
        <sys_mod_count>0</sys_mod_count>
        <sys_updated_by>admin</sys_updated_by>
        <sys_updated_on>2023-02-22 04:13:03</sys_updated_on>
        <value>state=15^ORstate=12</value>
        <variable display_value="Condition">bb9adea0c31322002841b63b12d3ae67</variable>
    </sys_variable_value>
    <sys_variable_value action="INSERT_OR_UPDATE">
        <document>sys_hub_trigger_instance</document>
        <document_key>44ecd82b940121107f448479e46a47a3</document_key>
        <order>1</order>
        <sys_class_name>sys_variable_value</sys_class_name>
        <sys_created_by>admin</sys_created_by>
        <sys_created_on>2023-02-22 04:13:03</sys_created_on>
        <sys_id>80ecd82b940121107f448479e46a47a5</sys_id>
        <sys_mod_count>0</sys_mod_count>
        <sys_updated_by>admin</sys_updated_by>
        <sys_updated_on>2023-02-22 04:13:03</sys_updated_on>
        <value>x_58872_ClientPro_x_58872_clientpro_x_58872_clientpro_x_58872_clientpro_clientpr</value>
        <variable display_value="Table">1dda12e0c31322002841b63b12d3aea8</variable>
    </sys_variable_value>
    <sys_element_mapping action="delete_multiple" query="table=var__m_sys_hub_trigger_output_bb695e60c31322002841b63b12d3aea5^id=44ecd82b940121107f448479e46a47a3"/>
    <sys_hub_flow_stage action="delete_multiple" query="flow=3a5b5867940121107f448479e46a47d3"/>
    <sys_flow_cat_variable_model action="delete_multiple" query="id=3a5b5867940121107f448479e46a47d3^sys_idNOT INf25b14e7940121107f448479e46a47a7"/>
    <sys_flow_cat_variable_model action="INSERT_OR_UPDATE">
        <id>3a5b5867940121107f448479e46a47d3</id>
        <name>RequestStatusWorkflow</name>
        <sys_created_by>admin</sys_created_by>
        <sys_created_on>2023-02-22 04:06:26</sys_created_on>
        <sys_id>f25b14e7940121107f448479e46a47a7</sys_id>
        <sys_mod_count>0</sys_mod_count>
        <sys_scope/>
        <sys_updated_by>admin</sys_updated_by>
        <sys_updated_on>2023-02-22 04:06:26</sys_updated_on>
    </sys_flow_cat_variable_model>
    <sys_flow_cat_variable action="delete_multiple" query="flow_catalog_model=f25b14e7940121107f448479e46a47a7"/>
    <sys_hub_flow_input action="delete_multiple" query="model=3a5b5867940121107f448479e46a47d3^sys_idNOT IN73dcd82b940121107f448479e46a4792,73dcd82b940121107f448479e46a479e,b7dcd82b940121107f448479e46a479a"/>
    <sys_hub_flow_input action="INSERT_OR_UPDATE">
        <active>true</active>
        <array>false</array>
        <array_denormalized>false</array_denormalized>
        <attributes>element_mapping_provider=com.glide.flow_design.action.data.FlowDesignVariableMapper,uiType=document_id,uiTypeLabel=Document ID</attributes>
        <audit>false</audit>
        <calculation><![CDATA[(function calculatedFieldValue(current) {

	// Add your code here
	return '';  // return the calculated value

})(current);]]></calculation>
        <choice/>
        <choice_field/>
        <choice_table/>
        <column_label/>
        <comments/>
        <create_roles/>
        <default_value/>
        <defaultsort/>
        <delete_roles/>
        <dependent>table_name</dependent>
        <dependent_on_field>table_name</dependent_on_field>
        <display>false</display>
        <dynamic_creation>false</dynamic_creation>
        <dynamic_creation_script/>
        <dynamic_default_value/>
        <dynamic_ref_qual/>
        <element>current</element>
        <element_reference>false</element_reference>
        <foreign_database/>
        <function_definition/>
        <function_field>false</function_field>
        <help/>
        <hint/>
        <internal_type display_value="">document_id</internal_type>
        <label>Record</label>
        <mandatory>true</mandatory>
        <max_length>200</max_length>
        <model display_value="RequestStatusWorkflow">3a5b5867940121107f448479e46a47d3</model>
        <model_id>3a5b5867940121107f448479e46a47d3</model_id>
        <model_table>sys_hub_flow</model_table>
        <name>var__m_sys_hub_flow_input_3a5b5867940121107f448479e46a47d3</name>
        <next_element/>
        <order>100</order>
        <primary>false</primary>
        <read_only>false</read_only>
        <read_roles/>
        <reference/>
        <reference_cascade_rule/>
        <reference_floats>false</reference_floats>
        <reference_key/>
        <reference_qual/>
        <reference_qual_condition/>
        <reference_type/>
        <sizeclass/>
        <spell_check>false</spell_check>
        <staged>false</staged>
        <sys_class_name>sys_hub_flow_input</sys_class_name>
        <sys_created_by>admin</sys_created_by>
        <sys_created_on>2023-02-22 04:13:03</sys_created_on>
        <sys_id>73dcd82b940121107f448479e46a4792</sys_id>
        <sys_mod_count>2</sys_mod_count>
        <sys_name/>
        <sys_package/>
        <sys_policy/>
        <sys_scope display_value="ClientPro">6ead8e780f603200cd674f8ce1050ed1</sys_scope>
        <sys_update_name/>
        <sys_updated_by>admin</sys_updated_by>
        <sys_updated_on>2023-02-22 04:21:46</sys_updated_on>
        <table_reference>false</table_reference>
        <text_index>false</text_index>
        <unique>false</unique>
        <use_dependent_field>true</use_dependent_field>
        <use_dynamic_default>false</use_dynamic_default>
        <use_reference_qualifier>simple</use_reference_qualifier>
        <virtual>false</virtual>
        <widget/>
        <write_roles/>
        <xml_view>false</xml_view>
    </sys_hub_flow_input>
    <sys_hub_flow_input action="INSERT_OR_UPDATE">
        <active>true</active>
        <array>false</array>
        <array_denormalized>false</array_denormalized>
        <attributes>element_mapping_provider=com.glide.flow_design.action.data.FlowDesignVariableMapper,test_input_hidden=true,uiType=table_name,uiTypeLabel=Table Name</attributes>
        <audit>false</audit>
        <calculation><![CDATA[(function calculatedFieldValue(current) {

	// Add your code here
	return '';  // return the calculated value

})(current);]]></calculation>
        <choice/>
        <choice_field/>
        <choice_table/>
        <column_label/>
        <comments/>
        <create_roles/>
        <default_value/>
        <defaultsort/>
        <delete_roles/>
        <dependent/>
        <dependent_on_field/>
        <display>false</display>
        <dynamic_creation>false</dynamic_creation>
        <dynamic_creation_script/>
        <dynamic_default_value/>
        <dynamic_ref_qual/>
        <element>table_name</element>
        <element_reference>false</element_reference>
        <foreign_database/>
        <function_definition/>
        <function_field>false</function_field>
        <help/>
        <hint/>
        <internal_type display_value="">table_name</internal_type>
        <label>Table Name</label>
        <mandatory>false</mandatory>
        <max_length>200</max_length>
        <model display_value="RequestStatusWorkflow">3a5b5867940121107f448479e46a47d3</model>
        <model_id>3a5b5867940121107f448479e46a47d3</model_id>
        <model_table>sys_hub_flow</model_table>
        <name>var__m_sys_hub_flow_input_3a5b5867940121107f448479e46a47d3</name>
        <next_element/>
        <order>101</order>
        <primary>false</primary>
        <read_only>false</read_only>
        <read_roles/>
        <reference/>
        <reference_cascade_rule/>
        <reference_floats>false</reference_floats>
        <reference_key/>
        <reference_qual/>
        <reference_qual_condition/>
        <reference_type/>
        <sizeclass/>
        <spell_check>false</spell_check>
        <staged>false</staged>
        <sys_class_name>sys_hub_flow_input</sys_class_name>
        <sys_created_by>admin</sys_created_by>
        <sys_created_on>2023-02-22 04:13:03</sys_created_on>
        <sys_id>73dcd82b940121107f448479e46a479e</sys_id>
        <sys_mod_count>2</sys_mod_count>
        <sys_name/>
        <sys_package/>
        <sys_policy/>
        <sys_scope display_value="ClientPro">6ead8e780f603200cd674f8ce1050ed1</sys_scope>
        <sys_update_name/>
        <sys_updated_by>admin</sys_updated_by>
        <sys_updated_on>2023-02-22 04:21:46</sys_updated_on>
        <table_reference>false</table_reference>
        <text_index>false</text_index>
        <unique>false</unique>
        <use_dependent_field>false</use_dependent_field>
        <use_dynamic_default>false</use_dynamic_default>
        <use_reference_qualifier>simple</use_reference_qualifier>
        <virtual>false</virtual>
        <widget/>
        <write_roles/>
        <xml_view>false</xml_view>
    </sys_hub_flow_input>
    <sys_hub_flow_input action="INSERT_OR_UPDATE">
        <active>true</active>
        <array>false</array>
        <array_denormalized>false</array_denormalized>
        <attributes>child_label=FDChangeDetails,child_name=FDChangeDetails,child_type=object,child_type_label=Object,co_type_name=FDa3de1cab41012110049c28f922ebfd2b,element_mapping_provider=com.glide.flow_design.action.data.FlowDesignVariableMapper,pwd2droppable=true,uiType=array.object,uiTypeLabel=Array.Object</attributes>
        <audit>false</audit>
        <calculation><![CDATA[(function calculatedFieldValue(current) {

	// Add your code here
	return '';  // return the calculated value

})(current);]]></calculation>
        <choice/>
        <choice_field/>
        <choice_table/>
        <column_label/>
        <comments/>
        <create_roles/>
        <default_value/>
        <defaultsort/>
        <delete_roles/>
        <dependent/>
        <dependent_on_field/>
        <display>false</display>
        <dynamic_creation>false</dynamic_creation>
        <dynamic_creation_script/>
        <dynamic_default_value/>
        <dynamic_ref_qual/>
        <element>changed_fields</element>
        <element_reference>false</element_reference>
        <foreign_database/>
        <function_definition/>
        <function_field>false</function_field>
        <help/>
        <hint/>
        <internal_type display_value="String">string</internal_type>
        <label>Changed Fields</label>
        <mandatory>false</mandatory>
        <max_length>4000</max_length>
        <model display_value="RequestStatusWorkflow">3a5b5867940121107f448479e46a47d3</model>
        <model_id>3a5b5867940121107f448479e46a47d3</model_id>
        <model_table>sys_hub_flow</model_table>
        <name>var__m_sys_hub_flow_input_3a5b5867940121107f448479e46a47d3</name>
        <next_element/>
        <order>100</order>
        <primary>false</primary>
        <read_only>false</read_only>
        <read_roles/>
        <reference/>
        <reference_cascade_rule/>
        <reference_floats>false</reference_floats>
        <reference_key/>
        <reference_qual/>
        <reference_qual_condition/>
        <reference_type/>
        <sizeclass/>
        <spell_check>false</spell_check>
        <staged>false</staged>
        <sys_class_name>sys_hub_flow_input</sys_class_name>
        <sys_created_by>admin</sys_created_by>
        <sys_created_on>2023-02-22 04:13:03</sys_created_on>
        <sys_id>b7dcd82b940121107f448479e46a479a</sys_id>
        <sys_mod_count>2</sys_mod_count>
        <sys_name/>
        <sys_package/>
        <sys_policy/>
        <sys_scope display_value="ClientPro">6ead8e780f603200cd674f8ce1050ed1</sys_scope>
        <sys_update_name/>
        <sys_updated_by>admin</sys_updated_by>
        <sys_updated_on>2023-02-22 04:21:46</sys_updated_on>
        <table_reference>false</table_reference>
        <text_index>false</text_index>
        <unique>false</unique>
        <use_dependent_field>false</use_dependent_field>
        <use_dynamic_default>false</use_dynamic_default>
        <use_reference_qualifier>simple</use_reference_qualifier>
        <virtual>false</virtual>
        <widget/>
        <write_roles/>
        <xml_view>false</xml_view>
    </sys_hub_flow_input>
    <sys_hub_flow_output action="delete_multiple" query="model=3a5b5867940121107f448479e46a47d3"/>
    <sys_hub_alias_mapping action="delete_multiple" query="source_id=3a5b5867940121107f448479e46a47d3"/>
    <sys_hub_action_instance action="delete_multiple" query="flow=3a5b5867940121107f448479e46a47d3^sys_idNOT IN27de1cab940121107f448479e46a4748,44ecd82b940121107f448479e46a47ac"/>
    <sys_hub_action_instance action="INSERT_OR_UPDATE">
        <action_inputs/>
        <action_inputs/>
        <action_type display_value="Update Record">f9d01dd2c31332002841b63b12d3aea1</action_type>
        <action_type_parent/>
        <comment/>
        <compiled_snapshot/>
        <display_text/>
        <flow display_value="RequestStatusWorkflow">3a5b5867940121107f448479e46a47d3</flow>
        <order>2</order>
        <parent_ui_id/>
        <sys_class_name>sys_hub_action_instance</sys_class_name>
        <sys_created_by>admin</sys_created_by>
        <sys_created_on>2023-02-22 04:21:46</sys_created_on>
        <sys_id>27de1cab940121107f448479e46a4748</sys_id>
        <sys_mod_count>2</sys_mod_count>
        <sys_scope display_value="ClientPro">6ead8e780f603200cd674f8ce1050ed1</sys_scope>
        <sys_updated_by>admin</sys_updated_by>
        <sys_updated_on>2023-02-22 04:21:46</sys_updated_on>
        <ui_id>148aa78c-0a77-4d5f-b28c-2203e5a16a94</ui_id>
    </sys_hub_action_instance>
    <sys_variable_value action="delete_multiple" query="document_key=27de1cab940121107f448479e46a4748"/>
    <sys_variable_value action="INSERT_OR_UPDATE">
        <document>sys_hub_action_instance</document>
        <document_key>27de1cab940121107f448479e46a4748</document_key>
        <order>50</order>
        <sys_class_name>sys_variable_value</sys_class_name>
        <sys_created_by>admin</sys_created_by>
        <sys_created_on>2023-02-22 04:21:46</sys_created_on>
        <sys_id>2bde1cab940121107f448479e46a474b</sys_id>
        <sys_mod_count>0</sys_mod_count>
        <sys_updated_by>admin</sys_updated_by>
        <sys_updated_on>2023-02-22 04:21:46</sys_updated_on>
        <value>x_58872_ClientPro_x_58872_clientpro_x_58872_clientpro_x_58872_clientpro_clientpr</value>
        <variable display_value="Table">b5d01916c31332002841b63b12d3aec9</variable>
    </sys_variable_value>
    <sys_variable_value action="INSERT_OR_UPDATE">
        <document>sys_hub_action_instance</document>
        <document_key>27de1cab940121107f448479e46a4748</document_key>
        <order>100</order>
        <sys_class_name>sys_variable_value</sys_class_name>
        <sys_created_by>admin</sys_created_by>
        <sys_created_on>2023-02-22 04:21:46</sys_created_on>
        <sys_id>afde1cab940121107f448479e46a474a</sys_id>
        <sys_mod_count>0</sys_mod_count>
        <sys_updated_by>admin</sys_updated_by>
        <sys_updated_on>2023-02-22 04:21:46</sys_updated_on>
        <value>state=3</value>
        <variable display_value="Fields">02d01916c31332002841b63b12d3aeee</variable>
    </sys_variable_value>
    <sys_element_mapping action="delete_multiple" query="id=27de1cab940121107f448479e46a4748"/>
    <sys_element_mapping action="INSERT_OR_UPDATE">
        <field>record</field>
        <id>27de1cab940121107f448479e46a4748</id>
        <sys_created_by>admin</sys_created_by>
        <sys_created_on>2023-02-22 04:21:46</sys_created_on>
        <sys_id>6bde1cab940121107f448479e46a474a</sys_id>
        <sys_mod_count>0</sys_mod_count>
        <sys_updated_by>admin</sys_updated_by>
        <sys_updated_on>2023-02-22 04:21:46</sys_updated_on>
        <table>var__m_sys_hub_action_input_f9d01dd2c31332002841b63b12d3aea1</table>
        <value>{{Updated_1.current}}</value>
    </sys_element_mapping>
    <sys_element_mapping action="INSERT_OR_UPDATE">
        <field>table_name</field>
        <id>27de1cab940121107f448479e46a4748</id>
        <sys_created_by>admin</sys_created_by>
        <sys_created_on>2023-02-22 04:21:46</sys_created_on>
        <sys_id>23de1cab940121107f448479e46a474a</sys_id>
        <sys_mod_count>0</sys_mod_count>
        <sys_updated_by>admin</sys_updated_by>
        <sys_updated_on>2023-02-22 04:21:46</sys_updated_on>
        <table>var__m_sys_hub_action_input_f9d01dd2c31332002841b63b12d3aea1</table>
        <value/>
    </sys_element_mapping>
    <sys_element_mapping action="INSERT_OR_UPDATE">
        <field>values</field>
        <id>27de1cab940121107f448479e46a4748</id>
        <sys_created_by>admin</sys_created_by>
        <sys_created_on>2023-02-22 04:21:46</sys_created_on>
        <sys_id>2fde1cab940121107f448479e46a474a</sys_id>
        <sys_mod_count>0</sys_mod_count>
        <sys_updated_by>admin</sys_updated_by>
        <sys_updated_on>2023-02-22 04:21:46</sys_updated_on>
        <table>var__m_sys_hub_action_input_f9d01dd2c31332002841b63b12d3aea1</table>
        <value/>
    </sys_element_mapping>
    <sys_hub_input_scripts action="delete_multiple" query="instance=27de1cab940121107f448479e46a4748"/>
    <sys_hub_alias_mapping action="delete_multiple" query="source_id=27de1cab940121107f448479e46a4748"/>
    <sys_hub_action_instance action="INSERT_OR_UPDATE">
        <action_inputs/>
        <action_inputs/>
        <action_type display_value="Send Email">c1806bf4a70323008299b39f087901cb</action_type>
        <action_type_parent/>
        <comment/>
        <compiled_snapshot/>
        <display_text/>
        <flow display_value="RequestStatusWorkflow">3a5b5867940121107f448479e46a47d3</flow>
        <order>1</order>
        <parent_ui_id/>
        <sys_class_name>sys_hub_action_instance</sys_class_name>
        <sys_created_by>admin</sys_created_by>
        <sys_created_on>2023-02-22 04:13:03</sys_created_on>
        <sys_id>44ecd82b940121107f448479e46a47ac</sys_id>
        <sys_mod_count>8</sys_mod_count>
        <sys_scope display_value="ClientPro">6ead8e780f603200cd674f8ce1050ed1</sys_scope>
        <sys_updated_by>admin</sys_updated_by>
        <sys_updated_on>2023-02-22 04:21:46</sys_updated_on>
        <ui_id>94dbbd9a-e847-4485-9c95-dccc6f57a0e6</ui_id>
    </sys_hub_action_instance>
    <sys_variable_value action="delete_multiple" query="document_key=44ecd82b940121107f448479e46a47ac"/>
    <sys_variable_value action="INSERT_OR_UPDATE">
        <document>sys_hub_action_instance</document>
        <document_key>44ecd82b940121107f448479e46a47ac</document_key>
        <order>6</order>
        <sys_class_name>sys_variable_value</sys_class_name>
        <sys_created_by>admin</sys_created_by>
        <sys_created_on>2023-02-22 04:13:03</sys_created_on>
        <sys_id>04ecd82b940121107f448479e46a47c9</sys_id>
        <sys_mod_count>0</sys_mod_count>
        <sys_updated_by>admin</sys_updated_by>
        <sys_updated_on>2023-02-22 04:13:03</sys_updated_on>
        <value>Request Status Update﻿</value>
        <variable display_value="Subject">5d806bf4a70323008299b39f087901ec</variable>
    </sys_variable_value>
    <sys_variable_value action="INSERT_OR_UPDATE">
        <document>sys_hub_action_instance</document>
        <document_key>44ecd82b940121107f448479e46a47ac</document_key>
        <order>7</order>
        <sys_class_name>sys_variable_value</sys_class_name>
        <sys_created_by>admin</sys_created_by>
        <sys_created_on>2023-02-22 04:13:03</sys_created_on>
        <sys_id>40ecd82b940121107f448479e46a47c9</sys_id>
        <sys_mod_count>0</sys_mod_count>
        <sys_updated_by>admin</sys_updated_by>
        <sys_updated_on>2023-02-22 04:13:03</sys_updated_on>
        <value/>
        <variable display_value="Body">ad806bf4a70323008299b39f087901f2</variable>
    </sys_variable_value>
    <sys_element_mapping action="delete_multiple" query="id=44ecd82b940121107f448479e46a47ac"/>
    <sys_element_mapping action="INSERT_OR_UPDATE">
        <field>ah_body</field>
        <id>44ecd82b940121107f448479e46a47ac</id>
        <sys_created_by>admin</sys_created_by>
        <sys_created_on>2023-02-22 04:13:03</sys_created_on>
        <sys_id>0cecd82b940121107f448479e46a47c8</sys_id>
        <sys_mod_count>0</sys_mod_count>
        <sys_updated_by>admin</sys_updated_by>
        <sys_updated_on>2023-02-22 04:13:03</sys_updated_on>
        <table>var__m_sys_hub_action_input_c1806bf4a70323008299b39f087901cb</table>
        <value>&lt;p data-tinymcerootblock=""&gt;Your request for resource&amp;nbsp;&lt;span class="data_parent_pill" style="display: inline;" contenteditable="false" data-pillvalue="{{fd_transform:66a226a5-7108-46c8-93ec-ad773bd94876}}"&gt;&lt;span class="data_pill  accepts_transform_functions" contenteditable="false" data-pillvalue="{{fd_transform:66a226a5-7108-46c8-93ec-ad773bd94876}}"&gt;&lt;span class="data-pill-content-container"&gt;&lt;span class="pills"&gt;&lt;span class="pill-text" data-for="ah_tooltipTop" data-tip="Trigger - Record Updated &amp;gt; ClientResource Record &amp;gt; What needed"&gt;&lt;span class="pill-start"&gt;Trigger - Record Updated&lt;/span&gt;&lt;span class="pill-arrow"&gt;&lt;span class="data-pill-label-caret"&gt;&lt;span class="data-pill-label-arrow"&gt;➛&lt;/span&gt;&lt;/span&gt;...&lt;span class="data-pill-label-caret"&gt;&lt;span class="data-pill-label-arrow"&gt;➛&lt;/span&gt;&lt;/span&gt;&lt;/span&gt;&lt;span class="pill-end"&gt;What needed&lt;/span&gt;&lt;/span&gt;&lt;/span&gt;&lt;button id="transform_function_facade_66a226a5-7108-46c8-93ec-ad773bd94876" class="transform_function_facade no_transform_applied"&gt;&lt;span class="inline-script-icon"&gt;&lt;span style="display: none;"&gt;​&lt;/span&gt;&lt;/span&gt;&lt;/button&gt;&lt;/span&gt;&lt;/span&gt;&lt;/span&gt; is&amp;nbsp;&lt;span class="data_parent_pill" style="display: inline;" contenteditable="false" data-pillvalue="{{fd_transform:1020658e-121d-439d-a709-fd07cdc49d5a}}"&gt;&lt;span class="data_pill  accepts_transform_functions" contenteditable="false" data-pillvalue="{{fd_transform:1020658e-121d-439d-a709-fd07cdc49d5a}}"&gt;&lt;span class="data-pill-content-container"&gt;&lt;span class="pills"&gt;&lt;span class="pill-text" data-for="ah_tooltipTop" data-tip="Trigger - Record Updated &amp;gt; ClientResource Record &amp;gt; State"&gt;&lt;span class="pill-start"&gt;Trigger - Record Updated&lt;/span&gt;&lt;span class="pill-arrow"&gt;&lt;span class="data-pill-label-caret"&gt;&lt;span class="data-pill-label-arrow"&gt;➛&lt;/span&gt;&lt;/span&gt;...&lt;span class="data-pill-label-caret"&gt;&lt;span class="data-pill-label-arrow"&gt;➛&lt;/span&gt;&lt;/span&gt;&lt;/span&gt;&lt;span class="pill-end"&gt;State&lt;/span&gt;&lt;/span&gt;&lt;/span&gt;&lt;button id="transform_function_facade_1020658e-121d-439d-a709-fd07cdc49d5a" class="transform_function_facade no_transform_applied"&gt;&lt;span class="inline-script-icon"&gt;&lt;span style="display: none;"&gt;​&lt;/span&gt;&lt;/span&gt;&lt;/button&gt;&lt;/span&gt;&lt;/span&gt;&lt;/span&gt;&lt;/p&gt;</value>
    </sys_element_mapping>
    <sys_element_mapping action="INSERT_OR_UPDATE">
        <field>ah_subject</field>
        <id>44ecd82b940121107f448479e46a47ac</id>
        <sys_created_by>admin</sys_created_by>
        <sys_created_on>2023-02-22 04:13:03</sys_created_on>
        <sys_id>ccecd82b940121107f448479e46a47c8</sys_id>
        <sys_mod_count>0</sys_mod_count>
        <sys_updated_by>admin</sys_updated_by>
        <sys_updated_on>2023-02-22 04:13:03</sys_updated_on>
        <table>var__m_sys_hub_action_input_c1806bf4a70323008299b39f087901cb</table>
        <value/>
    </sys_element_mapping>
    <sys_element_mapping action="INSERT_OR_UPDATE">
        <field>ah_to</field>
        <id>44ecd82b940121107f448479e46a47ac</id>
        <sys_created_by>admin</sys_created_by>
        <sys_created_on>2023-02-22 04:13:03</sys_created_on>
        <sys_id>c0ecd82b940121107f448479e46a47c8</sys_id>
        <sys_mod_count>0</sys_mod_count>
        <sys_updated_by>admin</sys_updated_by>
        <sys_updated_on>2023-02-22 04:13:03</sys_updated_on>
        <table>var__m_sys_hub_action_input_c1806bf4a70323008299b39f087901cb</table>
        <value>{{Updated_1.current.u_requested_for.u_string_4}} </value>
    </sys_element_mapping>
    <sys_hub_input_scripts action="delete_multiple" query="instance=44ecd82b940121107f448479e46a47ac"/>
    <sys_hub_alias_mapping action="delete_multiple" query="source_id=44ecd82b940121107f448479e46a47ac"/>
    <sys_hub_sub_flow_instance action="delete_multiple" query="flow=3a5b5867940121107f448479e46a47d3"/>
    <sys_hub_flow_logic action="delete_multiple" query="flow=3a5b5867940121107f448479e46a47d3"/>
    <sys_hub_pill_compound action="delete_multiple" query="attached_to=3a5b5867940121107f448479e46a47d3^sys_idNOT IN40ecd82b940121107f448479e46a47cc,88ecd82b940121107f448479e46a47cc"/>
    <sys_hub_pill_compound action="INSERT_OR_UPDATE">
        <attached_to>3a5b5867940121107f448479e46a47d3</attached_to>
        <extra_info/>
        <order>0</order>
        <prescription>{{Updated_1.current.u_what_needed}}</prescription>
        <source_ui_id/>
        <sys_created_by>admin</sys_created_by>
        <sys_created_on>2023-02-22 04:13:03</sys_created_on>
        <sys_id>40ecd82b940121107f448479e46a47cc</sys_id>
        <sys_mod_count>0</sys_mod_count>
        <sys_scope display_value="ClientPro">6ead8e780f603200cd674f8ce1050ed1</sys_scope>
        <sys_updated_by>admin</sys_updated_by>
        <sys_updated_on>2023-02-22 04:13:03</sys_updated_on>
        <transform_compositions>[]</transform_compositions>
        <transform_definition_id/>
        <ui_id>66a226a5-7108-46c8-93ec-ad773bd94876</ui_id>
    </sys_hub_pill_compound>
    <sys_hub_pill_compound action="INSERT_OR_UPDATE">
        <attached_to>3a5b5867940121107f448479e46a47d3</attached_to>
        <extra_info/>
        <order>0</order>
        <prescription>{{Updated_1.current.state}}</prescription>
        <source_ui_id/>
        <sys_created_by>admin</sys_created_by>
        <sys_created_on>2023-02-22 04:13:03</sys_created_on>
        <sys_id>88ecd82b940121107f448479e46a47cc</sys_id>
        <sys_mod_count>0</sys_mod_count>
        <sys_scope display_value="ClientPro">6ead8e780f603200cd674f8ce1050ed1</sys_scope>
        <sys_updated_by>admin</sys_updated_by>
        <sys_updated_on>2023-02-22 04:13:03</sys_updated_on>
        <transform_compositions>[]</transform_compositions>
        <transform_definition_id/>
        <ui_id>1020658e-121d-439d-a709-fd07cdc49d5a</ui_id>
    </sys_hub_pill_compound>
    <sys_hub_flow_variable action="delete_multiple" query="model=3a5b5867940121107f448479e46a47d3"/>
    <sys_documentation action="delete_multiple" query="name=var__m_sys_hub_flow_input_3a5b5867940121107f448479e46a47d3^sys_idNOT IN7bdcd82b940121107f448479e46a47a0,b3dcd82b940121107f448479e46a4799,f3dcd82b940121107f448479e46a479d"/>
    <sys_documentation action="INSERT_OR_UPDATE">
        <element>table_name</element>
        <help/>
        <hint/>
        <label>Table Name</label>
        <language>en</language>
        <name>var__m_sys_hub_flow_input_3a5b5867940121107f448479e46a47d3</name>
        <plural/>
        <sys_class_name>sys_documentation</sys_class_name>
        <sys_created_by>admin</sys_created_by>
        <sys_created_on>2023-02-22 04:13:03</sys_created_on>
        <sys_id>7bdcd82b940121107f448479e46a47a0</sys_id>
        <sys_mod_count>0</sys_mod_count>
        <sys_name/>
        <sys_package display_value="ClientPro" source="x_58872_ClientPro">6ead8e780f603200cd674f8ce1050ed1</sys_package>
        <sys_policy/>
        <sys_scope display_value="ClientPro">6ead8e780f603200cd674f8ce1050ed1</sys_scope>
        <sys_update_name/>
        <sys_updated_by>admin</sys_updated_by>
        <sys_updated_on>2023-02-22 04:13:03</sys_updated_on>
        <url/>
        <url_target/>
    </sys_documentation>
    <sys_documentation action="INSERT_OR_UPDATE">
        <element>current</element>
        <help/>
        <hint/>
        <label>Record</label>
        <language>en</language>
        <name>var__m_sys_hub_flow_input_3a5b5867940121107f448479e46a47d3</name>
        <plural/>
        <sys_class_name>sys_documentation</sys_class_name>
        <sys_created_by>admin</sys_created_by>
        <sys_created_on>2023-02-22 04:13:03</sys_created_on>
        <sys_id>b3dcd82b940121107f448479e46a4799</sys_id>
        <sys_mod_count>0</sys_mod_count>
        <sys_name/>
        <sys_package display_value="ClientPro" source="x_58872_ClientPro">6ead8e780f603200cd674f8ce1050ed1</sys_package>
        <sys_policy/>
        <sys_scope display_value="ClientPro">6ead8e780f603200cd674f8ce1050ed1</sys_scope>
        <sys_update_name/>
        <sys_updated_by>admin</sys_updated_by>
        <sys_updated_on>2023-02-22 04:13:03</sys_updated_on>
        <url/>
        <url_target/>
    </sys_documentation>
    <sys_documentation action="INSERT_OR_UPDATE">
        <element>changed_fields</element>
        <help/>
        <hint/>
        <label>Changed Fields</label>
        <language>en</language>
        <name>var__m_sys_hub_flow_input_3a5b5867940121107f448479e46a47d3</name>
        <plural/>
        <sys_class_name>sys_documentation</sys_class_name>
        <sys_created_by>admin</sys_created_by>
        <sys_created_on>2023-02-22 04:13:03</sys_created_on>
        <sys_id>f3dcd82b940121107f448479e46a479d</sys_id>
        <sys_mod_count>0</sys_mod_count>
        <sys_name/>
        <sys_package display_value="ClientPro" source="x_58872_ClientPro">6ead8e780f603200cd674f8ce1050ed1</sys_package>
        <sys_policy/>
        <sys_scope display_value="ClientPro">6ead8e780f603200cd674f8ce1050ed1</sys_scope>
        <sys_update_name/>
        <sys_updated_by>admin</sys_updated_by>
        <sys_updated_on>2023-02-22 04:13:03</sys_updated_on>
        <url/>
        <url_target/>
    </sys_documentation>
    <sys_choice action="delete_multiple" query="name=var__m_sys_hub_flow_input_3a5b5867940121107f448479e46a47d3"/>
    <sys_documentation action="delete_multiple" query="name=var__m_sys_hub_flow_output_3a5b5867940121107f448479e46a47d3"/>
    <sys_choice action="delete_multiple" query="name=var__m_sys_hub_flow_output_3a5b5867940121107f448479e46a47d3"/>
    <sys_flow_trigger_plan action="delete_multiple" query="plan_id=3a5b5867940121107f448479e46a47d3^sys_idNOT INe0ec1c2b940121107f448479e46a474e"/>
    <sys_flow_trigger_plan action="INSERT_OR_UPDATE">
        <binding_strategy>com.snc.process_flow.engine.binding.OncePerRecord</binding_strategy>
        <plan>{"persistor":{"@class":".ChunkingPlanPersistor","table":"sys_flow_trigger_plan","id":"e0ec1c2b940121107f448479e46a474e","name":"plan","plan_signature":null}}</plan>
        <plan_id>3a5b5867940121107f448479e46a47d3</plan_id>
        <snapshot>df6e54ab940121107f448479e46a4747</snapshot>
        <sys_created_by>admin</sys_created_by>
        <sys_created_on>2023-02-22 04:13:05</sys_created_on>
        <sys_domain>global</sys_domain>
        <sys_domain_path>/</sys_domain_path>
        <sys_id>e0ec1c2b940121107f448479e46a474e</sys_id>
        <sys_mod_count>0</sys_mod_count>
        <sys_overrides/>
        <sys_scope/>
        <sys_updated_by>admin</sys_updated_by>
        <sys_updated_on>2023-02-22 04:13:05</sys_updated_on>
        <trigger display_value="">e0ec1c2b940121107f448479e46a474b</trigger>
    </sys_flow_trigger_plan>
    <sys_flow_subflow_plan action="delete_multiple" query="plan_id=3a5b5867940121107f448479e46a47d3"/>
    <sys_hub_flow_snapshot action="INSERT_OR_UPDATE">
        <access>public</access>
        <acls/>
        <active>true</active>
        <annotation/>
        <callable_by_client_api>false</callable_by_client_api>
        <category/>
        <copied_from/>
        <copied_from_name/>
        <description/>
        <internal_name>requeststatusworkflow</internal_name>
        <label_cache>[{"name":"94dbbd9a-e847-4485-9c95-dccc6f57a0e6.email","label":"1 - Send Email➛email","reference":"sys_email","reference_display":"Email","type":"reference","base_type":"reference","attributes":{"element_mapping_provider":"com.glide.flow_design.action.data.FlowDesignVariableMapper"}},{"name":"94dbbd9a-e847-4485-9c95-dccc6f57a0e6.__action_status__","label":"1 - Send Email➛Action Status","reference_display":"Action Status","type":"object","base_type":"object","attributes":{"co_type_name":"FDACTIONSTATUS","element_mapping_provider":"com.glide.flow_design.action.data.FlowDesignVariableMapper","uiType":"object","action_error_output":"true"}},{"name":"94dbbd9a-e847-4485-9c95-dccc6f57a0e6.__dont_treat_as_error__","label":"1 - Send Email➛Don\u0027t Treat as Error","reference_display":"Don\u0027t Treat as Error","type":"boolean","base_type":"boolean","attributes":{"element_mapping_provider":"com.glide.flow_design.action.data.FlowDesignVariableMapper","uiType":"boolean","visible_in_ui":"false","action_error_output":"true"}},{"name":"Updated_1.current.u_requested_for.u_string_4","label":"Trigger - Record Updated➛ClientResource Record➛Requested by➛Email","reference":"","reference_display":"Email","type":"string","base_type":"string","parent_table_name":"x_58872_ClientPro_x_58872_clientpro_x_58872_clientpro_x_58872_clientpro_data_emp","column_name":"u_string_4"},{"name":"Updated_1.current.u_what_needed","label":"Trigger - Record Updated➛ClientResource Record➛What needed","reference":"","reference_display":"What needed","type":"choice","base_type":"choice","parent_table_name":"x_58872_ClientPro_x_58872_clientpro_x_58872_clientpro_x_58872_clientpro_clientpr","column_name":"u_what_needed","choices":[{"value":"hr1","parameters":{"name":"x_58872_ClientPro_x_58872_clientpro_x_58872_clientpro_x_58872_clientpro_clientpr"},"reference":false,"image":"","rawLabel":"Human Resources 1","label":"Human Resources 1","selected":false,"missing":false,"used":false},{"value":"hr2","parameters":{"name":"x_58872_ClientPro_x_58872_clientpro_x_58872_clientpro_x_58872_clientpro_clientpr"},"reference":false,"image":"","rawLabel":"Human Resources 2","label":"Human Resources 2","selected":false,"missing":false,"used":false},{"value":"facilities 1","parameters":{"name":"x_58872_ClientPro_x_58872_clientpro_x_58872_clientpro_x_58872_clientpro_clientpr"},"reference":false,"image":"","rawLabel":"Facilities 1","label":"Facilities 1","selected":false,"missing":false,"used":false},{"value":"facilities 2","parameters":{"name":"x_58872_ClientPro_x_58872_clientpro_x_58872_clientpro_x_58872_clientpro_clientpr"},"reference":false,"image":"","rawLabel":"Facilities 2","label":"Facilities 2","selected":false,"missing":false,"used":false},{"value":"legal 1","parameters":{"name":"x_58872_ClientPro_x_58872_clientpro_x_58872_clientpro_x_58872_clientpro_clientpr"},"reference":false,"image":"","rawLabel":"Legal 1","label":"Legal 1","selected":false,"missing":false,"used":false},{"value":"legal 2","parameters":{"name":"x_58872_ClientPro_x_58872_clientpro_x_58872_clientpro_x_58872_clientpro_clientpr"},"reference":false,"image":"","rawLabel":"Legal 2","label":"Legal 2","selected":false,"missing":false,"used":false},{"value":"training 1","parameters":{"name":"x_58872_ClientPro_x_58872_clientpro_x_58872_clientpro_x_58872_clientpro_clientpr"},"reference":false,"image":"","rawLabel":"Training 1","label":"Training 1","selected":false,"missing":false,"used":false},{"value":"training 2","parameters":{"name":"x_58872_ClientPro_x_58872_clientpro_x_58872_clientpro_x_58872_clientpro_clientpr"},"reference":false,"image":"","rawLabel":"Training 2","label":"Training 2","selected":false,"missing":false,"used":false}]},{"name":"Updated_1.current.state","label":"Trigger - Record Updated➛ClientResource Record➛State","reference":"","reference_display":"State","type":"choice","base_type":"choice","parent_table_name":"x_58872_ClientPro_x_58872_clientpro_x_58872_clientpro_x_58872_clientpro_clientpr","column_name":"state","choices":[{"value":"13","parameters":{"name":"x_58872_ClientPro_x_58872_clientpro_x_58872_clientpro_x_58872_clientpro_clientpr"},"reference":false,"image":"","rawLabel":"Requested","label":"Requested","selected":false,"missing":false,"used":false},{"value":"14","parameters":{"name":"x_58872_ClientPro_x_58872_clientpro_x_58872_clientpro_x_58872_clientpro_clientpr"},"reference":false,"image":"","rawLabel":"Awaiting Approval","label":"Awaiting Approval","selected":false,"missing":false,"used":false},{"value":"15","parameters":{"name":"x_58872_ClientPro_x_58872_clientpro_x_58872_clientpro_x_58872_clientpro_clientpr"},"reference":false,"image":"","rawLabel":"Approved","label":"Approved","selected":false,"missing":false,"used":false},{"value":"16","parameters":{"name":"x_58872_ClientPro_x_58872_clientpro_x_58872_clientpro_x_58872_clientpro_clientpr"},"reference":false,"image":"","rawLabel":"Awaiting Feedback","label":"Awaiting Feedback","selected":false,"missing":false,"used":false},{"value":"3","parameters":{"name":"x_58872_ClientPro_x_58872_clientpro_x_58872_clientpro_x_58872_clientpro_clientpr"},"reference":false,"image":"","rawLabel":"Closed Complete","label":"Closed Complete","selected":false,"missing":false,"used":false},{"value":"8","parameters":{"name":"x_58872_ClientPro_x_58872_clientpro_x_58872_clientpro_x_58872_clientpro_clientpr"},"reference":false,"image":"","rawLabel":"Withdrawn","label":"Withdrawn","selected":false,"missing":false,"used":false}]}]</label_cache>
        <master>true</master>
        <name>RequestStatusWorkflow</name>
        <natlang/>
        <outputs/>
        <parent_flow display_value="RequestStatusWorkflow">3a5b5867940121107f448479e46a47d3</parent_flow>
        <remote_trigger_id/>
        <run_as>system</run_as>
        <run_with_roles/>
        <sc_callable>false</sc_callable>
        <status>published</status>
        <sys_class_name>sys_hub_flow_snapshot</sys_class_name>
        <sys_created_by>admin</sys_created_by>
        <sys_created_on>2023-02-22 04:13:04</sys_created_on>
        <sys_domain>global</sys_domain>
        <sys_domain_path>/</sys_domain_path>
        <sys_id>54ecd82b940121107f448479e46a47f8</sys_id>
        <sys_mod_count>0</sys_mod_count>
        <sys_name/>
        <sys_overrides/>
        <sys_package/>
        <sys_policy/>
        <sys_scope display_value="ClientPro">6ead8e780f603200cd674f8ce1050ed1</sys_scope>
        <sys_update_name/>
        <sys_updated_by>admin</sys_updated_by>
        <sys_updated_on>2023-02-22 04:13:04</sys_updated_on>
        <type>flow</type>
    </sys_hub_flow_snapshot>
    <sys_translated_text action="delete_multiple" query="documentkey=54ecd82b940121107f448479e46a47f8"/>
    <sys_variable_value action="delete_multiple" query="document_key=54ecd82b940121107f448479e46a47f8"/>
    <sys_hub_trigger_instance action="delete_multiple" query="flow=54ecd82b940121107f448479e46a47f8^sys_idNOT IN18ec1c2b940121107f448479e46a472f"/>
    <sys_hub_trigger_instance action="INSERT_OR_UPDATE">
        <comment/>
        <display_text/>
        <flow display_value="RequestStatusWorkflow">54ecd82b940121107f448479e46a47f8</flow>
        <name>Updated</name>
        <remote_sys_id/>
        <sys_created_by>admin</sys_created_by>
        <sys_created_on>2023-02-22 04:13:05</sys_created_on>
        <sys_id>18ec1c2b940121107f448479e46a472f</sys_id>
        <sys_mod_count>2</sys_mod_count>
        <sys_scope/>
        <sys_updated_by>admin</sys_updated_by>
        <sys_updated_on>2023-02-22 04:13:06</sys_updated_on>
        <trigger_definition display_value="Updated">bb695e60c31322002841b63b12d3aea5</trigger_definition>
        <trigger_inputs/>
        <trigger_outputs/>
        <trigger_type>record_update</trigger_type>
    </sys_hub_trigger_instance>
    <sys_variable_value action="delete_multiple" query="document_key=18ec1c2b940121107f448479e46a472f"/>
    <sys_variable_value action="INSERT_OR_UPDATE">
        <document>sys_hub_trigger_instance</document>
        <document_key>18ec1c2b940121107f448479e46a472f</document_key>
        <order>1</order>
        <sys_class_name>sys_variable_value</sys_class_name>
        <sys_created_by>admin</sys_created_by>
        <sys_created_on>2023-02-22 04:13:05</sys_created_on>
        <sys_id>10ec1c2b940121107f448479e46a4731</sys_id>
        <sys_mod_count>0</sys_mod_count>
        <sys_updated_by>admin</sys_updated_by>
        <sys_updated_on>2023-02-22 04:13:05</sys_updated_on>
        <value>x_58872_ClientPro_x_58872_clientpro_x_58872_clientpro_x_58872_clientpro_clientpr</value>
        <variable display_value="Table">1dda12e0c31322002841b63b12d3aea8</variable>
    </sys_variable_value>
    <sys_variable_value action="INSERT_OR_UPDATE">
        <document>sys_hub_trigger_instance</document>
        <document_key>18ec1c2b940121107f448479e46a472f</document_key>
        <order>100</order>
        <sys_class_name>sys_variable_value</sys_class_name>
        <sys_created_by>admin</sys_created_by>
        <sys_created_on>2023-02-22 04:13:05</sys_created_on>
        <sys_id>5cec1c2b940121107f448479e46a4730</sys_id>
        <sys_mod_count>0</sys_mod_count>
        <sys_updated_by>admin</sys_updated_by>
        <sys_updated_on>2023-02-22 04:13:05</sys_updated_on>
        <value>state=15^ORstate=12</value>
        <variable display_value="Condition">bb9adea0c31322002841b63b12d3ae67</variable>
    </sys_variable_value>
    <sys_element_mapping action="delete_multiple" query="table=var__m_sys_hub_trigger_output_bb695e60c31322002841b63b12d3aea5^id=18ec1c2b940121107f448479e46a472f"/>
    <sys_hub_flow_stage action="delete_multiple" query="flow=54ecd82b940121107f448479e46a47f8"/>
    <sys_flow_cat_variable_model action="delete_multiple" query="id=54ecd82b940121107f448479e46a47f8^sys_idNOT IN98ecd82b940121107f448479e46a47f9"/>
    <sys_flow_cat_variable_model action="INSERT_OR_UPDATE">
        <id>54ecd82b940121107f448479e46a47f8</id>
        <name>RequestStatusWorkflow</name>
        <sys_created_by>admin</sys_created_by>
        <sys_created_on>2023-02-22 04:13:04</sys_created_on>
        <sys_id>98ecd82b940121107f448479e46a47f9</sys_id>
        <sys_mod_count>0</sys_mod_count>
        <sys_scope/>
        <sys_updated_by>admin</sys_updated_by>
        <sys_updated_on>2023-02-22 04:13:04</sys_updated_on>
    </sys_flow_cat_variable_model>
    <sys_flow_cat_variable action="delete_multiple" query="flow_catalog_model=98ecd82b940121107f448479e46a47f9"/>
    <sys_hub_flow_input action="delete_multiple" query="model=54ecd82b940121107f448479e46a47f8^sys_idNOT IN10ecd82b940121107f448479e46a47fd,18ec1c2b940121107f448479e46a4719,d0ec1c2b940121107f448479e46a4711"/>
    <sys_hub_flow_input action="INSERT_OR_UPDATE">
        <active>true</active>
        <array>false</array>
        <array_denormalized>false</array_denormalized>
        <attributes>element_mapping_provider=com.glide.flow_design.action.data.FlowDesignVariableMapper,uiType=document_id,uiTypeLabel=Document ID</attributes>
        <audit>false</audit>
        <calculation><![CDATA[(function calculatedFieldValue(current) {

	// Add your code here
	return '';  // return the calculated value

})(current);]]></calculation>
        <choice/>
        <choice_field/>
        <choice_table/>
        <column_label/>
        <comments/>
        <create_roles/>
        <default_value/>
        <defaultsort/>
        <delete_roles/>
        <dependent>table_name</dependent>
        <dependent_on_field>table_name</dependent_on_field>
        <display>false</display>
        <dynamic_creation>false</dynamic_creation>
        <dynamic_creation_script/>
        <dynamic_default_value/>
        <dynamic_ref_qual/>
        <element>current</element>
        <element_reference>false</element_reference>
        <foreign_database/>
        <function_definition/>
        <function_field>false</function_field>
        <help/>
        <hint/>
        <internal_type display_value="">document_id</internal_type>
        <label>Record</label>
        <mandatory>true</mandatory>
        <max_length>200</max_length>
        <model display_value="RequestStatusWorkflow">54ecd82b940121107f448479e46a47f8</model>
        <model_id>54ecd82b940121107f448479e46a47f8</model_id>
        <model_table>sys_hub_flow_snapshot</model_table>
        <name>var__m_sys_hub_flow_input_54ecd82b940121107f448479e46a47f8</name>
        <next_element/>
        <order>100</order>
        <primary>false</primary>
        <read_only>false</read_only>
        <read_roles/>
        <reference/>
        <reference_cascade_rule/>
        <reference_floats>false</reference_floats>
        <reference_key/>
        <reference_qual/>
        <reference_qual_condition/>
        <reference_type/>
        <sizeclass/>
        <spell_check>false</spell_check>
        <staged>false</staged>
        <sys_class_name>sys_hub_flow_input</sys_class_name>
        <sys_created_by>admin</sys_created_by>
        <sys_created_on>2023-02-22 04:13:04</sys_created_on>
        <sys_id>10ecd82b940121107f448479e46a47fd</sys_id>
        <sys_mod_count>0</sys_mod_count>
        <sys_name/>
        <sys_package/>
        <sys_policy/>
        <sys_scope display_value="ClientPro">6ead8e780f603200cd674f8ce1050ed1</sys_scope>
        <sys_update_name/>
        <sys_updated_by>admin</sys_updated_by>
        <sys_updated_on>2023-02-22 04:13:04</sys_updated_on>
        <table_reference>false</table_reference>
        <text_index>false</text_index>
        <unique>false</unique>
        <use_dependent_field>true</use_dependent_field>
        <use_dynamic_default>false</use_dynamic_default>
        <use_reference_qualifier>simple</use_reference_qualifier>
        <virtual>false</virtual>
        <widget/>
        <write_roles/>
        <xml_view>false</xml_view>
    </sys_hub_flow_input>
    <sys_hub_flow_input action="INSERT_OR_UPDATE">
        <active>true</active>
        <array>false</array>
        <array_denormalized>false</array_denormalized>
        <attributes>element_mapping_provider=com.glide.flow_design.action.data.FlowDesignVariableMapper,test_input_hidden=true,uiType=table_name,uiTypeLabel=Table Name</attributes>
        <audit>false</audit>
        <calculation><![CDATA[(function calculatedFieldValue(current) {

	// Add your code here
	return '';  // return the calculated value

})(current);]]></calculation>
        <choice/>
        <choice_field/>
        <choice_table/>
        <column_label/>
        <comments/>
        <create_roles/>
        <default_value/>
        <defaultsort/>
        <delete_roles/>
        <dependent/>
        <dependent_on_field/>
        <display>false</display>
        <dynamic_creation>false</dynamic_creation>
        <dynamic_creation_script/>
        <dynamic_default_value/>
        <dynamic_ref_qual/>
        <element>table_name</element>
        <element_reference>false</element_reference>
        <foreign_database/>
        <function_definition/>
        <function_field>false</function_field>
        <help/>
        <hint/>
        <internal_type display_value="">table_name</internal_type>
        <label>Table Name</label>
        <mandatory>false</mandatory>
        <max_length>200</max_length>
        <model display_value="RequestStatusWorkflow">54ecd82b940121107f448479e46a47f8</model>
        <model_id>54ecd82b940121107f448479e46a47f8</model_id>
        <model_table>sys_hub_flow_snapshot</model_table>
        <name>var__m_sys_hub_flow_input_54ecd82b940121107f448479e46a47f8</name>
        <next_element/>
        <order>101</order>
        <primary>false</primary>
        <read_only>false</read_only>
        <read_roles/>
        <reference/>
        <reference_cascade_rule/>
        <reference_floats>false</reference_floats>
        <reference_key/>
        <reference_qual/>
        <reference_qual_condition/>
        <reference_type/>
        <sizeclass/>
        <spell_check>false</spell_check>
        <staged>false</staged>
        <sys_class_name>sys_hub_flow_input</sys_class_name>
        <sys_created_by>admin</sys_created_by>
        <sys_created_on>2023-02-22 04:13:05</sys_created_on>
        <sys_id>18ec1c2b940121107f448479e46a4719</sys_id>
        <sys_mod_count>0</sys_mod_count>
        <sys_name/>
        <sys_package/>
        <sys_policy/>
        <sys_scope display_value="ClientPro">6ead8e780f603200cd674f8ce1050ed1</sys_scope>
        <sys_update_name/>
        <sys_updated_by>admin</sys_updated_by>
        <sys_updated_on>2023-02-22 04:13:05</sys_updated_on>
        <table_reference>false</table_reference>
        <text_index>false</text_index>
        <unique>false</unique>
        <use_dependent_field>false</use_dependent_field>
        <use_dynamic_default>false</use_dynamic_default>
        <use_reference_qualifier>simple</use_reference_qualifier>
        <virtual>false</virtual>
        <widget/>
        <write_roles/>
        <xml_view>false</xml_view>
    </sys_hub_flow_input>
    <sys_hub_flow_input action="INSERT_OR_UPDATE">
        <active>true</active>
        <array>false</array>
        <array_denormalized>false</array_denormalized>
        <attributes>child_label=FDChangeDetails,child_name=FDChangeDetails,child_type=object,child_type_label=Object,co_type_name=FD1cecd82b50012110acfe9562050743fa,element_mapping_provider=com.glide.flow_design.action.data.FlowDesignVariableMapper,pwd2droppable=true,uiType=array.object,uiTypeLabel=Array.Object</attributes>
        <audit>false</audit>
        <calculation><![CDATA[(function calculatedFieldValue(current) {

	// Add your code here
	return '';  // return the calculated value

})(current);]]></calculation>
        <choice/>
        <choice_field/>
        <choice_table/>
        <column_label/>
        <comments/>
        <create_roles/>
        <default_value/>
        <defaultsort/>
        <delete_roles/>
        <dependent/>
        <dependent_on_field/>
        <display>false</display>
        <dynamic_creation>false</dynamic_creation>
        <dynamic_creation_script/>
        <dynamic_default_value/>
        <dynamic_ref_qual/>
        <element>changed_fields</element>
        <element_reference>false</element_reference>
        <foreign_database/>
        <function_definition/>
        <function_field>false</function_field>
        <help/>
        <hint/>
        <internal_type display_value="String">string</internal_type>
        <label>Changed Fields</label>
        <mandatory>false</mandatory>
        <max_length>4000</max_length>
        <model display_value="RequestStatusWorkflow">54ecd82b940121107f448479e46a47f8</model>
        <model_id>54ecd82b940121107f448479e46a47f8</model_id>
        <model_table>sys_hub_flow_snapshot</model_table>
        <name>var__m_sys_hub_flow_input_54ecd82b940121107f448479e46a47f8</name>
        <next_element/>
        <order>100</order>
        <primary>false</primary>
        <read_only>false</read_only>
        <read_roles/>
        <reference/>
        <reference_cascade_rule/>
        <reference_floats>false</reference_floats>
        <reference_key/>
        <reference_qual/>
        <reference_qual_condition/>
        <reference_type/>
        <sizeclass/>
        <spell_check>false</spell_check>
        <staged>false</staged>
        <sys_class_name>sys_hub_flow_input</sys_class_name>
        <sys_created_by>admin</sys_created_by>
        <sys_created_on>2023-02-22 04:13:04</sys_created_on>
        <sys_id>d0ec1c2b940121107f448479e46a4711</sys_id>
        <sys_mod_count>0</sys_mod_count>
        <sys_name/>
        <sys_package/>
        <sys_policy/>
        <sys_scope display_value="ClientPro">6ead8e780f603200cd674f8ce1050ed1</sys_scope>
        <sys_update_name/>
        <sys_updated_by>admin</sys_updated_by>
        <sys_updated_on>2023-02-22 04:13:04</sys_updated_on>
        <table_reference>false</table_reference>
        <text_index>false</text_index>
        <unique>false</unique>
        <use_dependent_field>false</use_dependent_field>
        <use_dynamic_default>false</use_dynamic_default>
        <use_reference_qualifier>simple</use_reference_qualifier>
        <virtual>false</virtual>
        <widget/>
        <write_roles/>
        <xml_view>false</xml_view>
    </sys_hub_flow_input>
    <sys_hub_flow_output action="delete_multiple" query="model=54ecd82b940121107f448479e46a47f8"/>
    <sys_hub_alias_mapping action="delete_multiple" query="source_id=54ecd82b940121107f448479e46a47f8"/>
    <sys_hub_action_instance action="delete_multiple" query="flow=54ecd82b940121107f448479e46a47f8^sys_idNOT IN9cec1c2b940121107f448479e46a472c"/>
    <sys_hub_action_instance action="INSERT_OR_UPDATE">
        <action_inputs/>
        <action_inputs/>
        <action_type display_value="Send Email">c1806bf4a70323008299b39f087901cb</action_type>
        <action_type_parent display_value="Send Email">98c181d20b100300d97d8bf637673ab5</action_type_parent>
        <comment/>
        <compiled_snapshot>c1806bf4a70323008299b39f087901cb</compiled_snapshot>
        <display_text/>
        <flow display_value="RequestStatusWorkflow">54ecd82b940121107f448479e46a47f8</flow>
        <order>1</order>
        <parent_ui_id/>
        <sys_class_name>sys_hub_action_instance</sys_class_name>
        <sys_created_by>admin</sys_created_by>
        <sys_created_on>2023-02-22 04:13:05</sys_created_on>
        <sys_id>9cec1c2b940121107f448479e46a472c</sys_id>
        <sys_mod_count>2</sys_mod_count>
        <sys_scope display_value="ClientPro">6ead8e780f603200cd674f8ce1050ed1</sys_scope>
        <sys_updated_by>admin</sys_updated_by>
        <sys_updated_on>2023-02-22 04:13:05</sys_updated_on>
        <ui_id>94dbbd9a-e847-4485-9c95-dccc6f57a0e6</ui_id>
    </sys_hub_action_instance>
    <sys_variable_value action="delete_multiple" query="document_key=9cec1c2b940121107f448479e46a472c"/>
    <sys_variable_value action="INSERT_OR_UPDATE">
        <document>sys_hub_action_instance</document>
        <document_key>9cec1c2b940121107f448479e46a472c</document_key>
        <order>6</order>
        <sys_class_name>sys_variable_value</sys_class_name>
        <sys_created_by>admin</sys_created_by>
        <sys_created_on>2023-02-22 04:13:05</sys_created_on>
        <sys_id>14ec1c2b940121107f448479e46a472f</sys_id>
        <sys_mod_count>0</sys_mod_count>
        <sys_updated_by>admin</sys_updated_by>
        <sys_updated_on>2023-02-22 04:13:05</sys_updated_on>
        <value>Request Status Update﻿</value>
        <variable display_value="Subject">5d806bf4a70323008299b39f087901ec</variable>
    </sys_variable_value>
    <sys_variable_value action="INSERT_OR_UPDATE">
        <document>sys_hub_action_instance</document>
        <document_key>9cec1c2b940121107f448479e46a472c</document_key>
        <order>7</order>
        <sys_class_name>sys_variable_value</sys_class_name>
        <sys_created_by>admin</sys_created_by>
        <sys_created_on>2023-02-22 04:13:05</sys_created_on>
        <sys_id>50ec1c2b940121107f448479e46a472f</sys_id>
        <sys_mod_count>0</sys_mod_count>
        <sys_updated_by>admin</sys_updated_by>
        <sys_updated_on>2023-02-22 04:13:05</sys_updated_on>
        <value/>
        <variable display_value="Body">ad806bf4a70323008299b39f087901f2</variable>
    </sys_variable_value>
    <sys_element_mapping action="delete_multiple" query="id=9cec1c2b940121107f448479e46a472c"/>
    <sys_element_mapping action="INSERT_OR_UPDATE">
        <field>ah_body</field>
        <id>9cec1c2b940121107f448479e46a472c</id>
        <sys_created_by>admin</sys_created_by>
        <sys_created_on>2023-02-22 04:13:05</sys_created_on>
        <sys_id>1cec1c2b940121107f448479e46a472e</sys_id>
        <sys_mod_count>0</sys_mod_count>
        <sys_updated_by>admin</sys_updated_by>
        <sys_updated_on>2023-02-22 04:13:05</sys_updated_on>
        <table>var__m_sys_hub_action_input_c1806bf4a70323008299b39f087901cb</table>
        <value>&lt;p data-tinymcerootblock=""&gt;Your request for resource&amp;nbsp;&lt;span class="data_parent_pill" style="display: inline;" contenteditable="false" data-pillvalue="{{fd_transform:66a226a5-7108-46c8-93ec-ad773bd94876}}"&gt;&lt;span class="data_pill  accepts_transform_functions" contenteditable="false" data-pillvalue="{{fd_transform:66a226a5-7108-46c8-93ec-ad773bd94876}}"&gt;&lt;span class="data-pill-content-container"&gt;&lt;span class="pills"&gt;&lt;span class="pill-text" data-for="ah_tooltipTop" data-tip="Trigger - Record Updated &amp;gt; ClientResource Record &amp;gt; What needed"&gt;&lt;span class="pill-start"&gt;Trigger - Record Updated&lt;/span&gt;&lt;span class="pill-arrow"&gt;&lt;span class="data-pill-label-caret"&gt;&lt;span class="data-pill-label-arrow"&gt;➛&lt;/span&gt;&lt;/span&gt;...&lt;span class="data-pill-label-caret"&gt;&lt;span class="data-pill-label-arrow"&gt;➛&lt;/span&gt;&lt;/span&gt;&lt;/span&gt;&lt;span class="pill-end"&gt;What needed&lt;/span&gt;&lt;/span&gt;&lt;/span&gt;&lt;button id="transform_function_facade_66a226a5-7108-46c8-93ec-ad773bd94876" class="transform_function_facade no_transform_applied"&gt;&lt;span class="inline-script-icon"&gt;&lt;span style="display: none;"&gt;​&lt;/span&gt;&lt;/span&gt;&lt;/button&gt;&lt;/span&gt;&lt;/span&gt;&lt;/span&gt; is&amp;nbsp;&lt;span class="data_parent_pill" style="display: inline;" contenteditable="false" data-pillvalue="{{fd_transform:1020658e-121d-439d-a709-fd07cdc49d5a}}"&gt;&lt;span class="data_pill  accepts_transform_functions" contenteditable="false" data-pillvalue="{{fd_transform:1020658e-121d-439d-a709-fd07cdc49d5a}}"&gt;&lt;span class="data-pill-content-container"&gt;&lt;span class="pills"&gt;&lt;span class="pill-text" data-for="ah_tooltipTop" data-tip="Trigger - Record Updated &amp;gt; ClientResource Record &amp;gt; State"&gt;&lt;span class="pill-start"&gt;Trigger - Record Updated&lt;/span&gt;&lt;span class="pill-arrow"&gt;&lt;span class="data-pill-label-caret"&gt;&lt;span class="data-pill-label-arrow"&gt;➛&lt;/span&gt;&lt;/span&gt;...&lt;span class="data-pill-label-caret"&gt;&lt;span class="data-pill-label-arrow"&gt;➛&lt;/span&gt;&lt;/span&gt;&lt;/span&gt;&lt;span class="pill-end"&gt;State&lt;/span&gt;&lt;/span&gt;&lt;/span&gt;&lt;button id="transform_function_facade_1020658e-121d-439d-a709-fd07cdc49d5a" class="transform_function_facade no_transform_applied"&gt;&lt;span class="inline-script-icon"&gt;&lt;span style="display: none;"&gt;​&lt;/span&gt;&lt;/span&gt;&lt;/button&gt;&lt;/span&gt;&lt;/span&gt;&lt;/span&gt;&lt;/p&gt;</value>
    </sys_element_mapping>
    <sys_element_mapping action="INSERT_OR_UPDATE">
        <field>ah_subject</field>
        <id>9cec1c2b940121107f448479e46a472c</id>
        <sys_created_by>admin</sys_created_by>
        <sys_created_on>2023-02-22 04:13:05</sys_created_on>
        <sys_id>dcec1c2b940121107f448479e46a472e</sys_id>
        <sys_mod_count>0</sys_mod_count>
        <sys_updated_by>admin</sys_updated_by>
        <sys_updated_on>2023-02-22 04:13:05</sys_updated_on>
        <table>var__m_sys_hub_action_input_c1806bf4a70323008299b39f087901cb</table>
        <value/>
    </sys_element_mapping>
    <sys_element_mapping action="INSERT_OR_UPDATE">
        <field>ah_to</field>
        <id>9cec1c2b940121107f448479e46a472c</id>
        <sys_created_by>admin</sys_created_by>
        <sys_created_on>2023-02-22 04:13:05</sys_created_on>
        <sys_id>58ec1c2b940121107f448479e46a472e</sys_id>
        <sys_mod_count>0</sys_mod_count>
        <sys_updated_by>admin</sys_updated_by>
        <sys_updated_on>2023-02-22 04:13:05</sys_updated_on>
        <table>var__m_sys_hub_action_input_c1806bf4a70323008299b39f087901cb</table>
        <value>{{Updated_1.current.u_requested_for.u_string_4}} </value>
    </sys_element_mapping>
    <sys_hub_input_scripts action="delete_multiple" query="instance=9cec1c2b940121107f448479e46a472c"/>
    <sys_hub_alias_mapping action="delete_multiple" query="source_id=9cec1c2b940121107f448479e46a472c"/>
    <sys_hub_sub_flow_instance action="delete_multiple" query="flow=54ecd82b940121107f448479e46a47f8"/>
    <sys_hub_flow_logic action="delete_multiple" query="flow=54ecd82b940121107f448479e46a47f8"/>
    <sys_hub_pill_compound action="delete_multiple" query="attached_to=54ecd82b940121107f448479e46a47f8^sys_idNOT IN64ec1c2b940121107f448479e46a4731,e0ec1c2b940121107f448479e46a4731"/>
    <sys_hub_pill_compound action="INSERT_OR_UPDATE">
        <attached_to>54ecd82b940121107f448479e46a47f8</attached_to>
        <extra_info/>
        <order>0</order>
        <prescription>{{Updated_1.current.state}}</prescription>
        <source_ui_id/>
        <sys_created_by>admin</sys_created_by>
        <sys_created_on>2023-02-22 04:13:05</sys_created_on>
        <sys_id>64ec1c2b940121107f448479e46a4731</sys_id>
        <sys_mod_count>0</sys_mod_count>
        <sys_scope display_value="ClientPro">6ead8e780f603200cd674f8ce1050ed1</sys_scope>
        <sys_updated_by>admin</sys_updated_by>
        <sys_updated_on>2023-02-22 04:13:05</sys_updated_on>
        <transform_compositions>[]</transform_compositions>
        <transform_definition_id/>
        <ui_id>1020658e-121d-439d-a709-fd07cdc49d5a</ui_id>
    </sys_hub_pill_compound>
    <sys_hub_pill_compound action="INSERT_OR_UPDATE">
        <attached_to>54ecd82b940121107f448479e46a47f8</attached_to>
        <extra_info/>
        <order>0</order>
        <prescription>{{Updated_1.current.u_what_needed}}</prescription>
        <source_ui_id/>
        <sys_created_by>admin</sys_created_by>
        <sys_created_on>2023-02-22 04:13:05</sys_created_on>
        <sys_id>e0ec1c2b940121107f448479e46a4731</sys_id>
        <sys_mod_count>0</sys_mod_count>
        <sys_scope display_value="ClientPro">6ead8e780f603200cd674f8ce1050ed1</sys_scope>
        <sys_updated_by>admin</sys_updated_by>
        <sys_updated_on>2023-02-22 04:13:05</sys_updated_on>
        <transform_compositions>[]</transform_compositions>
        <transform_definition_id/>
        <ui_id>66a226a5-7108-46c8-93ec-ad773bd94876</ui_id>
    </sys_hub_pill_compound>
    <sys_hub_flow_variable action="delete_multiple" query="model=54ecd82b940121107f448479e46a47f8"/>
    <sys_documentation action="delete_multiple" query="name=var__m_sys_hub_flow_input_54ecd82b940121107f448479e46a47f8^sys_idNOT IN10ec1c2b940121107f448479e46a4716,50ec1c2b940121107f448479e46a471e,d8ec1c2b940121107f448479e46a470d"/>
    <sys_documentation action="INSERT_OR_UPDATE">
        <element>changed_fields</element>
        <help/>
        <hint/>
        <label>Changed Fields</label>
        <language>en</language>
        <name>var__m_sys_hub_flow_input_54ecd82b940121107f448479e46a47f8</name>
        <plural/>
        <sys_class_name>sys_documentation</sys_class_name>
        <sys_created_by>admin</sys_created_by>
        <sys_created_on>2023-02-22 04:13:05</sys_created_on>
        <sys_id>10ec1c2b940121107f448479e46a4716</sys_id>
        <sys_mod_count>0</sys_mod_count>
        <sys_name/>
        <sys_package display_value="ClientPro" source="x_58872_ClientPro">6ead8e780f603200cd674f8ce1050ed1</sys_package>
        <sys_policy/>
        <sys_scope display_value="ClientPro">6ead8e780f603200cd674f8ce1050ed1</sys_scope>
        <sys_update_name/>
        <sys_updated_by>admin</sys_updated_by>
        <sys_updated_on>2023-02-22 04:13:05</sys_updated_on>
        <url/>
        <url_target/>
    </sys_documentation>
    <sys_documentation action="INSERT_OR_UPDATE">
        <element>table_name</element>
        <help/>
        <hint/>
        <label>Table Name</label>
        <language>en</language>
        <name>var__m_sys_hub_flow_input_54ecd82b940121107f448479e46a47f8</name>
        <plural/>
        <sys_class_name>sys_documentation</sys_class_name>
        <sys_created_by>admin</sys_created_by>
        <sys_created_on>2023-02-22 04:13:05</sys_created_on>
        <sys_id>50ec1c2b940121107f448479e46a471e</sys_id>
        <sys_mod_count>0</sys_mod_count>
        <sys_name/>
        <sys_package display_value="ClientPro" source="x_58872_ClientPro">6ead8e780f603200cd674f8ce1050ed1</sys_package>
        <sys_policy/>
        <sys_scope display_value="ClientPro">6ead8e780f603200cd674f8ce1050ed1</sys_scope>
        <sys_update_name/>
        <sys_updated_by>admin</sys_updated_by>
        <sys_updated_on>2023-02-22 04:13:05</sys_updated_on>
        <url/>
        <url_target/>
    </sys_documentation>
    <sys_documentation action="INSERT_OR_UPDATE">
        <element>current</element>
        <help/>
        <hint/>
        <label>Record</label>
        <language>en</language>
        <name>var__m_sys_hub_flow_input_54ecd82b940121107f448479e46a47f8</name>
        <plural/>
        <sys_class_name>sys_documentation</sys_class_name>
        <sys_created_by>admin</sys_created_by>
        <sys_created_on>2023-02-22 04:13:04</sys_created_on>
        <sys_id>d8ec1c2b940121107f448479e46a470d</sys_id>
        <sys_mod_count>0</sys_mod_count>
        <sys_name/>
        <sys_package display_value="ClientPro" source="x_58872_ClientPro">6ead8e780f603200cd674f8ce1050ed1</sys_package>
        <sys_policy/>
        <sys_scope display_value="ClientPro">6ead8e780f603200cd674f8ce1050ed1</sys_scope>
        <sys_update_name/>
        <sys_updated_by>admin</sys_updated_by>
        <sys_updated_on>2023-02-22 04:13:04</sys_updated_on>
        <url/>
        <url_target/>
    </sys_documentation>
    <sys_choice action="delete_multiple" query="name=var__m_sys_hub_flow_input_54ecd82b940121107f448479e46a47f8"/>
    <sys_documentation action="delete_multiple" query="name=var__m_sys_hub_flow_output_54ecd82b940121107f448479e46a47f8"/>
    <sys_choice action="delete_multiple" query="name=var__m_sys_hub_flow_output_54ecd82b940121107f448479e46a47f8"/>
    <sys_hub_flow action="update">
        <sys_id>3a5b5867940121107f448479e46a47d3</sys_id>
        <latest_snapshot>54ecd82b940121107f448479e46a47f8</latest_snapshot>
    </sys_hub_flow>
</record_update>
