<?xml version="1.0" encoding="UTF-8"?><record_update table="sys_email_client_from_address">
    <sys_email_client_from_address action="INSERT_OR_UPDATE">
        <display_name>Nvsai</display_name>
        <email_address>nagavenkatasai246@gmail.com</email_address>
        <sys_class_name>sys_email_client_from_address</sys_class_name>
        <sys_created_by>admin</sys_created_by>
        <sys_created_on>2023-02-21 17:38:05</sys_created_on>
        <sys_id>927bce9bf04d21107f442effab1b284f</sys_id>
        <sys_mod_count>0</sys_mod_count>
        <sys_name>nagavenkatasai246@gmail.com</sys_name>
        <sys_package display_value="ClientPro" source="x_58872_ClientPro">6ead8e780f603200cd674f8ce1050ed1</sys_package>
        <sys_policy/>
        <sys_scope display_value="ClientPro">6ead8e780f603200cd674f8ce1050ed1</sys_scope>
        <sys_update_name>sys_email_client_from_address_927bce9bf04d21107f442effab1b284f</sys_update_name>
        <sys_updated_by>admin</sys_updated_by>
        <sys_updated_on>2023-02-21 17:38:05</sys_updated_on>
    </sys_email_client_from_address>
</record_update>
