<?xml version="1.0" encoding="UTF-8"?><record_update table="sys_grid_canvas_pane">
    <sys_grid_canvas_pane action="INSERT_OR_UPDATE">
        <grid_canvas display_value="PA Reports Dashboard - New Tab">5deb202b944121107f448479e46a4701</grid_canvas>
        <height>18</height>
        <portal_widget display_value="Created 2023-02-22 05:19:37">4b1c602b944121107f448479e46a471c</portal_widget>
        <posx>6</posx>
        <posy>0</posy>
        <sys_class_name>sys_grid_canvas_pane</sys_class_name>
        <sys_created_by>admin</sys_created_by>
        <sys_created_on>2023-02-22 05:19:37</sys_created_on>
        <sys_id>071c602b944121107f448479e46a471e</sys_id>
        <sys_mod_count>2</sys_mod_count>
        <sys_name>5deb202b944121107f448479e46a4701</sys_name>
        <sys_package display_value="ClientPro" source="x_58872_ClientPro">6ead8e780f603200cd674f8ce1050ed1</sys_package>
        <sys_policy/>
        <sys_scope display_value="ClientPro">6ead8e780f603200cd674f8ce1050ed1</sys_scope>
        <sys_update_name>sys_grid_canvas_pane_071c602b944121107f448479e46a471e</sys_update_name>
        <sys_updated_by>admin</sys_updated_by>
        <sys_updated_on>2023-02-22 05:21:08</sys_updated_on>
        <width>6</width>
    </sys_grid_canvas_pane>
</record_update>
