<?xml version="1.0" encoding="UTF-8"?><record_update table="sys_security_acl_role">
    <sys_security_acl_role action="INSERT_OR_UPDATE">
        <sys_class_name>sys_security_acl_role</sys_class_name>
        <sys_created_by>admin</sys_created_by>
        <sys_created_on>2023-02-21 09:01:10</sys_created_on>
        <sys_id>2e3514d7f08521107f442effab1b28cc</sys_id>
        <sys_mod_count>0</sys_mod_count>
        <sys_name>x_58872_ClientPro_x_58872_clientpro_x_58872_clientpro_x_58872_clientpro_employee.x_58872_ClientPro.employeeprojects_user</sys_name>
        <sys_package display_value="ClientPro" source="x_58872_ClientPro">6ead8e780f603200cd674f8ce1050ed1</sys_package>
        <sys_policy/>
        <sys_scope display_value="ClientPro">6ead8e780f603200cd674f8ce1050ed1</sys_scope>
        <sys_security_acl display_value="x_58872_ClientPro_x_58872_clientpro_x_58872_clientpro_x_58872_clientpro_employee">663514d7f08521107f442effab1b28c9</sys_security_acl>
        <sys_update_name>sys_security_acl_role_2e3514d7f08521107f442effab1b28cc</sys_update_name>
        <sys_updated_by>admin</sys_updated_by>
        <sys_updated_on>2023-02-21 09:01:10</sys_updated_on>
        <sys_user_role display_value="x_58872_ClientPro.employeeprojects_user" name="x_58872_ClientPro.employeeprojects_user">aa35d0d7f08521107f442effab1b280c</sys_user_role>
        <transaction_id/>
    </sys_security_acl_role>
</record_update>
