<?xml version="1.0" encoding="UTF-8"?><record_update sys_domain="global" table="sys_hub_flow">
    <sys_hub_flow action="INSERT_OR_UPDATE">
        <access>public</access>
        <acls/>
        <active>true</active>
        <annotation/>
        <callable_by_client_api>false</callable_by_client_api>
        <category/>
        <compiler_build>glide-sandiego-12-22-2021__patch1-03-02-2022_03-17-2022_1811.zip</compiler_build>
        <copied_from/>
        <copied_from_name/>
        <description/>
        <internal_name>requestresourceflow</internal_name>
        <label_cache>[{"name":"cf84d4e2-5e8b-4110-b5fd-b203729961f1.record.u_reference_1.u_string_1","label":"1 - Update Record➛ClientResource Record➛Project➛Project Name","reference":"","reference_display":"Project Name","type":"string","base_type":"string","parent_table_name":"x_58872_ClientPro_x_58872_clientpro_x_58872_clientpro_x_58872_clientpro_employee","column_name":"u_string_1"},{"name":"cf84d4e2-5e8b-4110-b5fd-b203729961f1.record.u_requested_for.u_string_4","label":"1 - Update Record➛ClientResource Record➛Requested by➛Email","reference":"","reference_display":"Email","type":"string","base_type":"string","parent_table_name":"x_58872_ClientPro_x_58872_clientpro_x_58872_clientpro_x_58872_clientpro_data_emp","column_name":"u_string_4"},{"name":"cf84d4e2-5e8b-4110-b5fd-b203729961f1.record.assigned_to.email","label":"1 - Update Record➛ClientResource Record➛Assigned to➛Email","reference":"","reference_display":"Email","type":"email","base_type":"email","parent_table_name":"sys_user","column_name":"email"},{"name":"cf84d4e2-5e8b-4110-b5fd-b203729961f1.record.u_reference_1.u_reference_4.u_string_4","label":"1 - Update Record➛ClientResource Record➛Project➛Manager➛Email","reference":"","reference_display":"Email","type":"string","base_type":"string","parent_table_name":"x_58872_ClientPro_x_58872_clientpro_x_58872_clientpro_x_58872_clientpro_data_emp","column_name":"u_string_4"},{"name":"cf84d4e2-5e8b-4110-b5fd-b203729961f1.record.u_reference_1","label":"1 - Update Record➛ClientResource Record➛Project","reference":"x_58872_ClientPro_x_58872_clientpro_x_58872_clientpro_x_58872_clientpro_employee","reference_display":"EmployeeProjects","type":"reference","base_type":"reference","parent_table_name":"x_58872_ClientPro_x_58872_clientpro_x_58872_clientpro_x_58872_clientpro_clientpr","column_name":"u_reference_1"},{"name":"19f0c364-3543-485f-8f17-3340a500332e.__dont_treat_as_error__","label":"2 - Send Email➛Don\u0027t Treat as Error","reference_display":"Don\u0027t Treat as Error","type":"boolean","base_type":"boolean","attributes":{"uiType":"boolean","visible_in_ui":"false","action_error_output":"true","element_mapping_provider":"com.glide.flow_design.action.data.FlowDesignVariableMapper"}},{"name":"19f0c364-3543-485f-8f17-3340a500332e.__action_status__","label":"2 - Send Email➛Action Status","reference_display":"Action Status","type":"object","base_type":"object","attributes":{"uiType":"object","co_type_name":"FDACTIONSTATUS","action_error_output":"true","element_mapping_provider":"com.glide.flow_design.action.data.FlowDesignVariableMapper"}},{"name":"19f0c364-3543-485f-8f17-3340a500332e.email","label":"2 - Send Email➛email","reference":"sys_email","reference_display":"Email","type":"reference","base_type":"reference","attributes":{"element_mapping_provider":"com.glide.flow_design.action.data.FlowDesignVariableMapper"}},{"name":"Created_1.current","label":"Trigger - Record Created➛ClientResource Record","reference":"x_58872_ClientPro_x_58872_clientpro_x_58872_clientpro_x_58872_clientpro_clientpr","reference_display":"ClientResource","type":"reference","base_type":"reference","attributes":{}},{"name":"cf84d4e2-5e8b-4110-b5fd-b203729961f1.__dont_treat_as_error__","label":"1 - Update Record➛Don\u0027t Treat as Error","reference_display":"Don\u0027t Treat as Error","type":"boolean","base_type":"boolean","attributes":{"uiType":"boolean","visible_in_ui":"false","action_error_output":"true","element_mapping_provider":"com.glide.flow_design.action.data.FlowDesignVariableMapper"}},{"name":"cf84d4e2-5e8b-4110-b5fd-b203729961f1.__action_status__","label":"1 - Update Record➛Action Status","reference_display":"Action Status","type":"object","base_type":"object","attributes":{"uiType":"object","co_type_name":"FDACTIONSTATUS","action_error_output":"true","element_mapping_provider":"com.glide.flow_design.action.data.FlowDesignVariableMapper"}},{"name":"cf84d4e2-5e8b-4110-b5fd-b203729961f1.table_name","label":"1 - Update Record➛ClientResource Table","reference":"x_58872_ClientPro_x_58872_clientpro_x_58872_clientpro_x_58872_clientpro_clientpr","reference_display":"ClientResource","type":"table_name","base_type":"table_name","attributes":{"element_mapping_provider":"com.glide.flow_design.action.data.FlowDesignVariableMapper"}},{"name":"cf84d4e2-5e8b-4110-b5fd-b203729961f1.record","label":"1 - Update Record➛ClientResource Record","reference":"x_58872_ClientPro_x_58872_clientpro_x_58872_clientpro_x_58872_clientpro_clientpr","reference_display":"ClientResource","type":"reference","base_type":"reference","attributes":{"element_mapping_provider":"com.glide.flow_design.action.data.FlowDesignVariableMapper"}}]</label_cache>
        <master_snapshot>7d57c697f04d21107f442effab1b288f</master_snapshot>
        <name>RequestResourceFlow</name>
        <natlang/>
        <outputs/>
        <remote_trigger_id>74491827940121107f448479e46a479f</remote_trigger_id>
        <run_as>system</run_as>
        <run_with_roles/>
        <sc_callable>false</sc_callable>
        <show_draft_actions>false</show_draft_actions>
        <show_triggered_flows>false</show_triggered_flows>
        <status>published</status>
        <sys_class_name>sys_hub_flow</sys_class_name>
        <sys_created_by>admin</sys_created_by>
        <sys_created_on>2023-02-21 17:06:50</sys_created_on>
        <sys_domain>global</sys_domain>
        <sys_domain_path>/</sys_domain_path>
        <sys_id>4d6402d3f04d21107f442effab1b28a1</sys_id>
        <sys_mod_count>6</sys_mod_count>
        <sys_name>RequestResourceFlow</sys_name>
        <sys_overrides/>
        <sys_package display_value="ClientPro" source="x_58872_ClientPro">6ead8e780f603200cd674f8ce1050ed1</sys_package>
        <sys_policy/>
        <sys_scope display_value="ClientPro">6ead8e780f603200cd674f8ce1050ed1</sys_scope>
        <sys_update_name>sys_hub_flow_4d6402d3f04d21107f442effab1b28a1</sys_update_name>
        <sys_updated_by>admin</sys_updated_by>
        <sys_updated_on>2023-02-22 03:57:17</sys_updated_on>
        <type>flow</type>
    </sys_hub_flow>
    <sys_translated_text action="delete_multiple" query="documentkey=4d6402d3f04d21107f442effab1b28a1"/>
    <sys_variable_value action="delete_multiple" query="document_key=4d6402d3f04d21107f442effab1b28a1"/>
    <sys_flow_record_trigger action="INSERT_OR_UPDATE">
        <active>true</active>
        <condition table="x_58872_ClientPro_x_58872_clientpro_x_58872_clientpro_x_58872_clientpro_clientpr">^EQ<item endquery="true" field="" goto="false" newquery="false" operator="=" or="false" value=""/>
        </condition>
        <name/>
        <on_delete>false</on_delete>
        <on_insert>true</on_insert>
        <on_update>false</on_update>
        <run_flow_in>background</run_flow_in>
        <run_on_extended>false</run_on_extended>
        <run_when_setting>both</run_when_setting>
        <run_when_user_list/>
        <run_when_user_setting>any</run_when_user_setting>
        <sys_class_name>sys_flow_record_trigger</sys_class_name>
        <sys_created_by>admin</sys_created_by>
        <sys_created_on>2023-02-22 03:57:16</sys_created_on>
        <sys_domain>global</sys_domain>
        <sys_domain_path>/</sys_domain_path>
        <sys_id>74491827940121107f448479e46a479f</sys_id>
        <sys_mod_count>0</sys_mod_count>
        <sys_overrides/>
        <sys_scope display_value="ClientPro">6ead8e780f603200cd674f8ce1050ed1</sys_scope>
        <sys_updated_by>admin</sys_updated_by>
        <sys_updated_on>2023-02-22 03:57:16</sys_updated_on>
        <table>x_58872_ClientPro_x_58872_clientpro_x_58872_clientpro_x_58872_clientpro_clientpr</table>
    </sys_flow_record_trigger>
    <sys_trigger_runner_mapping action="INSERT_OR_UPDATE">
        <active>true</active>
        <data>{"table":"sys_trigger_runner_mapping","id":"30491827940121107f448479e46a47a0","name":"trigger_runner","type":"java.util.Collections$UnmodifiableMap"}</data>
        <identifier>4d6402d3f04d21107f442effab1b28a1</identifier>
        <runner>FDTriggerRunner</runner>
        <sys_created_by>admin</sys_created_by>
        <sys_created_on>2023-02-22 03:57:16</sys_created_on>
        <sys_id>30491827940121107f448479e46a47a0</sys_id>
        <sys_mod_count>1</sys_mod_count>
        <sys_updated_by>admin</sys_updated_by>
        <sys_updated_on>2023-02-22 03:57:16</sys_updated_on>
        <trigger display_value="">74491827940121107f448479e46a479f</trigger>
    </sys_trigger_runner_mapping>
    <sys_json_chunk action="INSERT_OR_UPDATE">
        <data>H4sIAAAAAAAAAGXLWwqAIBBA0b3MdytwKxGD5fggGUFHLKK99yAo6Pce7ga5MtqYGgYGBaOeZpdTZQPdTc0TYy2UMYYioPrh0wuJBHbXl8T/jpc1r48mRlqE2JA5u9WxEOwH5v2lw4YAAAA=</data>
        <document_id>30491827940121107f448479e46a47a0</document_id>
        <field>trigger_runner</field>
        <length>144</length>
        <position>0</position>
        <source_table>sys_trigger_runner_mapping</source_table>
        <sys_created_by>admin</sys_created_by>
        <sys_created_on>2023-02-22 03:57:16</sys_created_on>
        <sys_id>38491827940121107f448479e46a47a0</sys_id>
    </sys_json_chunk>
    <sys_trigger_runner_mapping action="delete_multiple" query="identifier=4d6402d3f04d21107f442effab1b28a1^sys_idNOT IN30491827940121107f448479e46a47a0"/>
    <sys_hub_trigger_instance action="delete_multiple" query="flow=4d6402d3f04d21107f442effab1b28a1^sys_idNOT INaf478697f04d21107f442effab1b2842"/>
    <sys_hub_trigger_instance action="INSERT_OR_UPDATE">
        <comment/>
        <display_text/>
        <flow display_value="RequestResourceFlow">4d6402d3f04d21107f442effab1b28a1</flow>
        <name>Created</name>
        <remote_sys_id/>
        <sys_created_by>admin</sys_created_by>
        <sys_created_on>2023-02-21 17:19:35</sys_created_on>
        <sys_id>af478697f04d21107f442effab1b2842</sys_id>
        <sys_mod_count>6</sys_mod_count>
        <sys_scope/>
        <sys_updated_by>admin</sys_updated_by>
        <sys_updated_on>2023-02-22 03:57:16</sys_updated_on>
        <trigger_definition display_value="Created">798916a0c31322002841b63b12d3ae7c</trigger_definition>
        <trigger_inputs/>
        <trigger_outputs/>
        <trigger_type>record_create</trigger_type>
    </sys_hub_trigger_instance>
    <sys_variable_value action="delete_multiple" query="document_key=af478697f04d21107f442effab1b2842"/>
    <sys_variable_value action="INSERT_OR_UPDATE">
        <document>sys_hub_trigger_instance</document>
        <document_key>af478697f04d21107f442effab1b2842</document_key>
        <order>100</order>
        <sys_class_name>sys_variable_value</sys_class_name>
        <sys_created_by>admin</sys_created_by>
        <sys_created_on>2023-02-21 17:19:35</sys_created_on>
        <sys_id>23478697f04d21107f442effab1b2845</sys_id>
        <sys_mod_count>0</sys_mod_count>
        <sys_updated_by>admin</sys_updated_by>
        <sys_updated_on>2023-02-21 17:19:35</sys_updated_on>
        <value>^EQ</value>
        <variable display_value="Condition">66aadea0c31322002841b63b12d3aebf</variable>
    </sys_variable_value>
    <sys_variable_value action="INSERT_OR_UPDATE">
        <document>sys_hub_trigger_instance</document>
        <document_key>af478697f04d21107f442effab1b2842</document_key>
        <order>1</order>
        <sys_class_name>sys_variable_value</sys_class_name>
        <sys_created_by>admin</sys_created_by>
        <sys_created_on>2023-02-21 17:19:35</sys_created_on>
        <sys_id>ab478697f04d21107f442effab1b2845</sys_id>
        <sys_mod_count>0</sys_mod_count>
        <sys_updated_by>admin</sys_updated_by>
        <sys_updated_on>2023-02-21 17:19:35</sys_updated_on>
        <value>x_58872_ClientPro_x_58872_clientpro_x_58872_clientpro_x_58872_clientpro_clientpr</value>
        <variable display_value="Table">cfca92e0c31322002841b63b12d3ae00</variable>
    </sys_variable_value>
    <sys_hub_flow_stage action="delete_multiple" query="flow=4d6402d3f04d21107f442effab1b28a1"/>
    <sys_flow_cat_variable_model action="delete_multiple" query="id=4d6402d3f04d21107f442effab1b28a1^sys_idNOT INc964c6d3f04d21107f442effab1b284b"/>
    <sys_flow_cat_variable_model action="INSERT_OR_UPDATE">
        <id>4d6402d3f04d21107f442effab1b28a1</id>
        <name>RequestResourceFlow</name>
        <sys_created_by>admin</sys_created_by>
        <sys_created_on>2023-02-21 17:06:50</sys_created_on>
        <sys_id>c964c6d3f04d21107f442effab1b284b</sys_id>
        <sys_mod_count>0</sys_mod_count>
        <sys_scope/>
        <sys_updated_by>admin</sys_updated_by>
        <sys_updated_on>2023-02-21 17:06:50</sys_updated_on>
    </sys_flow_cat_variable_model>
    <sys_flow_cat_variable action="delete_multiple" query="flow_catalog_model=c964c6d3f04d21107f442effab1b284b"/>
    <sys_hub_flow_input action="delete_multiple" query="model=4d6402d3f04d21107f442effab1b28a1^sys_idNOT IN23478697f04d21107f442effab1b283e,e3478697f04d21107f442effab1b2836"/>
    <sys_hub_flow_input action="INSERT_OR_UPDATE">
        <active>true</active>
        <array>false</array>
        <array_denormalized>false</array_denormalized>
        <attributes>element_mapping_provider=com.glide.flow_design.action.data.FlowDesignVariableMapper,test_input_hidden=true,uiType=table_name</attributes>
        <audit>false</audit>
        <calculation><![CDATA[(function calculatedFieldValue(current) {

	// Add your code here
	return '';  // return the calculated value

})(current);]]></calculation>
        <choice/>
        <choice_field/>
        <choice_table/>
        <column_label/>
        <comments/>
        <create_roles/>
        <default_value/>
        <defaultsort/>
        <delete_roles/>
        <dependent/>
        <dependent_on_field/>
        <display>false</display>
        <dynamic_creation>false</dynamic_creation>
        <dynamic_creation_script/>
        <dynamic_default_value/>
        <dynamic_ref_qual/>
        <element>table_name</element>
        <element_reference>false</element_reference>
        <foreign_database/>
        <function_definition/>
        <function_field>false</function_field>
        <help/>
        <hint/>
        <internal_type display_value="">table_name</internal_type>
        <label>Table Name</label>
        <mandatory>false</mandatory>
        <max_length>200</max_length>
        <model display_value="RequestResourceFlow">4d6402d3f04d21107f442effab1b28a1</model>
        <model_id>4d6402d3f04d21107f442effab1b28a1</model_id>
        <model_table>sys_hub_flow</model_table>
        <name>var__m_sys_hub_flow_input_4d6402d3f04d21107f442effab1b28a1</name>
        <next_element/>
        <order>101</order>
        <primary>false</primary>
        <read_only>false</read_only>
        <read_roles/>
        <reference/>
        <reference_cascade_rule/>
        <reference_floats>false</reference_floats>
        <reference_key/>
        <reference_qual/>
        <reference_qual_condition/>
        <reference_type/>
        <sizeclass/>
        <spell_check>false</spell_check>
        <staged>false</staged>
        <sys_class_name>sys_hub_flow_input</sys_class_name>
        <sys_created_by>admin</sys_created_by>
        <sys_created_on>2023-02-21 17:19:35</sys_created_on>
        <sys_id>23478697f04d21107f442effab1b283e</sys_id>
        <sys_mod_count>3</sys_mod_count>
        <sys_name/>
        <sys_package/>
        <sys_policy/>
        <sys_scope display_value="ClientPro">6ead8e780f603200cd674f8ce1050ed1</sys_scope>
        <sys_update_name/>
        <sys_updated_by>admin</sys_updated_by>
        <sys_updated_on>2023-02-22 03:57:16</sys_updated_on>
        <table_reference>false</table_reference>
        <text_index>false</text_index>
        <unique>false</unique>
        <use_dependent_field>false</use_dependent_field>
        <use_dynamic_default>false</use_dynamic_default>
        <use_reference_qualifier>simple</use_reference_qualifier>
        <virtual>false</virtual>
        <widget/>
        <write_roles/>
        <xml_view>false</xml_view>
    </sys_hub_flow_input>
    <sys_hub_flow_input action="INSERT_OR_UPDATE">
        <active>true</active>
        <array>false</array>
        <array_denormalized>false</array_denormalized>
        <attributes>element_mapping_provider=com.glide.flow_design.action.data.FlowDesignVariableMapper,uiType=document_id</attributes>
        <audit>false</audit>
        <calculation><![CDATA[(function calculatedFieldValue(current) {

	// Add your code here
	return '';  // return the calculated value

})(current);]]></calculation>
        <choice/>
        <choice_field/>
        <choice_table/>
        <column_label/>
        <comments/>
        <create_roles/>
        <default_value/>
        <defaultsort/>
        <delete_roles/>
        <dependent>table_name</dependent>
        <dependent_on_field>table_name</dependent_on_field>
        <display>false</display>
        <dynamic_creation>false</dynamic_creation>
        <dynamic_creation_script/>
        <dynamic_default_value/>
        <dynamic_ref_qual/>
        <element>current</element>
        <element_reference>false</element_reference>
        <foreign_database/>
        <function_definition/>
        <function_field>false</function_field>
        <help/>
        <hint/>
        <internal_type display_value="">document_id</internal_type>
        <label>Record</label>
        <mandatory>true</mandatory>
        <max_length>200</max_length>
        <model display_value="RequestResourceFlow">4d6402d3f04d21107f442effab1b28a1</model>
        <model_id>4d6402d3f04d21107f442effab1b28a1</model_id>
        <model_table>sys_hub_flow</model_table>
        <name>var__m_sys_hub_flow_input_4d6402d3f04d21107f442effab1b28a1</name>
        <next_element/>
        <order>100</order>
        <primary>false</primary>
        <read_only>false</read_only>
        <read_roles/>
        <reference/>
        <reference_cascade_rule/>
        <reference_floats>false</reference_floats>
        <reference_key/>
        <reference_qual/>
        <reference_qual_condition/>
        <reference_type/>
        <sizeclass/>
        <spell_check>false</spell_check>
        <staged>false</staged>
        <sys_class_name>sys_hub_flow_input</sys_class_name>
        <sys_created_by>admin</sys_created_by>
        <sys_created_on>2023-02-21 17:19:35</sys_created_on>
        <sys_id>e3478697f04d21107f442effab1b2836</sys_id>
        <sys_mod_count>3</sys_mod_count>
        <sys_name/>
        <sys_package/>
        <sys_policy/>
        <sys_scope display_value="ClientPro">6ead8e780f603200cd674f8ce1050ed1</sys_scope>
        <sys_update_name/>
        <sys_updated_by>admin</sys_updated_by>
        <sys_updated_on>2023-02-22 03:57:16</sys_updated_on>
        <table_reference>false</table_reference>
        <text_index>false</text_index>
        <unique>false</unique>
        <use_dependent_field>true</use_dependent_field>
        <use_dynamic_default>false</use_dynamic_default>
        <use_reference_qualifier>simple</use_reference_qualifier>
        <virtual>false</virtual>
        <widget/>
        <write_roles/>
        <xml_view>false</xml_view>
    </sys_hub_flow_input>
    <sys_hub_flow_output action="delete_multiple" query="model=4d6402d3f04d21107f442effab1b28a1"/>
    <sys_hub_alias_mapping action="delete_multiple" query="source_id=4d6402d3f04d21107f442effab1b28a1"/>
    <sys_hub_action_instance action="delete_multiple" query="flow=4d6402d3f04d21107f442effab1b28a1^sys_idNOT IN73478697f04d21107f442effab1b2857,b7478697f04d21107f442effab1b2879"/>
    <sys_hub_action_instance action="INSERT_OR_UPDATE">
        <action_inputs/>
        <action_inputs/>
        <action_type display_value="Update Record">f9d01dd2c31332002841b63b12d3aea1</action_type>
        <action_type_parent/>
        <comment/>
        <compiled_snapshot>f9d01dd2c31332002841b63b12d3aea1</compiled_snapshot>
        <display_text/>
        <flow display_value="RequestResourceFlow">4d6402d3f04d21107f442effab1b28a1</flow>
        <order>1</order>
        <parent_ui_id/>
        <sys_class_name>sys_hub_action_instance</sys_class_name>
        <sys_created_by>admin</sys_created_by>
        <sys_created_on>2023-02-21 17:19:35</sys_created_on>
        <sys_id>73478697f04d21107f442effab1b2857</sys_id>
        <sys_mod_count>16</sys_mod_count>
        <sys_scope display_value="ClientPro">6ead8e780f603200cd674f8ce1050ed1</sys_scope>
        <sys_updated_by>system</sys_updated_by>
        <sys_updated_on>2023-02-22 04:02:34</sys_updated_on>
        <ui_id>cf84d4e2-5e8b-4110-b5fd-b203729961f1</ui_id>
    </sys_hub_action_instance>
    <sys_variable_value action="delete_multiple" query="document_key=73478697f04d21107f442effab1b2857"/>
    <sys_variable_value action="INSERT_OR_UPDATE">
        <document>sys_hub_action_instance</document>
        <document_key>73478697f04d21107f442effab1b2857</document_key>
        <order>50</order>
        <sys_class_name>sys_variable_value</sys_class_name>
        <sys_created_by>admin</sys_created_by>
        <sys_created_on>2023-02-21 17:19:35</sys_created_on>
        <sys_id>b7478697f04d21107f442effab1b285a</sys_id>
        <sys_mod_count>0</sys_mod_count>
        <sys_updated_by>admin</sys_updated_by>
        <sys_updated_on>2023-02-21 17:19:35</sys_updated_on>
        <value>x_58872_ClientPro_x_58872_clientpro_x_58872_clientpro_x_58872_clientpro_clientpr</value>
        <variable display_value="Table">b5d01916c31332002841b63b12d3aec9</variable>
    </sys_variable_value>
    <sys_variable_value action="INSERT_OR_UPDATE">
        <document>sys_hub_action_instance</document>
        <document_key>73478697f04d21107f442effab1b2857</document_key>
        <order>100</order>
        <sys_class_name>sys_variable_value</sys_class_name>
        <sys_created_by>admin</sys_created_by>
        <sys_created_on>2023-02-21 17:19:35</sys_created_on>
        <sys_id>f3478697f04d21107f442effab1b285a</sys_id>
        <sys_mod_count>0</sys_mod_count>
        <sys_updated_by>admin</sys_updated_by>
        <sys_updated_on>2023-02-21 17:19:35</sys_updated_on>
        <value>state=14</value>
        <variable display_value="Fields">02d01916c31332002841b63b12d3aeee</variable>
    </sys_variable_value>
    <sys_element_mapping action="delete_multiple" query="id=73478697f04d21107f442effab1b2857"/>
    <sys_element_mapping action="INSERT_OR_UPDATE">
        <field>record</field>
        <id>73478697f04d21107f442effab1b2857</id>
        <sys_created_by>admin</sys_created_by>
        <sys_created_on>2023-02-21 17:19:35</sys_created_on>
        <sys_id>bf478697f04d21107f442effab1b2859</sys_id>
        <sys_mod_count>0</sys_mod_count>
        <sys_updated_by>admin</sys_updated_by>
        <sys_updated_on>2023-02-21 17:19:35</sys_updated_on>
        <table>var__m_sys_hub_action_input_f9d01dd2c31332002841b63b12d3aea1</table>
        <value>{{Created_1.current}}</value>
    </sys_element_mapping>
    <sys_element_mapping action="INSERT_OR_UPDATE">
        <field>table_name</field>
        <id>73478697f04d21107f442effab1b2857</id>
        <sys_created_by>admin</sys_created_by>
        <sys_created_on>2023-02-21 17:19:35</sys_created_on>
        <sys_id>77478697f04d21107f442effab1b2859</sys_id>
        <sys_mod_count>0</sys_mod_count>
        <sys_updated_by>admin</sys_updated_by>
        <sys_updated_on>2023-02-21 17:19:35</sys_updated_on>
        <table>var__m_sys_hub_action_input_f9d01dd2c31332002841b63b12d3aea1</table>
        <value/>
    </sys_element_mapping>
    <sys_element_mapping action="INSERT_OR_UPDATE">
        <field>values</field>
        <id>73478697f04d21107f442effab1b2857</id>
        <sys_created_by>admin</sys_created_by>
        <sys_created_on>2023-02-21 17:19:35</sys_created_on>
        <sys_id>73478697f04d21107f442effab1b285a</sys_id>
        <sys_mod_count>0</sys_mod_count>
        <sys_updated_by>admin</sys_updated_by>
        <sys_updated_on>2023-02-21 17:19:35</sys_updated_on>
        <table>var__m_sys_hub_action_input_f9d01dd2c31332002841b63b12d3aea1</table>
        <value/>
    </sys_element_mapping>
    <sys_hub_input_scripts action="delete_multiple" query="instance=73478697f04d21107f442effab1b2857"/>
    <sys_hub_alias_mapping action="delete_multiple" query="source_id=73478697f04d21107f442effab1b2857"/>
    <sys_hub_action_instance action="INSERT_OR_UPDATE">
        <action_inputs/>
        <action_inputs/>
        <action_type display_value="Send Email">c1806bf4a70323008299b39f087901cb</action_type>
        <action_type_parent/>
        <comment/>
        <compiled_snapshot>c1806bf4a70323008299b39f087901cb</compiled_snapshot>
        <display_text/>
        <flow display_value="RequestResourceFlow">4d6402d3f04d21107f442effab1b28a1</flow>
        <order>2</order>
        <parent_ui_id/>
        <sys_class_name>sys_hub_action_instance</sys_class_name>
        <sys_created_by>admin</sys_created_by>
        <sys_created_on>2023-02-21 17:19:36</sys_created_on>
        <sys_id>b7478697f04d21107f442effab1b2879</sys_id>
        <sys_mod_count>16</sys_mod_count>
        <sys_scope display_value="ClientPro">6ead8e780f603200cd674f8ce1050ed1</sys_scope>
        <sys_updated_by>system</sys_updated_by>
        <sys_updated_on>2023-02-22 04:02:34</sys_updated_on>
        <ui_id>19f0c364-3543-485f-8f17-3340a500332e</ui_id>
    </sys_hub_action_instance>
    <sys_variable_value action="delete_multiple" query="document_key=b7478697f04d21107f442effab1b2879"/>
    <sys_variable_value action="INSERT_OR_UPDATE">
        <document>sys_hub_action_instance</document>
        <document_key>b7478697f04d21107f442effab1b2879</document_key>
        <order>6</order>
        <sys_class_name>sys_variable_value</sys_class_name>
        <sys_created_by>admin</sys_created_by>
        <sys_created_on>2023-02-21 17:19:36</sys_created_on>
        <sys_id>77478697f04d21107f442effab1b287c</sys_id>
        <sys_mod_count>0</sys_mod_count>
        <sys_updated_by>admin</sys_updated_by>
        <sys_updated_on>2023-02-21 17:19:36</sys_updated_on>
        <value>New Resourse Request﻿</value>
        <variable display_value="Subject">5d806bf4a70323008299b39f087901ec</variable>
    </sys_variable_value>
    <sys_variable_value action="INSERT_OR_UPDATE">
        <document>sys_hub_action_instance</document>
        <document_key>b7478697f04d21107f442effab1b2879</document_key>
        <order>7</order>
        <sys_class_name>sys_variable_value</sys_class_name>
        <sys_created_by>admin</sys_created_by>
        <sys_created_on>2023-02-21 17:19:36</sys_created_on>
        <sys_id>b3478697f04d21107f442effab1b287c</sys_id>
        <sys_mod_count>0</sys_mod_count>
        <sys_updated_by>admin</sys_updated_by>
        <sys_updated_on>2023-02-21 17:19:36</sys_updated_on>
        <value/>
        <variable display_value="Body">ad806bf4a70323008299b39f087901f2</variable>
    </sys_variable_value>
    <sys_element_mapping action="delete_multiple" query="id=b7478697f04d21107f442effab1b2879"/>
    <sys_element_mapping action="INSERT_OR_UPDATE">
        <field>ah_body</field>
        <id>b7478697f04d21107f442effab1b2879</id>
        <sys_created_by>admin</sys_created_by>
        <sys_created_on>2023-02-21 17:19:36</sys_created_on>
        <sys_id>7f478697f04d21107f442effab1b287b</sys_id>
        <sys_mod_count>1</sys_mod_count>
        <sys_updated_by>admin</sys_updated_by>
        <sys_updated_on>2023-02-22 03:57:04</sys_updated_on>
        <table>var__m_sys_hub_action_input_c1806bf4a70323008299b39f087901cb</table>
        <value>&lt;p data-tinymcerootblock=""&gt;Requested by: &lt;span class="data_parent_pill" style="display: inline;" contenteditable="false" data-pillvalue="{{fd_transform:a190a8ef-bb8f-4cd8-970c-476115bd6838}}"&gt;&lt;span class="data_pill  accepts_transform_functions" contenteditable="false" data-pillvalue="{{fd_transform:a190a8ef-bb8f-4cd8-970c-476115bd6838}}"&gt;&lt;span class="data-pill-content-container"&gt;&lt;span class="pills"&gt;&lt;span class="pill-text" data-for="ah_tooltipTop" data-tip="1 - Update Record &amp;gt; ClientResource Record &amp;gt; Requested by &amp;gt; Email"&gt;&lt;span class="pill-start"&gt;1 - Update Record&lt;/span&gt;&lt;span class="pill-arrow"&gt;&lt;span class="data-pill-label-caret"&gt;&lt;span class="data-pill-label-arrow"&gt;➛&lt;/span&gt;&lt;/span&gt;...&lt;span class="data-pill-label-caret"&gt;&lt;span class="data-pill-label-arrow"&gt;➛&lt;/span&gt;&lt;/span&gt;&lt;/span&gt;&lt;span class="pill-end"&gt;Email&lt;/span&gt;&lt;/span&gt;&lt;/span&gt;&lt;button id="transform_function_facade_a190a8ef-bb8f-4cd8-970c-476115bd6838" class="transform_function_facade no_transform_applied"&gt;&lt;span class="inline-script-icon"&gt;&lt;span style="display: none;"&gt;​&lt;/span&gt;&lt;/span&gt;&lt;/button&gt;&lt;/span&gt;&lt;/span&gt;&lt;/span&gt;&lt;/p&gt;
&lt;p data-tinymcerootblock=""&gt;For project:&lt;span class="data_parent_pill" style="display: inline;" contenteditable="false" data-pillvalue="{{fd_transform:2813dd40-4843-422c-a1dd-93afca8d439f}}"&gt;&lt;span class="data_pill  accepts_transform_functions" contenteditable="false" data-pillvalue="{{fd_transform:2813dd40-4843-422c-a1dd-93afca8d439f}}"&gt;&lt;span class="data-pill-content-container"&gt;&lt;span class="pills"&gt;&lt;span class="pill-text" data-for="ah_tooltipTop" data-tip="1 - Update Record &amp;gt; ClientResource Record &amp;gt; Project &amp;gt; Project Name"&gt;&lt;span class="pill-start"&gt;1 - Update Record&lt;/span&gt;&lt;span class="pill-arrow"&gt;&lt;span class="data-pill-label-caret"&gt;&lt;span class="data-pill-label-arrow"&gt;➛&lt;/span&gt;&lt;/span&gt;...&lt;span class="data-pill-label-caret"&gt;&lt;span class="data-pill-label-arrow"&gt;➛&lt;/span&gt;&lt;/span&gt;&lt;/span&gt;&lt;span class="pill-end"&gt;Project Name&lt;/span&gt;&lt;/span&gt;&lt;/span&gt;&lt;button id="transform_function_facade_2813dd40-4843-422c-a1dd-93afca8d439f" class="transform_function_facade no_transform_applied"&gt;&lt;span class="inline-script-icon"&gt;&lt;span style="display: none;"&gt;​&lt;/span&gt;&lt;/span&gt;&lt;/button&gt;&lt;/span&gt;&lt;/span&gt;&lt;/span&gt;&lt;/p&gt;
&lt;p data-tinymcerootblock=""&gt;Notification From ClientPro&lt;/p&gt;
&lt;p data-tinymcerootblock=""&gt;&amp;nbsp;&lt;/p&gt;</value>
    </sys_element_mapping>
    <sys_element_mapping action="INSERT_OR_UPDATE">
        <field>ah_subject</field>
        <id>b7478697f04d21107f442effab1b2879</id>
        <sys_created_by>admin</sys_created_by>
        <sys_created_on>2023-02-21 17:19:36</sys_created_on>
        <sys_id>33478697f04d21107f442effab1b287c</sys_id>
        <sys_mod_count>0</sys_mod_count>
        <sys_updated_by>admin</sys_updated_by>
        <sys_updated_on>2023-02-21 17:19:36</sys_updated_on>
        <table>var__m_sys_hub_action_input_c1806bf4a70323008299b39f087901cb</table>
        <value/>
    </sys_element_mapping>
    <sys_element_mapping action="INSERT_OR_UPDATE">
        <field>ah_to</field>
        <id>b7478697f04d21107f442effab1b2879</id>
        <sys_created_by>admin</sys_created_by>
        <sys_created_on>2023-02-21 17:19:36</sys_created_on>
        <sys_id>bb478697f04d21107f442effab1b287b</sys_id>
        <sys_mod_count>0</sys_mod_count>
        <sys_updated_by>admin</sys_updated_by>
        <sys_updated_on>2023-02-21 17:19:36</sys_updated_on>
        <table>var__m_sys_hub_action_input_c1806bf4a70323008299b39f087901cb</table>
        <value>{{cf84d4e2-5e8b-4110-b5fd-b203729961f1.record.u_reference_1.u_reference_4.u_string_4}} </value>
    </sys_element_mapping>
    <sys_hub_input_scripts action="delete_multiple" query="instance=b7478697f04d21107f442effab1b2879"/>
    <sys_hub_alias_mapping action="delete_multiple" query="source_id=b7478697f04d21107f442effab1b2879"/>
    <sys_hub_sub_flow_instance action="delete_multiple" query="flow=4d6402d3f04d21107f442effab1b28a1"/>
    <sys_hub_flow_logic action="delete_multiple" query="flow=4d6402d3f04d21107f442effab1b28a1"/>
    <sys_hub_pill_compound action="delete_multiple" query="attached_to=4d6402d3f04d21107f442effab1b28a1^sys_idNOT IN33478697f04d21107f442effab1b287f,3f478697f04d21107f442effab1b287f,7b478697f04d21107f442effab1b287f"/>
    <sys_hub_pill_compound action="INSERT_OR_UPDATE">
        <attached_to>4d6402d3f04d21107f442effab1b28a1</attached_to>
        <extra_info/>
        <order>0</order>
        <prescription>{{cf84d4e2-5e8b-4110-b5fd-b203729961f1.record.assigned_to.email}}</prescription>
        <source_ui_id/>
        <sys_created_by>admin</sys_created_by>
        <sys_created_on>2023-02-21 17:19:36</sys_created_on>
        <sys_id>33478697f04d21107f442effab1b287f</sys_id>
        <sys_mod_count>0</sys_mod_count>
        <sys_scope display_value="ClientPro">6ead8e780f603200cd674f8ce1050ed1</sys_scope>
        <sys_updated_by>admin</sys_updated_by>
        <sys_updated_on>2023-02-21 17:19:36</sys_updated_on>
        <transform_compositions>[]</transform_compositions>
        <transform_definition_id/>
        <ui_id>8cfc2fb2-2b50-4ea2-888c-ee0177e1987b</ui_id>
    </sys_hub_pill_compound>
    <sys_hub_pill_compound action="INSERT_OR_UPDATE">
        <attached_to>4d6402d3f04d21107f442effab1b28a1</attached_to>
        <extra_info/>
        <order>0</order>
        <prescription>{{cf84d4e2-5e8b-4110-b5fd-b203729961f1.record.u_reference_1.u_string_1}}</prescription>
        <source_ui_id/>
        <sys_created_by>admin</sys_created_by>
        <sys_created_on>2023-02-21 17:19:36</sys_created_on>
        <sys_id>3f478697f04d21107f442effab1b287f</sys_id>
        <sys_mod_count>0</sys_mod_count>
        <sys_scope display_value="ClientPro">6ead8e780f603200cd674f8ce1050ed1</sys_scope>
        <sys_updated_by>admin</sys_updated_by>
        <sys_updated_on>2023-02-21 17:19:36</sys_updated_on>
        <transform_compositions>[]</transform_compositions>
        <transform_definition_id/>
        <ui_id>2813dd40-4843-422c-a1dd-93afca8d439f</ui_id>
    </sys_hub_pill_compound>
    <sys_hub_pill_compound action="INSERT_OR_UPDATE">
        <attached_to>4d6402d3f04d21107f442effab1b28a1</attached_to>
        <extra_info/>
        <order>0</order>
        <prescription>{{cf84d4e2-5e8b-4110-b5fd-b203729961f1.record.u_requested_for.u_string_4}}</prescription>
        <source_ui_id/>
        <sys_created_by>admin</sys_created_by>
        <sys_created_on>2023-02-21 17:19:36</sys_created_on>
        <sys_id>7b478697f04d21107f442effab1b287f</sys_id>
        <sys_mod_count>0</sys_mod_count>
        <sys_scope display_value="ClientPro">6ead8e780f603200cd674f8ce1050ed1</sys_scope>
        <sys_updated_by>admin</sys_updated_by>
        <sys_updated_on>2023-02-21 17:19:36</sys_updated_on>
        <transform_compositions>[]</transform_compositions>
        <transform_definition_id/>
        <ui_id>a190a8ef-bb8f-4cd8-970c-476115bd6838</ui_id>
    </sys_hub_pill_compound>
    <sys_hub_flow_variable action="delete_multiple" query="model=4d6402d3f04d21107f442effab1b28a1"/>
    <sys_documentation action="delete_multiple" query="name=var__m_sys_hub_flow_input_4d6402d3f04d21107f442effab1b28a1^sys_idNOT IN6b478697f04d21107f442effab1b2840,eb478697f04d21107f442effab1b283c"/>
    <sys_documentation action="INSERT_OR_UPDATE">
        <element>table_name</element>
        <help/>
        <hint/>
        <label>Table Name</label>
        <language>en</language>
        <name>var__m_sys_hub_flow_input_4d6402d3f04d21107f442effab1b28a1</name>
        <plural/>
        <sys_class_name>sys_documentation</sys_class_name>
        <sys_created_by>admin</sys_created_by>
        <sys_created_on>2023-02-21 17:19:35</sys_created_on>
        <sys_id>6b478697f04d21107f442effab1b2840</sys_id>
        <sys_mod_count>0</sys_mod_count>
        <sys_name/>
        <sys_package display_value="ClientPro" source="x_58872_ClientPro">6ead8e780f603200cd674f8ce1050ed1</sys_package>
        <sys_policy/>
        <sys_scope display_value="ClientPro">6ead8e780f603200cd674f8ce1050ed1</sys_scope>
        <sys_update_name/>
        <sys_updated_by>admin</sys_updated_by>
        <sys_updated_on>2023-02-21 17:19:35</sys_updated_on>
        <url/>
        <url_target/>
    </sys_documentation>
    <sys_documentation action="INSERT_OR_UPDATE">
        <element>current</element>
        <help/>
        <hint/>
        <label>Record</label>
        <language>en</language>
        <name>var__m_sys_hub_flow_input_4d6402d3f04d21107f442effab1b28a1</name>
        <plural/>
        <sys_class_name>sys_documentation</sys_class_name>
        <sys_created_by>admin</sys_created_by>
        <sys_created_on>2023-02-21 17:19:35</sys_created_on>
        <sys_id>eb478697f04d21107f442effab1b283c</sys_id>
        <sys_mod_count>0</sys_mod_count>
        <sys_name/>
        <sys_package display_value="ClientPro" source="x_58872_ClientPro">6ead8e780f603200cd674f8ce1050ed1</sys_package>
        <sys_policy/>
        <sys_scope display_value="ClientPro">6ead8e780f603200cd674f8ce1050ed1</sys_scope>
        <sys_update_name/>
        <sys_updated_by>admin</sys_updated_by>
        <sys_updated_on>2023-02-21 17:19:35</sys_updated_on>
        <url/>
        <url_target/>
    </sys_documentation>
    <sys_choice action="delete_multiple" query="name=var__m_sys_hub_flow_input_4d6402d3f04d21107f442effab1b28a1"/>
    <sys_documentation action="delete_multiple" query="name=var__m_sys_hub_flow_output_4d6402d3f04d21107f442effab1b28a1"/>
    <sys_choice action="delete_multiple" query="name=var__m_sys_hub_flow_output_4d6402d3f04d21107f442effab1b28a1"/>
    <sys_flow_trigger_plan action="delete_multiple" query="plan_id=4d6402d3f04d21107f442effab1b28a1^sys_idNOT IN4e57c697f04d21107f442effab1b28fe"/>
    <sys_flow_trigger_plan action="INSERT_OR_UPDATE">
        <binding_strategy>com.snc.process_flow.engine.binding.OncePerRecord</binding_strategy>
        <plan>{"persistor":{"@class":".ChunkingPlanPersistor","table":"sys_flow_trigger_plan","id":"4e57c697f04d21107f442effab1b28fe","name":"plan","plan_signature":null}}</plan>
        <plan_id>4d6402d3f04d21107f442effab1b28a1</plan_id>
        <snapshot>927a9c67940121107f448479e46a47c0</snapshot>
        <sys_created_by>admin</sys_created_by>
        <sys_created_on>2023-02-21 17:19:45</sys_created_on>
        <sys_domain>global</sys_domain>
        <sys_domain_path>/</sys_domain_path>
        <sys_id>4e57c697f04d21107f442effab1b28fe</sys_id>
        <sys_mod_count>1</sys_mod_count>
        <sys_overrides/>
        <sys_scope/>
        <sys_updated_by>admin</sys_updated_by>
        <sys_updated_on>2023-02-22 03:57:16</sys_updated_on>
        <trigger display_value="">74491827940121107f448479e46a479f</trigger>
    </sys_flow_trigger_plan>
    <sys_flow_subflow_plan action="delete_multiple" query="plan_id=4d6402d3f04d21107f442effab1b28a1"/>
    <sys_hub_flow_snapshot action="INSERT_OR_UPDATE">
        <access>public</access>
        <acls/>
        <active>true</active>
        <annotation/>
        <callable_by_client_api>false</callable_by_client_api>
        <category/>
        <copied_from/>
        <copied_from_name/>
        <description/>
        <internal_name>requestresourceflow</internal_name>
        <label_cache>[{"name":"cf84d4e2-5e8b-4110-b5fd-b203729961f1.record.u_reference_1.u_string_1","label":"1 - Update Record➛ClientResource Record➛Project➛Project Name","reference":"","reference_display":"Project Name","type":"string","base_type":"string","parent_table_name":"x_58872_ClientPro_x_58872_clientpro_x_58872_clientpro_x_58872_clientpro_employee","column_name":"u_string_1"},{"name":"cf84d4e2-5e8b-4110-b5fd-b203729961f1.record.u_requested_for.u_string_4","label":"1 - Update Record➛ClientResource Record➛Requested by➛Email","reference":"","reference_display":"Email","type":"string","base_type":"string","parent_table_name":"x_58872_ClientPro_x_58872_clientpro_x_58872_clientpro_x_58872_clientpro_data_emp","column_name":"u_string_4"},{"name":"cf84d4e2-5e8b-4110-b5fd-b203729961f1.record.assigned_to.email","label":"1 - Update Record➛ClientResource Record➛Assigned to➛Email","reference":"","reference_display":"Email","type":"email","base_type":"email","parent_table_name":"sys_user","column_name":"email"},{"name":"cf84d4e2-5e8b-4110-b5fd-b203729961f1.record.u_reference_1.u_reference_4.u_string_4","label":"1 - Update Record➛ClientResource Record➛Project➛Manager➛Email","reference":"","reference_display":"Email","type":"string","base_type":"string","parent_table_name":"x_58872_ClientPro_x_58872_clientpro_x_58872_clientpro_x_58872_clientpro_data_emp","column_name":"u_string_4"},{"name":"cf84d4e2-5e8b-4110-b5fd-b203729961f1.record.u_reference_1","label":"1 - Update Record➛ClientResource Record➛Project","reference":"x_58872_ClientPro_x_58872_clientpro_x_58872_clientpro_x_58872_clientpro_employee","reference_display":"EmployeeProjects","type":"reference","base_type":"reference","parent_table_name":"x_58872_ClientPro_x_58872_clientpro_x_58872_clientpro_x_58872_clientpro_clientpr","column_name":"u_reference_1"},{"name":"19f0c364-3543-485f-8f17-3340a500332e.__dont_treat_as_error__","label":"2 - Send Email➛Don\u0027t Treat as Error","reference_display":"Don\u0027t Treat as Error","type":"boolean","base_type":"boolean","attributes":{"uiType":"boolean","visible_in_ui":"false","action_error_output":"true","element_mapping_provider":"com.glide.flow_design.action.data.FlowDesignVariableMapper"}},{"name":"19f0c364-3543-485f-8f17-3340a500332e.__action_status__","label":"2 - Send Email➛Action Status","reference_display":"Action Status","type":"object","base_type":"object","attributes":{"uiType":"object","co_type_name":"FDACTIONSTATUS","action_error_output":"true","element_mapping_provider":"com.glide.flow_design.action.data.FlowDesignVariableMapper"}},{"name":"19f0c364-3543-485f-8f17-3340a500332e.email","label":"2 - Send Email➛email","reference":"sys_email","reference_display":"Email","type":"reference","base_type":"reference","attributes":{"element_mapping_provider":"com.glide.flow_design.action.data.FlowDesignVariableMapper"}},{"name":"Created_1.current","label":"Trigger - Record Created➛ClientResource Record","reference":"x_58872_ClientPro_x_58872_clientpro_x_58872_clientpro_x_58872_clientpro_clientpr","reference_display":"ClientResource","type":"reference","base_type":"reference","attributes":{}},{"name":"cf84d4e2-5e8b-4110-b5fd-b203729961f1.__dont_treat_as_error__","label":"1 - Update Record➛Don\u0027t Treat as Error","reference_display":"Don\u0027t Treat as Error","type":"boolean","base_type":"boolean","attributes":{"uiType":"boolean","visible_in_ui":"false","action_error_output":"true","element_mapping_provider":"com.glide.flow_design.action.data.FlowDesignVariableMapper"}},{"name":"cf84d4e2-5e8b-4110-b5fd-b203729961f1.__action_status__","label":"1 - Update Record➛Action Status","reference_display":"Action Status","type":"object","base_type":"object","attributes":{"uiType":"object","co_type_name":"FDACTIONSTATUS","action_error_output":"true","element_mapping_provider":"com.glide.flow_design.action.data.FlowDesignVariableMapper"}},{"name":"cf84d4e2-5e8b-4110-b5fd-b203729961f1.table_name","label":"1 - Update Record➛ClientResource Table","reference":"x_58872_ClientPro_x_58872_clientpro_x_58872_clientpro_x_58872_clientpro_clientpr","reference_display":"ClientResource","type":"table_name","base_type":"table_name","attributes":{"element_mapping_provider":"com.glide.flow_design.action.data.FlowDesignVariableMapper"}},{"name":"cf84d4e2-5e8b-4110-b5fd-b203729961f1.record","label":"1 - Update Record➛ClientResource Record","reference":"x_58872_ClientPro_x_58872_clientpro_x_58872_clientpro_x_58872_clientpro_clientpr","reference_display":"ClientResource","type":"reference","base_type":"reference","attributes":{"element_mapping_provider":"com.glide.flow_design.action.data.FlowDesignVariableMapper"}}]</label_cache>
        <master>true</master>
        <name>RequestResourceFlow</name>
        <natlang/>
        <outputs/>
        <parent_flow display_value="RequestResourceFlow">4d6402d3f04d21107f442effab1b28a1</parent_flow>
        <remote_trigger_id/>
        <run_as>system</run_as>
        <run_with_roles/>
        <sc_callable>false</sc_callable>
        <status>published</status>
        <sys_class_name>sys_hub_flow_snapshot</sys_class_name>
        <sys_created_by>admin</sys_created_by>
        <sys_created_on>2023-02-21 17:19:44</sys_created_on>
        <sys_domain>global</sys_domain>
        <sys_domain_path>/</sys_domain_path>
        <sys_id>7d57c697f04d21107f442effab1b288f</sys_id>
        <sys_mod_count>1</sys_mod_count>
        <sys_name/>
        <sys_overrides/>
        <sys_package/>
        <sys_policy/>
        <sys_scope display_value="ClientPro">6ead8e780f603200cd674f8ce1050ed1</sys_scope>
        <sys_update_name/>
        <sys_updated_by>admin</sys_updated_by>
        <sys_updated_on>2023-02-22 03:57:15</sys_updated_on>
        <type>flow</type>
    </sys_hub_flow_snapshot>
    <sys_translated_text action="delete_multiple" query="documentkey=7d57c697f04d21107f442effab1b288f"/>
    <sys_variable_value action="delete_multiple" query="document_key=7d57c697f04d21107f442effab1b288f"/>
    <sys_hub_trigger_instance action="delete_multiple" query="flow=7d57c697f04d21107f442effab1b288f^sys_idNOT IN4657c697f04d21107f442effab1b28dc"/>
    <sys_hub_trigger_instance action="INSERT_OR_UPDATE">
        <comment/>
        <display_text/>
        <flow display_value="RequestResourceFlow">7d57c697f04d21107f442effab1b288f</flow>
        <name>Created</name>
        <remote_sys_id/>
        <sys_created_by>admin</sys_created_by>
        <sys_created_on>2023-02-21 17:19:45</sys_created_on>
        <sys_id>4657c697f04d21107f442effab1b28dc</sys_id>
        <sys_mod_count>5</sys_mod_count>
        <sys_scope/>
        <sys_updated_by>admin</sys_updated_by>
        <sys_updated_on>2023-02-22 03:57:16</sys_updated_on>
        <trigger_definition display_value="Created">798916a0c31322002841b63b12d3ae7c</trigger_definition>
        <trigger_inputs/>
        <trigger_outputs/>
        <trigger_type>record_create</trigger_type>
    </sys_hub_trigger_instance>
    <sys_variable_value action="delete_multiple" query="document_key=4657c697f04d21107f442effab1b28dc"/>
    <sys_variable_value action="INSERT_OR_UPDATE">
        <document>sys_hub_trigger_instance</document>
        <document_key>4657c697f04d21107f442effab1b28dc</document_key>
        <order>1</order>
        <sys_class_name>sys_variable_value</sys_class_name>
        <sys_created_by>admin</sys_created_by>
        <sys_created_on>2023-02-21 17:19:45</sys_created_on>
        <sys_id>0e57c697f04d21107f442effab1b28dd</sys_id>
        <sys_mod_count>0</sys_mod_count>
        <sys_updated_by>admin</sys_updated_by>
        <sys_updated_on>2023-02-21 17:19:45</sys_updated_on>
        <value>x_58872_ClientPro_x_58872_clientpro_x_58872_clientpro_x_58872_clientpro_clientpr</value>
        <variable display_value="Table">cfca92e0c31322002841b63b12d3ae00</variable>
    </sys_variable_value>
    <sys_variable_value action="INSERT_OR_UPDATE">
        <document>sys_hub_trigger_instance</document>
        <document_key>4657c697f04d21107f442effab1b28dc</document_key>
        <order>100</order>
        <sys_class_name>sys_variable_value</sys_class_name>
        <sys_created_by>admin</sys_created_by>
        <sys_created_on>2023-02-21 17:19:45</sys_created_on>
        <sys_id>4a57c697f04d21107f442effab1b28dd</sys_id>
        <sys_mod_count>0</sys_mod_count>
        <sys_updated_by>admin</sys_updated_by>
        <sys_updated_on>2023-02-21 17:19:45</sys_updated_on>
        <value>^EQ</value>
        <variable display_value="Condition">66aadea0c31322002841b63b12d3aebf</variable>
    </sys_variable_value>
    <sys_hub_flow_stage action="delete_multiple" query="flow=7d57c697f04d21107f442effab1b288f"/>
    <sys_flow_cat_variable_model action="delete_multiple" query="id=7d57c697f04d21107f442effab1b288f^sys_idNOT INb157c697f04d21107f442effab1b2891"/>
    <sys_flow_cat_variable_model action="INSERT_OR_UPDATE">
        <id>7d57c697f04d21107f442effab1b288f</id>
        <name>RequestResourceFlow</name>
        <sys_created_by>admin</sys_created_by>
        <sys_created_on>2023-02-21 17:19:44</sys_created_on>
        <sys_id>b157c697f04d21107f442effab1b2891</sys_id>
        <sys_mod_count>0</sys_mod_count>
        <sys_scope/>
        <sys_updated_by>admin</sys_updated_by>
        <sys_updated_on>2023-02-21 17:19:44</sys_updated_on>
    </sys_flow_cat_variable_model>
    <sys_flow_cat_variable action="delete_multiple" query="flow_catalog_model=b157c697f04d21107f442effab1b2891"/>
    <sys_hub_flow_input action="delete_multiple" query="model=7d57c697f04d21107f442effab1b288f^sys_idNOT IN0e57c697f04d21107f442effab1b28bf,7957c697f04d21107f442effab1b2892"/>
    <sys_hub_flow_input action="INSERT_OR_UPDATE">
        <active>true</active>
        <array>false</array>
        <array_denormalized>false</array_denormalized>
        <attributes>element_mapping_provider=com.glide.flow_design.action.data.FlowDesignVariableMapper,test_input_hidden=true,uiType=table_name</attributes>
        <audit>false</audit>
        <calculation><![CDATA[(function calculatedFieldValue(current) {

	// Add your code here
	return '';  // return the calculated value

})(current);]]></calculation>
        <choice/>
        <choice_field/>
        <choice_table/>
        <column_label/>
        <comments/>
        <create_roles/>
        <default_value/>
        <defaultsort/>
        <delete_roles/>
        <dependent/>
        <dependent_on_field/>
        <display>false</display>
        <dynamic_creation>false</dynamic_creation>
        <dynamic_creation_script/>
        <dynamic_default_value/>
        <dynamic_ref_qual/>
        <element>table_name</element>
        <element_reference>false</element_reference>
        <foreign_database/>
        <function_definition/>
        <function_field>false</function_field>
        <help/>
        <hint/>
        <internal_type display_value="">table_name</internal_type>
        <label>Table Name</label>
        <mandatory>false</mandatory>
        <max_length>200</max_length>
        <model display_value="RequestResourceFlow">7d57c697f04d21107f442effab1b288f</model>
        <model_id>7d57c697f04d21107f442effab1b288f</model_id>
        <model_table>sys_hub_flow_snapshot</model_table>
        <name>var__m_sys_hub_flow_input_7d57c697f04d21107f442effab1b288f</name>
        <next_element/>
        <order>101</order>
        <primary>false</primary>
        <read_only>false</read_only>
        <read_roles/>
        <reference/>
        <reference_cascade_rule/>
        <reference_floats>false</reference_floats>
        <reference_key/>
        <reference_qual/>
        <reference_qual_condition/>
        <reference_type/>
        <sizeclass/>
        <spell_check>false</spell_check>
        <staged>false</staged>
        <sys_class_name>sys_hub_flow_input</sys_class_name>
        <sys_created_by>admin</sys_created_by>
        <sys_created_on>2023-02-21 17:19:45</sys_created_on>
        <sys_id>0e57c697f04d21107f442effab1b28bf</sys_id>
        <sys_mod_count>1</sys_mod_count>
        <sys_name/>
        <sys_package/>
        <sys_policy/>
        <sys_scope display_value="ClientPro">6ead8e780f603200cd674f8ce1050ed1</sys_scope>
        <sys_update_name/>
        <sys_updated_by>admin</sys_updated_by>
        <sys_updated_on>2023-02-22 03:57:15</sys_updated_on>
        <table_reference>false</table_reference>
        <text_index>false</text_index>
        <unique>false</unique>
        <use_dependent_field>false</use_dependent_field>
        <use_dynamic_default>false</use_dynamic_default>
        <use_reference_qualifier>simple</use_reference_qualifier>
        <virtual>false</virtual>
        <widget/>
        <write_roles/>
        <xml_view>false</xml_view>
    </sys_hub_flow_input>
    <sys_hub_flow_input action="INSERT_OR_UPDATE">
        <active>true</active>
        <array>false</array>
        <array_denormalized>false</array_denormalized>
        <attributes>element_mapping_provider=com.glide.flow_design.action.data.FlowDesignVariableMapper,uiType=document_id</attributes>
        <audit>false</audit>
        <calculation><![CDATA[(function calculatedFieldValue(current) {

	// Add your code here
	return '';  // return the calculated value

})(current);]]></calculation>
        <choice/>
        <choice_field/>
        <choice_table/>
        <column_label/>
        <comments/>
        <create_roles/>
        <default_value/>
        <defaultsort/>
        <delete_roles/>
        <dependent>table_name</dependent>
        <dependent_on_field>table_name</dependent_on_field>
        <display>false</display>
        <dynamic_creation>false</dynamic_creation>
        <dynamic_creation_script/>
        <dynamic_default_value/>
        <dynamic_ref_qual/>
        <element>current</element>
        <element_reference>false</element_reference>
        <foreign_database/>
        <function_definition/>
        <function_field>false</function_field>
        <help/>
        <hint/>
        <internal_type display_value="">document_id</internal_type>
        <label>Record</label>
        <mandatory>true</mandatory>
        <max_length>200</max_length>
        <model display_value="RequestResourceFlow">7d57c697f04d21107f442effab1b288f</model>
        <model_id>7d57c697f04d21107f442effab1b288f</model_id>
        <model_table>sys_hub_flow_snapshot</model_table>
        <name>var__m_sys_hub_flow_input_7d57c697f04d21107f442effab1b288f</name>
        <next_element/>
        <order>100</order>
        <primary>false</primary>
        <read_only>false</read_only>
        <read_roles/>
        <reference/>
        <reference_cascade_rule/>
        <reference_floats>false</reference_floats>
        <reference_key/>
        <reference_qual/>
        <reference_qual_condition/>
        <reference_type/>
        <sizeclass/>
        <spell_check>false</spell_check>
        <staged>false</staged>
        <sys_class_name>sys_hub_flow_input</sys_class_name>
        <sys_created_by>admin</sys_created_by>
        <sys_created_on>2023-02-21 17:19:44</sys_created_on>
        <sys_id>7957c697f04d21107f442effab1b2892</sys_id>
        <sys_mod_count>1</sys_mod_count>
        <sys_name/>
        <sys_package/>
        <sys_policy/>
        <sys_scope display_value="ClientPro">6ead8e780f603200cd674f8ce1050ed1</sys_scope>
        <sys_update_name/>
        <sys_updated_by>admin</sys_updated_by>
        <sys_updated_on>2023-02-22 03:57:15</sys_updated_on>
        <table_reference>false</table_reference>
        <text_index>false</text_index>
        <unique>false</unique>
        <use_dependent_field>true</use_dependent_field>
        <use_dynamic_default>false</use_dynamic_default>
        <use_reference_qualifier>simple</use_reference_qualifier>
        <virtual>false</virtual>
        <widget/>
        <write_roles/>
        <xml_view>false</xml_view>
    </sys_hub_flow_input>
    <sys_hub_flow_output action="delete_multiple" query="model=7d57c697f04d21107f442effab1b288f"/>
    <sys_hub_alias_mapping action="delete_multiple" query="source_id=7d57c697f04d21107f442effab1b288f"/>
    <sys_hub_action_instance action="delete_multiple" query="flow=7d57c697f04d21107f442effab1b288f^sys_idNOT IN4e57c697f04d21107f442effab1b28cf,ca57c697f04d21107f442effab1b28d9"/>
    <sys_hub_action_instance action="INSERT_OR_UPDATE">
        <action_inputs/>
        <action_inputs/>
        <action_type display_value="Update Record">f9d01dd2c31332002841b63b12d3aea1</action_type>
        <action_type_parent display_value="Update Record">baf174c8c3c232002841b63b12d3aee4</action_type_parent>
        <comment/>
        <compiled_snapshot>f9d01dd2c31332002841b63b12d3aea1</compiled_snapshot>
        <display_text/>
        <flow display_value="RequestResourceFlow">7d57c697f04d21107f442effab1b288f</flow>
        <order>1</order>
        <parent_ui_id/>
        <sys_class_name>sys_hub_action_instance</sys_class_name>
        <sys_created_by>admin</sys_created_by>
        <sys_created_on>2023-02-21 17:19:45</sys_created_on>
        <sys_id>4e57c697f04d21107f442effab1b28cf</sys_id>
        <sys_mod_count>6</sys_mod_count>
        <sys_scope display_value="ClientPro">6ead8e780f603200cd674f8ce1050ed1</sys_scope>
        <sys_updated_by>admin</sys_updated_by>
        <sys_updated_on>2023-02-22 03:57:15</sys_updated_on>
        <ui_id>cf84d4e2-5e8b-4110-b5fd-b203729961f1</ui_id>
    </sys_hub_action_instance>
    <sys_variable_value action="delete_multiple" query="document_key=4e57c697f04d21107f442effab1b28cf"/>
    <sys_variable_value action="INSERT_OR_UPDATE">
        <document>sys_hub_action_instance</document>
        <document_key>4e57c697f04d21107f442effab1b28cf</document_key>
        <order>50</order>
        <sys_class_name>sys_variable_value</sys_class_name>
        <sys_created_by>admin</sys_created_by>
        <sys_created_on>2023-02-21 17:19:45</sys_created_on>
        <sys_id>4a57c697f04d21107f442effab1b28d1</sys_id>
        <sys_mod_count>0</sys_mod_count>
        <sys_updated_by>admin</sys_updated_by>
        <sys_updated_on>2023-02-21 17:19:45</sys_updated_on>
        <value>x_58872_ClientPro_x_58872_clientpro_x_58872_clientpro_x_58872_clientpro_clientpr</value>
        <variable display_value="Table">b5d01916c31332002841b63b12d3aec9</variable>
    </sys_variable_value>
    <sys_variable_value action="INSERT_OR_UPDATE">
        <document>sys_hub_action_instance</document>
        <document_key>4e57c697f04d21107f442effab1b28cf</document_key>
        <order>100</order>
        <sys_class_name>sys_variable_value</sys_class_name>
        <sys_created_by>admin</sys_created_by>
        <sys_created_on>2023-02-21 17:19:45</sys_created_on>
        <sys_id>8657c697f04d21107f442effab1b28d1</sys_id>
        <sys_mod_count>0</sys_mod_count>
        <sys_updated_by>admin</sys_updated_by>
        <sys_updated_on>2023-02-21 17:19:45</sys_updated_on>
        <value>state=14</value>
        <variable display_value="Fields">02d01916c31332002841b63b12d3aeee</variable>
    </sys_variable_value>
    <sys_element_mapping action="delete_multiple" query="id=4e57c697f04d21107f442effab1b28cf"/>
    <sys_element_mapping action="INSERT_OR_UPDATE">
        <field>record</field>
        <id>4e57c697f04d21107f442effab1b28cf</id>
        <sys_created_by>admin</sys_created_by>
        <sys_created_on>2023-02-21 17:19:45</sys_created_on>
        <sys_id>4257c697f04d21107f442effab1b28d1</sys_id>
        <sys_mod_count>0</sys_mod_count>
        <sys_updated_by>admin</sys_updated_by>
        <sys_updated_on>2023-02-21 17:19:45</sys_updated_on>
        <table>var__m_sys_hub_action_input_f9d01dd2c31332002841b63b12d3aea1</table>
        <value>{{Created_1.current}}</value>
    </sys_element_mapping>
    <sys_element_mapping action="INSERT_OR_UPDATE">
        <field>table_name</field>
        <id>4e57c697f04d21107f442effab1b28cf</id>
        <sys_created_by>admin</sys_created_by>
        <sys_created_on>2023-02-21 17:19:45</sys_created_on>
        <sys_id>8e57c697f04d21107f442effab1b28d0</sys_id>
        <sys_mod_count>0</sys_mod_count>
        <sys_updated_by>admin</sys_updated_by>
        <sys_updated_on>2023-02-21 17:19:45</sys_updated_on>
        <table>var__m_sys_hub_action_input_f9d01dd2c31332002841b63b12d3aea1</table>
        <value/>
    </sys_element_mapping>
    <sys_element_mapping action="INSERT_OR_UPDATE">
        <field>values</field>
        <id>4e57c697f04d21107f442effab1b28cf</id>
        <sys_created_by>admin</sys_created_by>
        <sys_created_on>2023-02-21 17:19:45</sys_created_on>
        <sys_id>0657c697f04d21107f442effab1b28d1</sys_id>
        <sys_mod_count>0</sys_mod_count>
        <sys_updated_by>admin</sys_updated_by>
        <sys_updated_on>2023-02-21 17:19:45</sys_updated_on>
        <table>var__m_sys_hub_action_input_f9d01dd2c31332002841b63b12d3aea1</table>
        <value/>
    </sys_element_mapping>
    <sys_hub_input_scripts action="delete_multiple" query="instance=4e57c697f04d21107f442effab1b28cf"/>
    <sys_hub_alias_mapping action="delete_multiple" query="source_id=4e57c697f04d21107f442effab1b28cf"/>
    <sys_hub_action_instance action="INSERT_OR_UPDATE">
        <action_inputs/>
        <action_inputs/>
        <action_type display_value="Send Email">c1806bf4a70323008299b39f087901cb</action_type>
        <action_type_parent display_value="Send Email">98c181d20b100300d97d8bf637673ab5</action_type_parent>
        <comment/>
        <compiled_snapshot>c1806bf4a70323008299b39f087901cb</compiled_snapshot>
        <display_text/>
        <flow display_value="RequestResourceFlow">7d57c697f04d21107f442effab1b288f</flow>
        <order>2</order>
        <parent_ui_id/>
        <sys_class_name>sys_hub_action_instance</sys_class_name>
        <sys_created_by>admin</sys_created_by>
        <sys_created_on>2023-02-21 17:19:45</sys_created_on>
        <sys_id>ca57c697f04d21107f442effab1b28d9</sys_id>
        <sys_mod_count>6</sys_mod_count>
        <sys_scope display_value="ClientPro">6ead8e780f603200cd674f8ce1050ed1</sys_scope>
        <sys_updated_by>admin</sys_updated_by>
        <sys_updated_on>2023-02-22 03:57:15</sys_updated_on>
        <ui_id>19f0c364-3543-485f-8f17-3340a500332e</ui_id>
    </sys_hub_action_instance>
    <sys_variable_value action="delete_multiple" query="document_key=ca57c697f04d21107f442effab1b28d9"/>
    <sys_variable_value action="INSERT_OR_UPDATE">
        <document>sys_hub_action_instance</document>
        <document_key>ca57c697f04d21107f442effab1b28d9</document_key>
        <order>6</order>
        <sys_class_name>sys_variable_value</sys_class_name>
        <sys_created_by>admin</sys_created_by>
        <sys_created_on>2023-02-21 17:19:45</sys_created_on>
        <sys_id>4257c697f04d21107f442effab1b28dc</sys_id>
        <sys_mod_count>0</sys_mod_count>
        <sys_updated_by>admin</sys_updated_by>
        <sys_updated_on>2023-02-21 17:19:45</sys_updated_on>
        <value>New Resourse Request﻿</value>
        <variable display_value="Subject">5d806bf4a70323008299b39f087901ec</variable>
    </sys_variable_value>
    <sys_variable_value action="INSERT_OR_UPDATE">
        <document>sys_hub_action_instance</document>
        <document_key>ca57c697f04d21107f442effab1b28d9</document_key>
        <order>7</order>
        <sys_class_name>sys_variable_value</sys_class_name>
        <sys_created_by>admin</sys_created_by>
        <sys_created_on>2023-02-21 17:19:45</sys_created_on>
        <sys_id>8e57c697f04d21107f442effab1b28db</sys_id>
        <sys_mod_count>0</sys_mod_count>
        <sys_updated_by>admin</sys_updated_by>
        <sys_updated_on>2023-02-21 17:19:45</sys_updated_on>
        <value/>
        <variable display_value="Body">ad806bf4a70323008299b39f087901f2</variable>
    </sys_variable_value>
    <sys_element_mapping action="delete_multiple" query="id=ca57c697f04d21107f442effab1b28d9"/>
    <sys_element_mapping action="INSERT_OR_UPDATE">
        <field>ah_body</field>
        <id>ca57c697f04d21107f442effab1b28d9</id>
        <sys_created_by>admin</sys_created_by>
        <sys_created_on>2023-02-21 17:19:45</sys_created_on>
        <sys_id>4a57c697f04d21107f442effab1b28db</sys_id>
        <sys_mod_count>1</sys_mod_count>
        <sys_updated_by>admin</sys_updated_by>
        <sys_updated_on>2023-02-22 03:57:15</sys_updated_on>
        <table>var__m_sys_hub_action_input_c1806bf4a70323008299b39f087901cb</table>
        <value>&lt;p data-tinymcerootblock=""&gt;Requested by: &lt;span class="data_parent_pill" style="display: inline;" contenteditable="false" data-pillvalue="{{fd_transform:a190a8ef-bb8f-4cd8-970c-476115bd6838}}"&gt;&lt;span class="data_pill  accepts_transform_functions" contenteditable="false" data-pillvalue="{{fd_transform:a190a8ef-bb8f-4cd8-970c-476115bd6838}}"&gt;&lt;span class="data-pill-content-container"&gt;&lt;span class="pills"&gt;&lt;span class="pill-text" data-for="ah_tooltipTop" data-tip="1 - Update Record &amp;gt; ClientResource Record &amp;gt; Requested by &amp;gt; Email"&gt;&lt;span class="pill-start"&gt;1 - Update Record&lt;/span&gt;&lt;span class="pill-arrow"&gt;&lt;span class="data-pill-label-caret"&gt;&lt;span class="data-pill-label-arrow"&gt;➛&lt;/span&gt;&lt;/span&gt;...&lt;span class="data-pill-label-caret"&gt;&lt;span class="data-pill-label-arrow"&gt;➛&lt;/span&gt;&lt;/span&gt;&lt;/span&gt;&lt;span class="pill-end"&gt;Email&lt;/span&gt;&lt;/span&gt;&lt;/span&gt;&lt;button id="transform_function_facade_a190a8ef-bb8f-4cd8-970c-476115bd6838" class="transform_function_facade no_transform_applied"&gt;&lt;span class="inline-script-icon"&gt;&lt;span style="display: none;"&gt;​&lt;/span&gt;&lt;/span&gt;&lt;/button&gt;&lt;/span&gt;&lt;/span&gt;&lt;/span&gt;&lt;/p&gt;
&lt;p data-tinymcerootblock=""&gt;For project:&lt;span class="data_parent_pill" style="display: inline;" contenteditable="false" data-pillvalue="{{fd_transform:2813dd40-4843-422c-a1dd-93afca8d439f}}"&gt;&lt;span class="data_pill  accepts_transform_functions" contenteditable="false" data-pillvalue="{{fd_transform:2813dd40-4843-422c-a1dd-93afca8d439f}}"&gt;&lt;span class="data-pill-content-container"&gt;&lt;span class="pills"&gt;&lt;span class="pill-text" data-for="ah_tooltipTop" data-tip="1 - Update Record &amp;gt; ClientResource Record &amp;gt; Project &amp;gt; Project Name"&gt;&lt;span class="pill-start"&gt;1 - Update Record&lt;/span&gt;&lt;span class="pill-arrow"&gt;&lt;span class="data-pill-label-caret"&gt;&lt;span class="data-pill-label-arrow"&gt;➛&lt;/span&gt;&lt;/span&gt;...&lt;span class="data-pill-label-caret"&gt;&lt;span class="data-pill-label-arrow"&gt;➛&lt;/span&gt;&lt;/span&gt;&lt;/span&gt;&lt;span class="pill-end"&gt;Project Name&lt;/span&gt;&lt;/span&gt;&lt;/span&gt;&lt;button id="transform_function_facade_2813dd40-4843-422c-a1dd-93afca8d439f" class="transform_function_facade no_transform_applied"&gt;&lt;span class="inline-script-icon"&gt;&lt;span style="display: none;"&gt;​&lt;/span&gt;&lt;/span&gt;&lt;/button&gt;&lt;/span&gt;&lt;/span&gt;&lt;/span&gt;&lt;/p&gt;
&lt;p data-tinymcerootblock=""&gt;Notification From ClientPro&lt;/p&gt;
&lt;p data-tinymcerootblock=""&gt;&amp;nbsp;&lt;/p&gt;</value>
    </sys_element_mapping>
    <sys_element_mapping action="INSERT_OR_UPDATE">
        <field>ah_subject</field>
        <id>ca57c697f04d21107f442effab1b28d9</id>
        <sys_created_by>admin</sys_created_by>
        <sys_created_on>2023-02-21 17:19:45</sys_created_on>
        <sys_id>0e57c697f04d21107f442effab1b28db</sys_id>
        <sys_mod_count>0</sys_mod_count>
        <sys_updated_by>admin</sys_updated_by>
        <sys_updated_on>2023-02-21 17:19:45</sys_updated_on>
        <table>var__m_sys_hub_action_input_c1806bf4a70323008299b39f087901cb</table>
        <value/>
    </sys_element_mapping>
    <sys_element_mapping action="INSERT_OR_UPDATE">
        <field>ah_to</field>
        <id>ca57c697f04d21107f442effab1b28d9</id>
        <sys_created_by>admin</sys_created_by>
        <sys_created_on>2023-02-21 17:19:45</sys_created_on>
        <sys_id>8657c697f04d21107f442effab1b28db</sys_id>
        <sys_mod_count>0</sys_mod_count>
        <sys_updated_by>admin</sys_updated_by>
        <sys_updated_on>2023-02-21 17:19:45</sys_updated_on>
        <table>var__m_sys_hub_action_input_c1806bf4a70323008299b39f087901cb</table>
        <value>{{cf84d4e2-5e8b-4110-b5fd-b203729961f1.record.u_reference_1.u_reference_4.u_string_4}} </value>
    </sys_element_mapping>
    <sys_hub_input_scripts action="delete_multiple" query="instance=ca57c697f04d21107f442effab1b28d9"/>
    <sys_hub_alias_mapping action="delete_multiple" query="source_id=ca57c697f04d21107f442effab1b28d9"/>
    <sys_hub_sub_flow_instance action="delete_multiple" query="flow=7d57c697f04d21107f442effab1b288f"/>
    <sys_hub_flow_logic action="delete_multiple" query="flow=7d57c697f04d21107f442effab1b288f"/>
    <sys_hub_pill_compound action="delete_multiple" query="attached_to=7d57c697f04d21107f442effab1b288f^sys_idNOT IN4257c697f04d21107f442effab1b28de,c257c697f04d21107f442effab1b28de,ce57c697f04d21107f442effab1b28dd"/>
    <sys_hub_pill_compound action="INSERT_OR_UPDATE">
        <attached_to>7d57c697f04d21107f442effab1b288f</attached_to>
        <extra_info/>
        <order>0</order>
        <prescription>{{cf84d4e2-5e8b-4110-b5fd-b203729961f1.record.u_requested_for.u_string_4}}</prescription>
        <source_ui_id/>
        <sys_created_by>admin</sys_created_by>
        <sys_created_on>2023-02-21 17:19:45</sys_created_on>
        <sys_id>4257c697f04d21107f442effab1b28de</sys_id>
        <sys_mod_count>0</sys_mod_count>
        <sys_scope display_value="ClientPro">6ead8e780f603200cd674f8ce1050ed1</sys_scope>
        <sys_updated_by>admin</sys_updated_by>
        <sys_updated_on>2023-02-21 17:19:45</sys_updated_on>
        <transform_compositions>[]</transform_compositions>
        <transform_definition_id/>
        <ui_id>a190a8ef-bb8f-4cd8-970c-476115bd6838</ui_id>
    </sys_hub_pill_compound>
    <sys_hub_pill_compound action="INSERT_OR_UPDATE">
        <attached_to>7d57c697f04d21107f442effab1b288f</attached_to>
        <extra_info/>
        <order>0</order>
        <prescription>{{cf84d4e2-5e8b-4110-b5fd-b203729961f1.record.assigned_to.email}}</prescription>
        <source_ui_id/>
        <sys_created_by>admin</sys_created_by>
        <sys_created_on>2023-02-21 17:19:45</sys_created_on>
        <sys_id>c257c697f04d21107f442effab1b28de</sys_id>
        <sys_mod_count>0</sys_mod_count>
        <sys_scope display_value="ClientPro">6ead8e780f603200cd674f8ce1050ed1</sys_scope>
        <sys_updated_by>admin</sys_updated_by>
        <sys_updated_on>2023-02-21 17:19:45</sys_updated_on>
        <transform_compositions>[]</transform_compositions>
        <transform_definition_id/>
        <ui_id>8cfc2fb2-2b50-4ea2-888c-ee0177e1987b</ui_id>
    </sys_hub_pill_compound>
    <sys_hub_pill_compound action="INSERT_OR_UPDATE">
        <attached_to>7d57c697f04d21107f442effab1b288f</attached_to>
        <extra_info/>
        <order>0</order>
        <prescription>{{cf84d4e2-5e8b-4110-b5fd-b203729961f1.record.u_reference_1.u_string_1}}</prescription>
        <source_ui_id/>
        <sys_created_by>admin</sys_created_by>
        <sys_created_on>2023-02-21 17:19:45</sys_created_on>
        <sys_id>ce57c697f04d21107f442effab1b28dd</sys_id>
        <sys_mod_count>0</sys_mod_count>
        <sys_scope display_value="ClientPro">6ead8e780f603200cd674f8ce1050ed1</sys_scope>
        <sys_updated_by>admin</sys_updated_by>
        <sys_updated_on>2023-02-21 17:19:45</sys_updated_on>
        <transform_compositions>[]</transform_compositions>
        <transform_definition_id/>
        <ui_id>2813dd40-4843-422c-a1dd-93afca8d439f</ui_id>
    </sys_hub_pill_compound>
    <sys_hub_flow_variable action="delete_multiple" query="model=7d57c697f04d21107f442effab1b288f"/>
    <sys_documentation action="delete_multiple" query="name=var__m_sys_hub_flow_input_7d57c697f04d21107f442effab1b288f^sys_idNOT IN4657c697f04d21107f442effab1b28c4,c257c697f04d21107f442effab1b28bc"/>
    <sys_documentation action="INSERT_OR_UPDATE">
        <element>table_name</element>
        <help/>
        <hint/>
        <label>Table Name</label>
        <language>en</language>
        <name>var__m_sys_hub_flow_input_7d57c697f04d21107f442effab1b288f</name>
        <plural/>
        <sys_class_name>sys_documentation</sys_class_name>
        <sys_created_by>admin</sys_created_by>
        <sys_created_on>2023-02-21 17:19:45</sys_created_on>
        <sys_id>4657c697f04d21107f442effab1b28c4</sys_id>
        <sys_mod_count>0</sys_mod_count>
        <sys_name/>
        <sys_package display_value="ClientPro" source="x_58872_ClientPro">6ead8e780f603200cd674f8ce1050ed1</sys_package>
        <sys_policy/>
        <sys_scope display_value="ClientPro">6ead8e780f603200cd674f8ce1050ed1</sys_scope>
        <sys_update_name/>
        <sys_updated_by>admin</sys_updated_by>
        <sys_updated_on>2023-02-21 17:19:45</sys_updated_on>
        <url/>
        <url_target/>
    </sys_documentation>
    <sys_documentation action="INSERT_OR_UPDATE">
        <element>current</element>
        <help/>
        <hint/>
        <label>Record</label>
        <language>en</language>
        <name>var__m_sys_hub_flow_input_7d57c697f04d21107f442effab1b288f</name>
        <plural/>
        <sys_class_name>sys_documentation</sys_class_name>
        <sys_created_by>admin</sys_created_by>
        <sys_created_on>2023-02-21 17:19:45</sys_created_on>
        <sys_id>c257c697f04d21107f442effab1b28bc</sys_id>
        <sys_mod_count>0</sys_mod_count>
        <sys_name/>
        <sys_package display_value="ClientPro" source="x_58872_ClientPro">6ead8e780f603200cd674f8ce1050ed1</sys_package>
        <sys_policy/>
        <sys_scope display_value="ClientPro">6ead8e780f603200cd674f8ce1050ed1</sys_scope>
        <sys_update_name/>
        <sys_updated_by>admin</sys_updated_by>
        <sys_updated_on>2023-02-21 17:19:45</sys_updated_on>
        <url/>
        <url_target/>
    </sys_documentation>
    <sys_choice action="delete_multiple" query="name=var__m_sys_hub_flow_input_7d57c697f04d21107f442effab1b288f"/>
    <sys_documentation action="delete_multiple" query="name=var__m_sys_hub_flow_output_7d57c697f04d21107f442effab1b288f"/>
    <sys_choice action="delete_multiple" query="name=var__m_sys_hub_flow_output_7d57c697f04d21107f442effab1b288f"/>
    <sys_hub_flow action="update">
        <sys_id>4d6402d3f04d21107f442effab1b28a1</sys_id>
        <latest_snapshot>7d57c697f04d21107f442effab1b288f</latest_snapshot>
    </sys_hub_flow>
</record_update>
