<?xml version="1.0" encoding="UTF-8"?><record_update table="sys_report_users_groups">
    <sys_report_users_groups action="INSERT_OR_UPDATE">
        <group_id/>
        <report_id display_value="Overall Utilization">cac2a0af940121107f448479e46a476e</report_id>
        <sys_class_name>sys_report_users_groups</sys_class_name>
        <sys_created_by>admin</sys_created_by>
        <sys_created_on>2023-02-22 04:38:52</sys_created_on>
        <sys_id>8ac2a0af940121107f448479e46a4770</sys_id>
        <sys_mod_count>0</sys_mod_count>
        <sys_name>cac2a0af940121107f448479e46a476e</sys_name>
        <sys_package display_value="ClientPro" source="x_58872_ClientPro">6ead8e780f603200cd674f8ce1050ed1</sys_package>
        <sys_policy/>
        <sys_scope display_value="ClientPro">6ead8e780f603200cd674f8ce1050ed1</sys_scope>
        <sys_update_name>sys_report_users_groups_8ac2a0af940121107f448479e46a4770</sys_update_name>
        <sys_updated_by>admin</sys_updated_by>
        <sys_updated_on>2023-02-22 04:38:52</sys_updated_on>
        <user_id display_value="System Administrator">6816f79cc0a8016401c5a33be04be441</user_id>
    </sys_report_users_groups>
</record_update>
