<?xml version="1.0" encoding="UTF-8"?><record_update>
    <sys_ui_section caption="" section_id="9a10d853f08521107f442effab1b2833" sys_domain="global" table="x_58872_ClientPro_x_58872_clientpro_x_58872_clientpro_x_58872_clientpro_clientpr" version="3" view="">
        <sys_ui_element action="INSERT_OR_UPDATE">
            <element>number</element>
            <position>0</position>
            <sys_created_by>admin</sys_created_by>
            <sys_created_on>2023-02-21 09:55:44</sys_created_on>
            <sys_id>02b1a417f0c521107f442effab1b2810</sys_id>
            <sys_mod_count>0</sys_mod_count>
            <sys_ui_formatter/>
            <sys_ui_section caption="NULL" display_value="" name="x_58872_ClientPro_x_58872_clientpro_x_58872_clientpro_x_58872_clientpro_clientpr" sys_domain="global" view="Default view">9a10d853f08521107f442effab1b2833</sys_ui_section>
            <sys_updated_by>admin</sys_updated_by>
            <sys_updated_on>2023-02-21 09:55:44</sys_updated_on>
            <sys_user/>
            <type/>
        </sys_ui_element>
        <sys_ui_element action="INSERT_OR_UPDATE">
            <element>u_when_needed</element>
            <position>1</position>
            <sys_created_by>admin</sys_created_by>
            <sys_created_on>2023-02-21 09:55:44</sys_created_on>
            <sys_id>82b1a417f0c521107f442effab1b2810</sys_id>
            <sys_mod_count>0</sys_mod_count>
            <sys_ui_formatter/>
            <sys_ui_section caption="NULL" display_value="" name="x_58872_ClientPro_x_58872_clientpro_x_58872_clientpro_x_58872_clientpro_clientpr" sys_domain="global" view="Default view">9a10d853f08521107f442effab1b2833</sys_ui_section>
            <sys_updated_by>admin</sys_updated_by>
            <sys_updated_on>2023-02-21 09:55:44</sys_updated_on>
            <sys_user/>
            <type/>
        </sys_ui_element>
        <sys_ui_element action="INSERT_OR_UPDATE">
            <element>u_requested_for</element>
            <position>2</position>
            <sys_created_by>admin</sys_created_by>
            <sys_created_on>2023-02-21 09:55:44</sys_created_on>
            <sys_id>06b1a417f0c521107f442effab1b2810</sys_id>
            <sys_mod_count>0</sys_mod_count>
            <sys_ui_formatter/>
            <sys_ui_section caption="NULL" display_value="" name="x_58872_ClientPro_x_58872_clientpro_x_58872_clientpro_x_58872_clientpro_clientpr" sys_domain="global" view="Default view">9a10d853f08521107f442effab1b2833</sys_ui_section>
            <sys_updated_by>admin</sys_updated_by>
            <sys_updated_on>2023-02-21 09:55:44</sys_updated_on>
            <sys_user/>
            <type/>
        </sys_ui_element>
        <sys_ui_element action="INSERT_OR_UPDATE">
            <element>u_what_needed</element>
            <position>3</position>
            <sys_created_by>admin</sys_created_by>
            <sys_created_on>2023-02-21 09:55:44</sys_created_on>
            <sys_id>86b1a417f0c521107f442effab1b2810</sys_id>
            <sys_mod_count>0</sys_mod_count>
            <sys_ui_formatter/>
            <sys_ui_section caption="NULL" display_value="" name="x_58872_ClientPro_x_58872_clientpro_x_58872_clientpro_x_58872_clientpro_clientpr" sys_domain="global" view="Default view">9a10d853f08521107f442effab1b2833</sys_ui_section>
            <sys_updated_by>admin</sys_updated_by>
            <sys_updated_on>2023-02-21 09:55:44</sys_updated_on>
            <sys_user/>
            <type/>
        </sys_ui_element>
        <sys_ui_element action="INSERT_OR_UPDATE">
            <element>.split</element>
            <position>4</position>
            <sys_created_by>admin</sys_created_by>
            <sys_created_on>2023-02-21 09:55:44</sys_created_on>
            <sys_id>0ab1a417f0c521107f442effab1b2810</sys_id>
            <sys_mod_count>0</sys_mod_count>
            <sys_ui_formatter/>
            <sys_ui_section caption="NULL" display_value="" name="x_58872_ClientPro_x_58872_clientpro_x_58872_clientpro_x_58872_clientpro_clientpr" sys_domain="global" view="Default view">9a10d853f08521107f442effab1b2833</sys_ui_section>
            <sys_updated_by>admin</sys_updated_by>
            <sys_updated_on>2023-02-21 09:55:44</sys_updated_on>
            <sys_user/>
            <type>.split</type>
        </sys_ui_element>
        <sys_ui_element action="INSERT_OR_UPDATE">
            <element>priority</element>
            <position>5</position>
            <sys_created_by>admin</sys_created_by>
            <sys_created_on>2023-02-21 09:55:44</sys_created_on>
            <sys_id>8ab1a417f0c521107f442effab1b2810</sys_id>
            <sys_mod_count>0</sys_mod_count>
            <sys_ui_formatter/>
            <sys_ui_section caption="NULL" display_value="" name="x_58872_ClientPro_x_58872_clientpro_x_58872_clientpro_x_58872_clientpro_clientpr" sys_domain="global" view="Default view">9a10d853f08521107f442effab1b2833</sys_ui_section>
            <sys_updated_by>admin</sys_updated_by>
            <sys_updated_on>2023-02-21 09:55:44</sys_updated_on>
            <sys_user/>
            <type/>
        </sys_ui_element>
        <sys_ui_element action="INSERT_OR_UPDATE">
            <element>state</element>
            <position>6</position>
            <sys_created_by>admin</sys_created_by>
            <sys_created_on>2023-02-21 09:55:44</sys_created_on>
            <sys_id>0eb1a417f0c521107f442effab1b2810</sys_id>
            <sys_mod_count>0</sys_mod_count>
            <sys_ui_formatter/>
            <sys_ui_section caption="NULL" display_value="" name="x_58872_ClientPro_x_58872_clientpro_x_58872_clientpro_x_58872_clientpro_clientpr" sys_domain="global" view="Default view">9a10d853f08521107f442effab1b2833</sys_ui_section>
            <sys_updated_by>admin</sys_updated_by>
            <sys_updated_on>2023-02-21 09:55:44</sys_updated_on>
            <sys_user/>
            <type/>
        </sys_ui_element>
        <sys_ui_element action="INSERT_OR_UPDATE">
            <element>u_request_type</element>
            <position>7</position>
            <sys_created_by>admin</sys_created_by>
            <sys_created_on>2023-02-21 09:55:44</sys_created_on>
            <sys_id>8eb1a417f0c521107f442effab1b2810</sys_id>
            <sys_mod_count>0</sys_mod_count>
            <sys_ui_formatter/>
            <sys_ui_section caption="NULL" display_value="" name="x_58872_ClientPro_x_58872_clientpro_x_58872_clientpro_x_58872_clientpro_clientpr" sys_domain="global" view="Default view">9a10d853f08521107f442effab1b2833</sys_ui_section>
            <sys_updated_by>admin</sys_updated_by>
            <sys_updated_on>2023-02-21 09:55:44</sys_updated_on>
            <sys_user/>
            <type/>
        </sys_ui_element>
        <sys_ui_element action="INSERT_OR_UPDATE">
            <element>u_reference_1</element>
            <position>8</position>
            <sys_created_by>admin</sys_created_by>
            <sys_created_on>2023-02-21 09:55:44</sys_created_on>
            <sys_id>02b1a417f0c521107f442effab1b2811</sys_id>
            <sys_mod_count>0</sys_mod_count>
            <sys_ui_formatter/>
            <sys_ui_section caption="NULL" display_value="" name="x_58872_ClientPro_x_58872_clientpro_x_58872_clientpro_x_58872_clientpro_clientpr" sys_domain="global" view="Default view">9a10d853f08521107f442effab1b2833</sys_ui_section>
            <sys_updated_by>admin</sys_updated_by>
            <sys_updated_on>2023-02-21 09:55:44</sys_updated_on>
            <sys_user/>
            <type/>
        </sys_ui_element>
        <sys_ui_element action="INSERT_OR_UPDATE">
            <element>.end_split</element>
            <position>9</position>
            <sys_created_by>admin</sys_created_by>
            <sys_created_on>2023-02-21 09:55:44</sys_created_on>
            <sys_id>82b1a417f0c521107f442effab1b2811</sys_id>
            <sys_mod_count>0</sys_mod_count>
            <sys_ui_formatter/>
            <sys_ui_section caption="NULL" display_value="" name="x_58872_ClientPro_x_58872_clientpro_x_58872_clientpro_x_58872_clientpro_clientpr" sys_domain="global" view="Default view">9a10d853f08521107f442effab1b2833</sys_ui_section>
            <sys_updated_by>admin</sys_updated_by>
            <sys_updated_on>2023-02-21 09:55:44</sys_updated_on>
            <sys_user/>
            <type>.end_split</type>
        </sys_ui_element>
        <sys_ui_element action="INSERT_OR_UPDATE">
            <element>short_description</element>
            <position>10</position>
            <sys_created_by>admin</sys_created_by>
            <sys_created_on>2023-02-21 09:55:44</sys_created_on>
            <sys_id>06b1a417f0c521107f442effab1b2811</sys_id>
            <sys_mod_count>0</sys_mod_count>
            <sys_ui_formatter/>
            <sys_ui_section caption="NULL" display_value="" name="x_58872_ClientPro_x_58872_clientpro_x_58872_clientpro_x_58872_clientpro_clientpr" sys_domain="global" view="Default view">9a10d853f08521107f442effab1b2833</sys_ui_section>
            <sys_updated_by>admin</sys_updated_by>
            <sys_updated_on>2023-02-21 09:55:44</sys_updated_on>
            <sys_user/>
            <type/>
        </sys_ui_element>
        <sys_ui_element action="INSERT_OR_UPDATE">
            <element>description</element>
            <position>11</position>
            <sys_created_by>admin</sys_created_by>
            <sys_created_on>2023-02-21 09:55:44</sys_created_on>
            <sys_id>86b1a417f0c521107f442effab1b2811</sys_id>
            <sys_mod_count>0</sys_mod_count>
            <sys_ui_formatter/>
            <sys_ui_section caption="NULL" display_value="" name="x_58872_ClientPro_x_58872_clientpro_x_58872_clientpro_x_58872_clientpro_clientpr" sys_domain="global" view="Default view">9a10d853f08521107f442effab1b2833</sys_ui_section>
            <sys_updated_by>admin</sys_updated_by>
            <sys_updated_on>2023-02-21 09:55:44</sys_updated_on>
            <sys_user/>
            <type/>
        </sys_ui_element>
        <sys_ui_element action="INSERT_OR_UPDATE">
            <element>work_notes</element>
            <position>12</position>
            <sys_created_by>admin</sys_created_by>
            <sys_created_on>2023-02-21 09:55:44</sys_created_on>
            <sys_id>0ab1a417f0c521107f442effab1b2811</sys_id>
            <sys_mod_count>0</sys_mod_count>
            <sys_ui_formatter/>
            <sys_ui_section caption="NULL" display_value="" name="x_58872_ClientPro_x_58872_clientpro_x_58872_clientpro_x_58872_clientpro_clientpr" sys_domain="global" view="Default view">9a10d853f08521107f442effab1b2833</sys_ui_section>
            <sys_updated_by>admin</sys_updated_by>
            <sys_updated_on>2023-02-21 09:55:44</sys_updated_on>
            <sys_user/>
            <type/>
        </sys_ui_element>
        <sys_ui_section action="INSERT_OR_UPDATE">
            <caption/>
            <header>false</header>
            <name>x_58872_ClientPro_x_58872_clientpro_x_58872_clientpro_x_58872_clientpro_clientpr</name>
            <roles/>
            <sys_class_name>sys_ui_section</sys_class_name>
            <sys_created_by>admin</sys_created_by>
            <sys_created_on>2023-02-21 08:38:46</sys_created_on>
            <sys_domain>global</sys_domain>
            <sys_domain_path>/</sys_domain_path>
            <sys_id>9a10d853f08521107f442effab1b2833</sys_id>
            <sys_mod_count>0</sys_mod_count>
            <sys_name>x_58872_ClientPro_x_58872_clientpro_x_58872_clientpro_x_58872_clientpro_clientpr</sys_name>
            <sys_overrides/>
            <sys_package display_value="ClientPro" source="x_58872_ClientPro">6ead8e780f603200cd674f8ce1050ed1</sys_package>
            <sys_policy/>
            <sys_scope display_value="ClientPro">6ead8e780f603200cd674f8ce1050ed1</sys_scope>
            <sys_update_name>sys_ui_section_9a10d853f08521107f442effab1b2833</sys_update_name>
            <sys_updated_by>admin</sys_updated_by>
            <sys_updated_on>2023-02-21 08:38:46</sys_updated_on>
            <sys_user/>
            <title>true</title>
            <view display_value="Default view" name="NULL">Default view</view>
            <view_name/>
        </sys_ui_section>
    </sys_ui_section>
</record_update>
