<?xml version="1.0" encoding="UTF-8"?><record_update sys_domain="global" table="sys_complex_object">
    <sys_complex_object action="INSERT_OR_UPDATE">
        <label/>
        <name>FDbc76a5ab70452110f6d89b3710cd1f1c</name>
        <namespace>FlowDesigner</namespace>
        <scope_name>6ead8e780f603200cd674f8ce1050ed1</scope_name>
        <serialized_content>{"FlowDesigner:FDbc76a5ab70452110f6d89b3710cd1f1c":{"$COCollectionField":[{"FDChangeDetails":{"previous_display_value":"String","previous_display_value.$field_facets":{"SimpleMapFacet":"{\"uiTypeLabel\":\"String\",\"read_only\":\"false\",\"hint\":\"\",\"uiType\":\"string\",\"default_value\":\"\",\"label\":\"Previous Display Value\",\"mandatory\":\"false\",\"order\":\"4\",\"max_length\":\"0\"}"},"previous_value":"String","previous_value.$field_facets":{"SimpleMapFacet":"{\"uiTypeLabel\":\"String\",\"read_only\":\"false\",\"hint\":\"\",\"uiType\":\"string\",\"default_value\":\"\",\"label\":\"Previous Value\",\"mandatory\":\"false\",\"order\":\"2\",\"max_length\":\"0\"}"},"current_display_value":"String","current_display_value.$field_facets":{"SimpleMapFacet":"{\"uiTypeLabel\":\"String\",\"read_only\":\"false\",\"hint\":\"\",\"uiType\":\"string\",\"default_value\":\"\",\"label\":\"Current Display Value\",\"mandatory\":\"false\",\"order\":\"5\",\"max_length\":\"0\"}"},"current_value":"String","current_value.$field_facets":{"SimpleMapFacet":"{\"uiTypeLabel\":\"String\",\"read_only\":\"false\",\"hint\":\"\",\"uiType\":\"string\",\"default_value\":\"\",\"label\":\"Current Value\",\"mandatory\":\"false\",\"order\":\"3\",\"max_length\":\"0\"}"},"field_name":"String","field_name.$field_facets":{"SimpleMapFacet":"{\"uiTypeLabel\":\"String\",\"read_only\":\"false\",\"hint\":\"\",\"uiType\":\"string\",\"default_value\":\"\",\"label\":\"Field Name\",\"mandatory\":\"false\",\"order\":\"1\",\"max_length\":\"0\"}"}}}],"$COCollectionField.$type_facets":{"SimpleMapFacet":"{\"pwd2droppable\":\"true\",\"default_value\":\"\",\"label\":\"Changed Fields\",\"mandatory\":\"false\",\"child_name\":\"FDChangeDetails\",\"uiTypeLabel\":\"Array.Object\",\"co_type_name\":\"FDbc76a5ab70452110f6d89b3710cd1f1c\",\"child_label\":\"FDChangeDetails\",\"child_type_label\":\"Object\",\"element_mapping_provider\":\"com.glide.flow_design.action.data.FlowDesignVariableMapper\",\"read_only\":\"false\",\"hint\":\"\",\"uiType\":\"array.object\",\"child_type\":\"object\",\"order\":\"100\",\"max_length\":\"4000\"}"},"$COCollectionField.$field_facets":{"SimpleMapFacet":"{\"up-shift-collection-level\":\"true\"}"}},"FlowDesigner:FDbc76a5ab70452110f6d89b3710cd1f1c.$type_facets":{"SimpleMapFacet":"{\"pwd2droppable\":\"true\",\"default_value\":\"\",\"label\":\"Changed Fields\",\"mandatory\":\"false\",\"child_name\":\"FDChangeDetails\",\"uiTypeLabel\":\"Array.Object\",\"co_type_name\":\"FDbc76a5ab70452110f6d89b3710cd1f1c\",\"child_label\":\"FDChangeDetails\",\"child_type_label\":\"Object\",\"element_mapping_provider\":\"com.glide.flow_design.action.data.FlowDesignVariableMapper\",\"read_only\":\"false\",\"hint\":\"\",\"uiType\":\"array.object\",\"child_type\":\"object\",\"order\":\"100\",\"max_length\":\"4000\"}"}}</serialized_content>
        <sys_class_name>sys_complex_object</sys_class_name>
        <sys_created_by>admin</sys_created_by>
        <sys_created_on>2023-02-22 09:34:30</sys_created_on>
        <sys_domain>global</sys_domain>
        <sys_domain_path>/</sys_domain_path>
        <sys_id>7076a5ab944521107f448479e46a471d</sys_id>
        <sys_mod_count>0</sys_mod_count>
        <sys_name>FDbc76a5ab70452110f6d89b3710cd1f1c</sys_name>
        <sys_overrides/>
        <sys_package display_value="ClientPro" source="x_58872_ClientPro">6ead8e780f603200cd674f8ce1050ed1</sys_package>
        <sys_policy/>
        <sys_scope display_value="ClientPro">6ead8e780f603200cd674f8ce1050ed1</sys_scope>
        <sys_update_name>sys_complex_object_7076a5ab944521107f448479e46a471d</sys_update_name>
        <sys_updated_by>admin</sys_updated_by>
        <sys_updated_on>2023-02-22 09:34:30</sys_updated_on>
        <type>complex_object_collection</type>
    </sys_complex_object>
</record_update>
