<?xml version="1.0" encoding="UTF-8"?><record_update table="sys_dictionary_override">
    <sys_dictionary_override action="INSERT_OR_UPDATE">
        <attributes/>
        <attributes_override>false</attributes_override>
        <base_table>task</base_table>
        <calculation/>
        <calculation_override>false</calculation_override>
        <default_value>13</default_value>
        <default_value_override>true</default_value_override>
        <dependent/>
        <dependent_override>false</dependent_override>
        <display_override>false</display_override>
        <element>state</element>
        <mandatory>true</mandatory>
        <mandatory_override>true</mandatory_override>
        <name>x_58872_ClientPro_x_58872_clientpro_x_58872_clientpro_x_58872_clientpro_clientpr</name>
        <read_only>false</read_only>
        <read_only_override>false</read_only_override>
        <reference_qual/>
        <reference_qual_override>false</reference_qual_override>
        <sys_class_name>sys_dictionary_override</sys_class_name>
        <sys_created_by>admin</sys_created_by>
        <sys_created_on>2023-02-21 08:53:11</sys_created_on>
        <sys_id>61635457f08521107f442effab1b2810</sys_id>
        <sys_mod_count>2</sys_mod_count>
        <sys_name>state</sys_name>
        <sys_package display_value="ClientPro" source="x_58872_ClientPro">6ead8e780f603200cd674f8ce1050ed1</sys_package>
        <sys_policy/>
        <sys_scope display_value="ClientPro">6ead8e780f603200cd674f8ce1050ed1</sys_scope>
        <sys_update_name>sys_dictionary_override_61635457f08521107f442effab1b2810</sys_update_name>
        <sys_updated_by>admin</sys_updated_by>
        <sys_updated_on>2023-02-22 04:06:04</sys_updated_on>
    </sys_dictionary_override>
</record_update>
