<?xml version="1.0" encoding="UTF-8"?><record_update table="sys_properties">
    <sys_properties action="INSERT_OR_UPDATE">
        <choices/>
        <description>If true, portal css would be in rem units</description>
        <ignore_cache>true</ignore_cache>
        <is_private>false</is_private>
        <name>glide.service_portal.resize_text.csp.enable_rem_conversion</name>
        <read_roles/>
        <suffix/>
        <sys_class_name>sys_properties</sys_class_name>
        <sys_created_by>admin</sys_created_by>
        <sys_created_on>2023-02-22 05:33:15</sys_created_on>
        <sys_id>a23f20eb944121107f448479e46a47ee</sys_id>
        <sys_mod_count>0</sys_mod_count>
        <sys_name>glide.service_portal.resize_text.csp.enable_rem_conversion</sys_name>
        <sys_package display_value="ClientPro" source="x_58872_ClientPro">6ead8e780f603200cd674f8ce1050ed1</sys_package>
        <sys_policy/>
        <sys_scope display_value="ClientPro">6ead8e780f603200cd674f8ce1050ed1</sys_scope>
        <sys_update_name>sys_properties_a23f20eb944121107f448479e46a47ee</sys_update_name>
        <sys_updated_by>admin</sys_updated_by>
        <sys_updated_on>2023-02-22 05:33:15</sys_updated_on>
        <type>boolean</type>
        <value>true</value>
        <write_roles/>
    </sys_properties>
    <sys_translated_text action="delete_multiple" query="documentkey=a23f20eb944121107f448479e46a47ee"/>
</record_update>
