<?xml version="1.0" encoding="UTF-8"?><record_update table="sys_number">
    <sys_number action="INSERT_OR_UPDATE">
        <category display_value="" name="x_58872_ClientPro_x_58872_clientpro_x_58872_clientpro_x_58872_clientpro_employee">x_58872_ClientPro_x_58872_clientpro_x_58872_clientpro_x_58872_clientpro_employee</category>
        <maximum_digits>7</maximum_digits>
        <number>2000</number>
        <prefix>EMP</prefix>
        <sys_class_name>sys_number</sys_class_name>
        <sys_created_by>admin</sys_created_by>
        <sys_created_on>2023-02-21 09:01:11</sys_created_on>
        <sys_id>7e3514d7f08521107f442effab1b28fc</sys_id>
        <sys_mod_count>0</sys_mod_count>
        <sys_name>EMP</sys_name>
        <sys_package display_value="ClientPro" source="x_58872_ClientPro">6ead8e780f603200cd674f8ce1050ed1</sys_package>
        <sys_policy/>
        <sys_scope display_value="ClientPro">6ead8e780f603200cd674f8ce1050ed1</sys_scope>
        <sys_update_name>sys_number_7e3514d7f08521107f442effab1b28fc</sys_update_name>
        <sys_updated_by>admin</sys_updated_by>
        <sys_updated_on>2023-02-21 09:01:11</sys_updated_on>
    </sys_number>
</record_update>
