<?xml version="1.0" encoding="UTF-8"?><record_update table="sys_db_object">
    <sys_db_object action="INSERT_OR_UPDATE">
        <access>public</access>
        <actions_access>false</actions_access>
        <alter_access>false</alter_access>
        <caller_access/>
        <client_scripts_access>false</client_scripts_access>
        <configuration_access>false</configuration_access>
        <create_access>false</create_access>
        <create_access_controls>true</create_access_controls>
        <delete_access>false</delete_access>
        <extension_model/>
        <is_extendable>false</is_extendable>
        <label>EmployeeProjects</label>
        <live_feed_enabled>false</live_feed_enabled>
        <name>x_58872_ClientPro_x_58872_clientpro_x_58872_clientpro_x_58872_clientpro_employee</name>
        <number_ref display_value="EMP">7e3514d7f08521107f442effab1b28fc</number_ref>
        <provider_class/>
        <read_access>true</read_access>
        <scriptable_table>false</scriptable_table>
        <super_class/>
        <sys_class_code/>
        <sys_class_name>sys_db_object</sys_class_name>
        <sys_class_path/>
        <sys_created_by>admin</sys_created_by>
        <sys_created_on>2023-02-21 09:01:10</sys_created_on>
        <sys_id>a105d893f08521107f442effab1b28fc</sys_id>
        <sys_mod_count>1</sys_mod_count>
        <sys_name>EmployeeProjects</sys_name>
        <sys_package display_value="ClientPro" source="x_58872_ClientPro">6ead8e780f603200cd674f8ce1050ed1</sys_package>
        <sys_policy/>
        <sys_scope display_value="ClientPro">6ead8e780f603200cd674f8ce1050ed1</sys_scope>
        <sys_update_name>sys_db_object_a105d893f08521107f442effab1b28fc</sys_update_name>
        <sys_updated_by>admin</sys_updated_by>
        <sys_updated_on>2023-02-21 09:01:11</sys_updated_on>
        <update_access>false</update_access>
        <user_role display_value="x_58872_ClientPro.employeeprojects_user" name="x_58872_ClientPro.employeeprojects_user">aa35d0d7f08521107f442effab1b280c</user_role>
        <ws_access>true</ws_access>
    </sys_db_object>
</record_update>
