<?xml version="1.0" encoding="UTF-8"?><record_update sys_domain="global" table="sys_app_application">
    <sys_app_application action="INSERT_OR_UPDATE">
        <active>true</active>
        <category display_value="Custom Applications">e0355b31ef303000a61d5a3615c0fb78</category>
        <description/>
        <device_type>browser</device_type>
        <hint/>
        <name/>
        <order>100</order>
        <roles>x_58872_ClientPro.employeeprojects_user,x_58872_ClientPro.clientpro_user,x_58872_ClientPro.clientproject_user</roles>
        <sys_class_name>sys_app_application</sys_class_name>
        <sys_created_by>admin</sys_created_by>
        <sys_created_on>2023-02-21 09:07:08</sys_created_on>
        <sys_domain>global</sys_domain>
        <sys_domain_path>/</sys_domain_path>
        <sys_id>3176581bf08521107f442effab1b286f</sys_id>
        <sys_mod_count>0</sys_mod_count>
        <sys_name>EmployeeProjects</sys_name>
        <sys_overrides/>
        <sys_package display_value="ClientPro" source="x_58872_ClientPro">6ead8e780f603200cd674f8ce1050ed1</sys_package>
        <sys_policy/>
        <sys_scope display_value="ClientPro">6ead8e780f603200cd674f8ce1050ed1</sys_scope>
        <sys_update_name>sys_app_application_3176581bf08521107f442effab1b286f</sys_update_name>
        <sys_updated_by>admin</sys_updated_by>
        <sys_updated_on>2023-02-21 09:07:08</sys_updated_on>
        <title>EmployeeProjects</title>
        <view_name/>
    </sys_app_application>
</record_update>
