<?xml version="1.0" encoding="UTF-8"?><record_update table="sys_security_acl_role">
    <sys_security_acl_role action="INSERT_OR_UPDATE">
        <sys_class_name>sys_security_acl_role</sys_class_name>
        <sys_created_by>admin</sys_created_by>
        <sys_created_on>2023-02-21 08:22:40</sys_created_on>
        <sys_id>2a6c009ff04521107f442effab1b28a4</sys_id>
        <sys_mod_count>0</sys_mod_count>
        <sys_name>x_58872_ClientPro_x_58872_clientpro_x_58872_clientpro_x_58872_clientpro_clientpr.x_58872_ClientPro.clientpro_user</sys_name>
        <sys_package display_value="ClientPro" source="x_58872_ClientPro">6ead8e780f603200cd674f8ce1050ed1</sys_package>
        <sys_policy/>
        <sys_scope display_value="ClientPro">6ead8e780f603200cd674f8ce1050ed1</sys_scope>
        <sys_security_acl display_value="x_58872_ClientPro_x_58872_clientpro_x_58872_clientpro_x_58872_clientpro_clientpr">626c009ff04521107f442effab1b28a2</sys_security_acl>
        <sys_update_name>sys_security_acl_role_2a6c009ff04521107f442effab1b28a4</sys_update_name>
        <sys_updated_by>admin</sys_updated_by>
        <sys_updated_on>2023-02-21 08:22:40</sys_updated_on>
        <sys_user_role display_value="x_58872_ClientPro.clientpro_user" name="x_58872_ClientPro.clientpro_user">6aeb489bf04521107f442effab1b28ef</sys_user_role>
        <transaction_id/>
    </sys_security_acl_role>
</record_update>
