<?xml version="1.0" encoding="UTF-8"?><record_update>
    <sys_ui_section caption="" section_id="7e4554d7f08521107f442effab1b28ce" sys_domain="global" table="x_58872_ClientPro_x_58872_clientpro_x_58872_clientpro_x_58872_clientpro_employee" version="3" view="">
        <sys_ui_element action="INSERT_OR_UPDATE">
            <element>number</element>
            <position>0</position>
            <sys_created_by>admin</sys_created_by>
            <sys_created_on>2023-02-22 04:46:55</sys_created_on>
            <sys_id>c4a4e423944121107f448479e46a47e5</sys_id>
            <sys_mod_count>0</sys_mod_count>
            <sys_ui_formatter/>
            <sys_ui_section caption="NULL" display_value="" name="x_58872_ClientPro_x_58872_clientpro_x_58872_clientpro_x_58872_clientpro_employee" sys_domain="global" view="Default view">7e4554d7f08521107f442effab1b28ce</sys_ui_section>
            <sys_updated_by>admin</sys_updated_by>
            <sys_updated_on>2023-02-22 04:46:55</sys_updated_on>
            <sys_user/>
            <type/>
        </sys_ui_element>
        <sys_ui_element action="INSERT_OR_UPDATE">
            <element>u_string_1</element>
            <position>1</position>
            <sys_created_by>admin</sys_created_by>
            <sys_created_on>2023-02-22 04:46:55</sys_created_on>
            <sys_id>8ca4e423944121107f448479e46a47e5</sys_id>
            <sys_mod_count>0</sys_mod_count>
            <sys_ui_formatter/>
            <sys_ui_section caption="NULL" display_value="" name="x_58872_ClientPro_x_58872_clientpro_x_58872_clientpro_x_58872_clientpro_employee" sys_domain="global" view="Default view">7e4554d7f08521107f442effab1b28ce</sys_ui_section>
            <sys_updated_by>admin</sys_updated_by>
            <sys_updated_on>2023-02-22 04:46:55</sys_updated_on>
            <sys_user/>
            <type/>
        </sys_ui_element>
        <sys_ui_element action="INSERT_OR_UPDATE">
            <element>u_choice_1</element>
            <position>2</position>
            <sys_created_by>admin</sys_created_by>
            <sys_created_on>2023-02-22 04:46:55</sys_created_on>
            <sys_id>00a4e423944121107f448479e46a47e6</sys_id>
            <sys_mod_count>0</sys_mod_count>
            <sys_ui_formatter/>
            <sys_ui_section caption="NULL" display_value="" name="x_58872_ClientPro_x_58872_clientpro_x_58872_clientpro_x_58872_clientpro_employee" sys_domain="global" view="Default view">7e4554d7f08521107f442effab1b28ce</sys_ui_section>
            <sys_updated_by>admin</sys_updated_by>
            <sys_updated_on>2023-02-22 04:46:55</sys_updated_on>
            <sys_user/>
            <type/>
        </sys_ui_element>
        <sys_ui_element action="INSERT_OR_UPDATE">
            <element>u_reference_4</element>
            <position>3</position>
            <sys_created_by>admin</sys_created_by>
            <sys_created_on>2023-02-22 04:46:55</sys_created_on>
            <sys_id>80a4e423944121107f448479e46a47e6</sys_id>
            <sys_mod_count>0</sys_mod_count>
            <sys_ui_formatter/>
            <sys_ui_section caption="NULL" display_value="" name="x_58872_ClientPro_x_58872_clientpro_x_58872_clientpro_x_58872_clientpro_employee" sys_domain="global" view="Default view">7e4554d7f08521107f442effab1b28ce</sys_ui_section>
            <sys_updated_by>admin</sys_updated_by>
            <sys_updated_on>2023-02-22 04:46:55</sys_updated_on>
            <sys_user/>
            <type/>
        </sys_ui_element>
        <sys_ui_element action="INSERT_OR_UPDATE">
            <element>u_reference_1</element>
            <position>4</position>
            <sys_created_by>admin</sys_created_by>
            <sys_created_on>2023-02-22 04:46:55</sys_created_on>
            <sys_id>04a4e423944121107f448479e46a47e6</sys_id>
            <sys_mod_count>0</sys_mod_count>
            <sys_ui_formatter/>
            <sys_ui_section caption="NULL" display_value="" name="x_58872_ClientPro_x_58872_clientpro_x_58872_clientpro_x_58872_clientpro_employee" sys_domain="global" view="Default view">7e4554d7f08521107f442effab1b28ce</sys_ui_section>
            <sys_updated_by>admin</sys_updated_by>
            <sys_updated_on>2023-02-22 04:46:55</sys_updated_on>
            <sys_user/>
            <type/>
        </sys_ui_element>
        <sys_ui_element action="INSERT_OR_UPDATE">
            <element>u_float_5</element>
            <position>5</position>
            <sys_created_by>admin</sys_created_by>
            <sys_created_on>2023-02-22 04:46:55</sys_created_on>
            <sys_id>84a4e423944121107f448479e46a47e6</sys_id>
            <sys_mod_count>0</sys_mod_count>
            <sys_ui_formatter/>
            <sys_ui_section caption="NULL" display_value="" name="x_58872_ClientPro_x_58872_clientpro_x_58872_clientpro_x_58872_clientpro_employee" sys_domain="global" view="Default view">7e4554d7f08521107f442effab1b28ce</sys_ui_section>
            <sys_updated_by>admin</sys_updated_by>
            <sys_updated_on>2023-02-22 04:46:55</sys_updated_on>
            <sys_user/>
            <type/>
        </sys_ui_element>
        <sys_ui_element action="INSERT_OR_UPDATE">
            <element>u_glide_date_time_6</element>
            <position>6</position>
            <sys_created_by>admin</sys_created_by>
            <sys_created_on>2023-02-22 04:46:55</sys_created_on>
            <sys_id>08a4e423944121107f448479e46a47e6</sys_id>
            <sys_mod_count>0</sys_mod_count>
            <sys_ui_formatter/>
            <sys_ui_section caption="NULL" display_value="" name="x_58872_ClientPro_x_58872_clientpro_x_58872_clientpro_x_58872_clientpro_employee" sys_domain="global" view="Default view">7e4554d7f08521107f442effab1b28ce</sys_ui_section>
            <sys_updated_by>admin</sys_updated_by>
            <sys_updated_on>2023-02-22 04:46:55</sys_updated_on>
            <sys_user/>
            <type/>
        </sys_ui_element>
        <sys_ui_element action="INSERT_OR_UPDATE">
            <element>u_glide_date_7</element>
            <position>7</position>
            <sys_created_by>admin</sys_created_by>
            <sys_created_on>2023-02-22 04:46:55</sys_created_on>
            <sys_id>88a4e423944121107f448479e46a47e6</sys_id>
            <sys_mod_count>0</sys_mod_count>
            <sys_ui_formatter/>
            <sys_ui_section caption="NULL" display_value="" name="x_58872_ClientPro_x_58872_clientpro_x_58872_clientpro_x_58872_clientpro_employee" sys_domain="global" view="Default view">7e4554d7f08521107f442effab1b28ce</sys_ui_section>
            <sys_updated_by>admin</sys_updated_by>
            <sys_updated_on>2023-02-22 04:46:55</sys_updated_on>
            <sys_user/>
            <type/>
        </sys_ui_element>
        <sys_ui_section action="INSERT_OR_UPDATE">
            <caption/>
            <header>false</header>
            <name>x_58872_ClientPro_x_58872_clientpro_x_58872_clientpro_x_58872_clientpro_employee</name>
            <roles/>
            <sys_class_name>sys_ui_section</sys_class_name>
            <sys_created_by>admin</sys_created_by>
            <sys_created_on>2023-02-21 09:01:27</sys_created_on>
            <sys_domain>global</sys_domain>
            <sys_domain_path>/</sys_domain_path>
            <sys_id>7e4554d7f08521107f442effab1b28ce</sys_id>
            <sys_mod_count>0</sys_mod_count>
            <sys_name>x_58872_ClientPro_x_58872_clientpro_x_58872_clientpro_x_58872_clientpro_employee</sys_name>
            <sys_overrides/>
            <sys_package display_value="ClientPro" source="x_58872_ClientPro">6ead8e780f603200cd674f8ce1050ed1</sys_package>
            <sys_policy/>
            <sys_scope display_value="ClientPro">6ead8e780f603200cd674f8ce1050ed1</sys_scope>
            <sys_update_name>sys_ui_section_7e4554d7f08521107f442effab1b28ce</sys_update_name>
            <sys_updated_by>admin</sys_updated_by>
            <sys_updated_on>2023-02-21 09:01:27</sys_updated_on>
            <sys_user/>
            <title>true</title>
            <view display_value="Default view" name="NULL">Default view</view>
            <view_name/>
        </sys_ui_section>
    </sys_ui_section>
</record_update>
