<?xml version="1.0" encoding="UTF-8"?><record_update sys_domain="global" table="sys_app_module">
    <sys_app_module action="INSERT_OR_UPDATE">
        <active>true</active>
        <application display_value="EmployeeData">53a4e4d7f0c521107f442effab1b28a4</application>
        <assessment/>
        <device_type/>
        <filter/>
        <hint/>
        <homepage/>
        <image/>
        <link_type>LIST</link_type>
        <map_page/>
        <mobile_title>All</mobile_title>
        <mobile_view_name>Mobile</mobile_view_name>
        <name>x_58872_ClientPro_x_58872_clientpro_x_58872_clientpro_x_58872_clientpro_data_emp</name>
        <order/>
        <override_menu_roles>false</override_menu_roles>
        <query/>
        <report/>
        <roles>x_58872_ClientPro.clientpro_user,x_58872_ClientPro.clientproject_user,x_58872_ClientPro.employee_data_user,x_58872_ClientPro.employeedata_user,x_58872_ClientPro.employeeprojects_user</roles>
        <sys_class_name>sys_app_module</sys_class_name>
        <sys_created_by>admin</sys_created_by>
        <sys_created_on>2023-02-21 10:10:55</sys_created_on>
        <sys_domain>global</sys_domain>
        <sys_domain_path>/</sys_domain_path>
        <sys_id>2af42cd7f0c521107f442effab1b287b</sys_id>
        <sys_mod_count>0</sys_mod_count>
        <sys_name>All</sys_name>
        <sys_overrides/>
        <sys_package display_value="ClientPro" source="x_58872_ClientPro">6ead8e780f603200cd674f8ce1050ed1</sys_package>
        <sys_policy/>
        <sys_scope display_value="ClientPro">6ead8e780f603200cd674f8ce1050ed1</sys_scope>
        <sys_update_name>sys_app_module_2af42cd7f0c521107f442effab1b287b</sys_update_name>
        <sys_updated_by>admin</sys_updated_by>
        <sys_updated_on>2023-02-21 10:10:55</sys_updated_on>
        <timeline_page/>
        <title>All</title>
        <uncancelable>false</uncancelable>
        <view_name/>
        <window_name/>
    </sys_app_module>
</record_update>
