<?xml version="1.0" encoding="UTF-8"?><record_update table="wf_workflow_version">
    <wf_workflow_version action="INSERT_OR_UPDATE">
        <active>true</active>
        <activity_stages>{"subflows":[],"stages":{},"activities":{},"ends":["c6df7d9ff00d21107f442effab1b282a"]}</activity_stages>
        <after_business_rules>false</after_business_rules>
        <checked_out/>
        <checked_out_by/>
        <column_renderer display_value="Workflow-driven">a56213111b030100adca1e094f0713ac</column_renderer>
        <condition table="x_58872_ClientPro_x_58872_clientpro_x_58872_clientpro_x_58872_clientpro_clientpr">state=13^EQ<item display_value="Requested" endquery="false" field="state" goto="false" newquery="false" operator="=" or="false" value="13"/>
            <item endquery="true" field="" goto="false" newquery="false" operator="=" or="false" value=""/>
        </condition>
        <condition_type>run_match</condition_type>
        <description/>
        <expected_sequences>8adf7d9ff00d21107f442effab1b2828,d1efbd9ff00d21107f442effab1b282e,c6df7d9ff00d21107f442effab1b282a</expected_sequences>
        <expected_time>1970-01-01 14:00:00</expected_time>
        <expected_time_type/>
        <full_sequences>8adf7d9ff00d21107f442effab1b2828,d1efbd9ff00d21107f442effab1b282e,c6df7d9ff00d21107f442effab1b282a</full_sequences>
        <journal/>
        <max_activity_count>100</max_activity_count>
        <name>RequestResourceFlow</name>
        <not_cacheable>false</not_cacheable>
        <on_cancel><![CDATA[// This script executes if the workflow is cancelled.// The global variable context_sys_id contains the sys_id of the cancelled workflow context.]]></on_cancel>
        <order>100</order>
        <pin_type>set_by_activity</pin_type>
        <published>true</published>
        <relative_duration/>
        <requires_ert>true</requires_ert>
        <run_multiple>false</run_multiple>
        <schedule/>
        <stage_field/>
        <stage_order>computed</stage_order>
        <start display_value="Begin">8adf7d9ff00d21107f442effab1b2828</start>
        <sys_created_by>admin</sys_created_by>
        <sys_created_on>2023-02-21 16:46:59</sys_created_on>
        <sys_id>304f359ff00d21107f442effab1b2881</sys_id>
        <sys_mod_count>22</sys_mod_count>
        <sys_updated_by>admin</sys_updated_by>
        <sys_updated_on>2023-02-21 16:50:46</sys_updated_on>
        <table>x_58872_ClientPro_x_58872_clientpro_x_58872_clientpro_x_58872_clientpro_clientpr</table>
        <timezone/>
        <validated>true</validated>
        <workflow display_value="RequestResourceFlow">06df7d9ff00d21107f442effab1b2827</workflow>
    </wf_workflow_version>
    <wf_workflow action="INSERT_OR_UPDATE">
        <access>public</access>
        <description/>
        <name>RequestResourceFlow</name>
        <preview/>
        <sys_class_name>wf_workflow</sys_class_name>
        <sys_created_by>admin</sys_created_by>
        <sys_created_on>2023-02-21 16:46:59</sys_created_on>
        <sys_domain>global</sys_domain>
        <sys_domain_path>/</sys_domain_path>
        <sys_id>06df7d9ff00d21107f442effab1b2827</sys_id>
        <sys_mod_count>0</sys_mod_count>
        <sys_name>RequestResourceFlow</sys_name>
        <sys_overrides/>
        <sys_package display_value="ClientPro" source="x_58872_ClientPro">6ead8e780f603200cd674f8ce1050ed1</sys_package>
        <sys_policy/>
        <sys_scope display_value="ClientPro">6ead8e780f603200cd674f8ce1050ed1</sys_scope>
        <sys_update_name>wf_workflow_06df7d9ff00d21107f442effab1b2827</sys_update_name>
        <sys_updated_by>admin</sys_updated_by>
        <sys_updated_on>2023-02-21 16:46:59</sys_updated_on>
        <table>x_58872_ClientPro_x_58872_clientpro_x_58872_clientpro_x_58872_clientpro_clientpr</table>
        <template>false</template>
        <vars/>
    </wf_workflow>
    <wf_activity action="INSERT_OR_UPDATE">
        <activity_definition display_value="Set Values">1ca8d7cf0a0a0b265e9a000c2c08248c</activity_definition>
        <activity_definition_updated>false</activity_definition_updated>
        <databus_lookup_id>3</databus_lookup_id>
        <height/>
        <input>{}</input>
        <is_parent>false</is_parent>
        <name/>
        <new_activity_definition/>
        <notes/>
        <out_of_date>false</out_of_date>
        <parent/>
        <pinned>false</pinned>
        <pinned_version/>
        <stage/>
        <sys_created_by>admin</sys_created_by>
        <sys_created_on>2023-02-21 16:48:02</sys_created_on>
        <sys_id>d1efbd9ff00d21107f442effab1b282e</sys_id>
        <sys_mod_count>2</sys_mod_count>
        <sys_updated_by>admin</sys_updated_by>
        <sys_updated_on>2023-02-21 16:48:07</sys_updated_on>
        <timeout>1970-01-01 00:00:00</timeout>
        <vars/>
        <width/>
        <workflow_version display_value="RequestResourceFlow">304f359ff00d21107f442effab1b2881</workflow_version>
        <x>213</x>
        <y>109</y>
    </wf_activity>
    <sys_variable_value action="delete_multiple" query="document_key=d1efbd9ff00d21107f442effab1b282e"/>
    <sys_variable_value action="INSERT_OR_UPDATE">
        <document>wf_activity</document>
        <document_key>d1efbd9ff00d21107f442effab1b282e</document_key>
        <order>100</order>
        <sys_class_name>sys_variable_value</sys_class_name>
        <sys_created_by>admin</sys_created_by>
        <sys_created_on>2023-02-21 16:48:02</sys_created_on>
        <sys_id>a91042dff00d21107f442effab1b2817</sys_id>
        <sys_mod_count>0</sys_mod_count>
        <sys_updated_by>admin</sys_updated_by>
        <sys_updated_on>2023-02-21 16:48:02</sys_updated_on>
        <value>state=14^EQ</value>
        <variable display_value="Set these values">1cb38c8f0a0a0b266fb48e08de35f507</variable>
    </sys_variable_value>
    <sys_variable_value action="INSERT_OR_UPDATE">
        <document>wf_activity</document>
        <document_key>d1efbd9ff00d21107f442effab1b282e</document_key>
        <order>100</order>
        <sys_class_name>sys_variable_value</sys_class_name>
        <sys_created_by>admin</sys_created_by>
        <sys_created_on>2023-02-21 16:48:02</sys_created_on>
        <sys_id>a91042dff00d21107f442effab1b2817</sys_id>
        <sys_mod_count>0</sys_mod_count>
        <sys_updated_by>admin</sys_updated_by>
        <sys_updated_on>2023-02-21 16:48:02</sys_updated_on>
        <value>state=14^EQ</value>
        <variable display_value="Set these values">1cb38c8f0a0a0b266fb48e08de35f507</variable>
    </sys_variable_value>
    <wf_condition action="INSERT_OR_UPDATE">
        <activity display_value="">d1efbd9ff00d21107f442effab1b282e</activity>
        <condition>true</condition>
        <condition_default/>
        <condition_type>standard</condition_type>
        <else_flag>false</else_flag>
        <error>false</error>
        <event>false</event>
        <event_name/>
        <is_positive>true</is_positive>
        <name>Always</name>
        <order>0</order>
        <short_description/>
        <skip_during_generate>false</skip_during_generate>
        <sys_created_by>admin</sys_created_by>
        <sys_created_on>2023-02-21 16:48:03</sys_created_on>
        <sys_id>e91042dff00d21107f442effab1b2818</sys_id>
        <sys_mod_count>0</sys_mod_count>
        <sys_updated_by>admin</sys_updated_by>
        <sys_updated_on>2023-02-21 16:48:03</sys_updated_on>
    </wf_condition>
    <wf_activity action="INSERT_OR_UPDATE">
        <activity_definition display_value="Begin">c7a5e32c0a0a0b3a002377c24ed8ea76</activity_definition>
        <activity_definition_updated>false</activity_definition_updated>
        <databus_lookup_id>1</databus_lookup_id>
        <height/>
        <input/>
        <is_parent>false</is_parent>
        <name>Begin</name>
        <new_activity_definition/>
        <notes/>
        <out_of_date>false</out_of_date>
        <parent/>
        <pinned>false</pinned>
        <pinned_version/>
        <stage/>
        <sys_created_by>admin</sys_created_by>
        <sys_created_on>2023-02-21 16:46:59</sys_created_on>
        <sys_id>8adf7d9ff00d21107f442effab1b2828</sys_id>
        <sys_mod_count>0</sys_mod_count>
        <sys_updated_by>admin</sys_updated_by>
        <sys_updated_on>2023-02-21 16:46:59</sys_updated_on>
        <timeout>1970-01-01 00:00:00</timeout>
        <vars/>
        <width>80</width>
        <workflow_version display_value="RequestResourceFlow">304f359ff00d21107f442effab1b2881</workflow_version>
        <x>20</x>
        <y>20</y>
    </wf_activity>
    <sys_variable_value action="delete_multiple" query="document_key=8adf7d9ff00d21107f442effab1b2828"/>
    <wf_condition action="INSERT_OR_UPDATE">
        <activity display_value="Begin">8adf7d9ff00d21107f442effab1b2828</activity>
        <condition>true</condition>
        <condition_default/>
        <condition_type>standard</condition_type>
        <else_flag>false</else_flag>
        <error>false</error>
        <event>false</event>
        <event_name/>
        <is_positive>true</is_positive>
        <name>Always</name>
        <order>0</order>
        <short_description/>
        <skip_during_generate>false</skip_during_generate>
        <sys_created_by>admin</sys_created_by>
        <sys_created_on>2023-02-21 16:46:59</sys_created_on>
        <sys_id>8adf7d9ff00d21107f442effab1b2829</sys_id>
        <sys_mod_count>0</sys_mod_count>
        <sys_updated_by>admin</sys_updated_by>
        <sys_updated_on>2023-02-21 16:46:59</sys_updated_on>
    </wf_condition>
    <wf_activity action="INSERT_OR_UPDATE">
        <activity_definition display_value="End">c7a66f7d0a0a0b3a004544a6d2f14076</activity_definition>
        <activity_definition_updated>false</activity_definition_updated>
        <databus_lookup_id>2</databus_lookup_id>
        <height/>
        <input/>
        <is_parent>false</is_parent>
        <name>End</name>
        <new_activity_definition/>
        <notes/>
        <out_of_date>false</out_of_date>
        <parent/>
        <pinned>false</pinned>
        <pinned_version/>
        <stage/>
        <sys_created_by>admin</sys_created_by>
        <sys_created_on>2023-02-21 16:46:59</sys_created_on>
        <sys_id>c6df7d9ff00d21107f442effab1b282a</sys_id>
        <sys_mod_count>1</sys_mod_count>
        <sys_updated_by>admin</sys_updated_by>
        <sys_updated_on>2023-02-21 16:48:18</sys_updated_on>
        <timeout>1970-01-01 00:00:00</timeout>
        <vars/>
        <width>80</width>
        <workflow_version display_value="RequestResourceFlow">304f359ff00d21107f442effab1b2881</workflow_version>
        <x>443</x>
        <y>127</y>
    </wf_activity>
    <sys_variable_value action="delete_multiple" query="document_key=c6df7d9ff00d21107f442effab1b282a"/>
    <wf_transition action="INSERT_OR_UPDATE">
        <condition display_value="Always">e91042dff00d21107f442effab1b2818</condition>
        <from display_value="">d1efbd9ff00d21107f442effab1b282e</from>
        <sys_created_by>admin</sys_created_by>
        <sys_created_on>2023-02-21 16:48:16</sys_created_on>
        <sys_id>382042dff00d21107f442effab1b2824</sys_id>
        <sys_mod_count>0</sys_mod_count>
        <sys_updated_by>admin</sys_updated_by>
        <sys_updated_on>2023-02-21 16:48:16</sys_updated_on>
        <to display_value="End">c6df7d9ff00d21107f442effab1b282a</to>
    </wf_transition>
    <wf_transition action="INSERT_OR_UPDATE">
        <condition display_value="Always">8adf7d9ff00d21107f442effab1b2829</condition>
        <from display_value="Begin">8adf7d9ff00d21107f442effab1b2828</from>
        <sys_created_by>admin</sys_created_by>
        <sys_created_on>2023-02-21 16:48:10</sys_created_on>
        <sys_id>9f104e9ff00d21107f442effab1b2842</sys_id>
        <sys_mod_count>0</sys_mod_count>
        <sys_updated_by>admin</sys_updated_by>
        <sys_updated_on>2023-02-21 16:48:10</sys_updated_on>
        <to display_value="">d1efbd9ff00d21107f442effab1b282e</to>
    </wf_transition>
    <wf_estimated_runtime_config action="INSERT_OR_UPDATE">
        <estimated_run_time/>
        <no_of_data_points>1</no_of_data_points>
        <percentage_threshold_ert>20</percentage_threshold_ert>
        <sys_created_by>admin</sys_created_by>
        <sys_created_on>2023-02-21 16:46:59</sys_created_on>
        <sys_id>02df3d1ff00d21107f442effab1b2899</sys_id>
        <sys_mod_count>0</sys_mod_count>
        <sys_updated_by>admin</sys_updated_by>
        <sys_updated_on>2023-02-21 16:46:59</sys_updated_on>
        <workflow_version display_value="RequestResourceFlow">304f359ff00d21107f442effab1b2881</workflow_version>
    </wf_estimated_runtime_config>
    <wf_workflow_version action="update_multiple" query="workflow=06df7d9ff00d21107f442effab1b2827^sys_id!=304f359ff00d21107f442effab1b2881">
        <published>false</published>
    </wf_workflow_version>
</record_update>
