<?xml version="1.0" encoding="UTF-8"?><record_update table="wf_workflow_version">
    <wf_workflow_version action="INSERT_OR_UPDATE">
        <active>true</active>
        <activity_stages>{"subflows":[],"stages":{},"activities":{},"ends":["6655b9d3f00d21107f442effab1b28b0"]}</activity_stages>
        <after_business_rules>false</after_business_rules>
        <checked_out/>
        <checked_out_by/>
        <column_renderer display_value="Workflow-driven">a56213111b030100adca1e094f0713ac</column_renderer>
        <condition table="x_58872_ClientPro_x_58872_clientpro_x_58872_clientpro_x_58872_clientpro_clientpr">state=13^EQ<item display_value="Requested" endquery="false" field="state" goto="false" newquery="false" operator="=" or="false" value="13"/>
            <item endquery="true" field="" goto="false" newquery="false" operator="=" or="false" value=""/>
        </condition>
        <condition_type>run_match</condition_type>
        <description/>
        <expected_sequences>e655b9d3f00d21107f442effab1b28ae,3d75b117f00d21107f442effab1b2820,6655b9d3f00d21107f442effab1b28b0</expected_sequences>
        <expected_time>1970-01-01 14:00:00</expected_time>
        <expected_time_type/>
        <full_sequences>e655b9d3f00d21107f442effab1b28ae,3d75b117f00d21107f442effab1b2820,6655b9d3f00d21107f442effab1b28b0</full_sequences>
        <journal/>
        <max_activity_count>100</max_activity_count>
        <name>RequestResourceWorkflow</name>
        <not_cacheable>false</not_cacheable>
        <on_cancel><![CDATA[// This script executes if the workflow is cancelled.// The global variable context_sys_id contains the sys_id of the cancelled workflow context.]]></on_cancel>
        <order>100</order>
        <pin_type>set_by_activity</pin_type>
        <published>true</published>
        <relative_duration/>
        <requires_ert>true</requires_ert>
        <run_multiple>false</run_multiple>
        <schedule/>
        <stage_field/>
        <stage_order>computed</stage_order>
        <start display_value="Begin">e655b9d3f00d21107f442effab1b28ae</start>
        <sys_created_by>admin</sys_created_by>
        <sys_created_on>2023-02-21 16:01:09</sys_created_on>
        <sys_id>8ef439d3f00d21107f442effab1b28d2</sys_id>
        <sys_mod_count>22</sys_mod_count>
        <sys_updated_by>admin</sys_updated_by>
        <sys_updated_on>2023-02-21 16:27:56</sys_updated_on>
        <table>x_58872_ClientPro_x_58872_clientpro_x_58872_clientpro_x_58872_clientpro_clientpr</table>
        <timezone/>
        <validated>true</validated>
        <workflow display_value="RequestResourceWorkflow">a255b9d3f00d21107f442effab1b28ad</workflow>
    </wf_workflow_version>
    <wf_workflow action="INSERT_OR_UPDATE">
        <access>public</access>
        <description/>
        <name>RequestResourceWorkflow</name>
        <preview/>
        <sys_class_name>wf_workflow</sys_class_name>
        <sys_created_by>admin</sys_created_by>
        <sys_created_on>2023-02-21 16:01:09</sys_created_on>
        <sys_domain>global</sys_domain>
        <sys_domain_path>/</sys_domain_path>
        <sys_id>a255b9d3f00d21107f442effab1b28ad</sys_id>
        <sys_mod_count>0</sys_mod_count>
        <sys_name>RequestResourceWorkflow</sys_name>
        <sys_overrides/>
        <sys_package display_value="ClientPro" source="x_58872_ClientPro">6ead8e780f603200cd674f8ce1050ed1</sys_package>
        <sys_policy/>
        <sys_scope display_value="ClientPro">6ead8e780f603200cd674f8ce1050ed1</sys_scope>
        <sys_update_name>wf_workflow_a255b9d3f00d21107f442effab1b28ad</sys_update_name>
        <sys_updated_by>admin</sys_updated_by>
        <sys_updated_on>2023-02-21 16:01:09</sys_updated_on>
        <table>x_58872_ClientPro_x_58872_clientpro_x_58872_clientpro_x_58872_clientpro_clientpr</table>
        <template>false</template>
        <vars/>
    </wf_workflow>
    <wf_activity action="INSERT_OR_UPDATE">
        <activity_definition display_value="Begin">c7a5e32c0a0a0b3a002377c24ed8ea76</activity_definition>
        <activity_definition_updated>false</activity_definition_updated>
        <databus_lookup_id>1</databus_lookup_id>
        <height/>
        <input/>
        <is_parent>false</is_parent>
        <name>Begin</name>
        <new_activity_definition/>
        <notes/>
        <out_of_date>false</out_of_date>
        <parent/>
        <pinned>false</pinned>
        <pinned_version/>
        <stage/>
        <sys_created_by>admin</sys_created_by>
        <sys_created_on>2023-02-21 16:01:09</sys_created_on>
        <sys_id>e655b9d3f00d21107f442effab1b28ae</sys_id>
        <sys_mod_count>0</sys_mod_count>
        <sys_updated_by>admin</sys_updated_by>
        <sys_updated_on>2023-02-21 16:01:09</sys_updated_on>
        <timeout>1970-01-01 00:00:00</timeout>
        <vars/>
        <width>80</width>
        <workflow_version display_value="RequestResourceWorkflow">8ef439d3f00d21107f442effab1b28d2</workflow_version>
        <x>20</x>
        <y>20</y>
    </wf_activity>
    <sys_variable_value action="delete_multiple" query="document_key=e655b9d3f00d21107f442effab1b28ae"/>
    <wf_condition action="INSERT_OR_UPDATE">
        <activity display_value="Begin">e655b9d3f00d21107f442effab1b28ae</activity>
        <condition>true</condition>
        <condition_default/>
        <condition_type>standard</condition_type>
        <else_flag>false</else_flag>
        <error>false</error>
        <event>false</event>
        <event_name/>
        <is_positive>true</is_positive>
        <name>Always</name>
        <order>0</order>
        <short_description/>
        <skip_during_generate>false</skip_during_generate>
        <sys_created_by>admin</sys_created_by>
        <sys_created_on>2023-02-21 16:01:09</sys_created_on>
        <sys_id>2a55b9d3f00d21107f442effab1b28af</sys_id>
        <sys_mod_count>0</sys_mod_count>
        <sys_updated_by>admin</sys_updated_by>
        <sys_updated_on>2023-02-21 16:01:09</sys_updated_on>
    </wf_condition>
    <wf_activity action="INSERT_OR_UPDATE">
        <activity_definition display_value="End">c7a66f7d0a0a0b3a004544a6d2f14076</activity_definition>
        <activity_definition_updated>false</activity_definition_updated>
        <databus_lookup_id>2</databus_lookup_id>
        <height/>
        <input/>
        <is_parent>false</is_parent>
        <name>End</name>
        <new_activity_definition/>
        <notes/>
        <out_of_date>false</out_of_date>
        <parent/>
        <pinned>false</pinned>
        <pinned_version/>
        <stage/>
        <sys_created_by>admin</sys_created_by>
        <sys_created_on>2023-02-21 16:01:09</sys_created_on>
        <sys_id>6655b9d3f00d21107f442effab1b28b0</sys_id>
        <sys_mod_count>0</sys_mod_count>
        <sys_updated_by>admin</sys_updated_by>
        <sys_updated_on>2023-02-21 16:01:09</sys_updated_on>
        <timeout>1970-01-01 00:00:00</timeout>
        <vars/>
        <width>80</width>
        <workflow_version display_value="RequestResourceWorkflow">8ef439d3f00d21107f442effab1b28d2</workflow_version>
        <x>400</x>
        <y>150</y>
    </wf_activity>
    <sys_variable_value action="delete_multiple" query="document_key=6655b9d3f00d21107f442effab1b28b0"/>
    <wf_activity action="INSERT_OR_UPDATE">
        <activity_definition display_value="Notification">0a6c97790a0a0b2756919eb960284334</activity_definition>
        <activity_definition_updated>false</activity_definition_updated>
        <databus_lookup_id>3</databus_lookup_id>
        <height/>
        <input>{}</input>
        <is_parent>false</is_parent>
        <name>Resource Request</name>
        <new_activity_definition/>
        <notes/>
        <out_of_date>false</out_of_date>
        <parent/>
        <pinned>false</pinned>
        <pinned_version/>
        <stage/>
        <sys_created_by>admin</sys_created_by>
        <sys_created_on>2023-02-21 16:16:09</sys_created_on>
        <sys_id>3d75b117f00d21107f442effab1b2820</sys_id>
        <sys_mod_count>3</sys_mod_count>
        <sys_updated_by>admin</sys_updated_by>
        <sys_updated_on>2023-02-21 16:16:21</sys_updated_on>
        <timeout>1970-01-01 00:00:00</timeout>
        <vars/>
        <width/>
        <workflow_version display_value="RequestResourceWorkflow">8ef439d3f00d21107f442effab1b28d2</workflow_version>
        <x>185</x>
        <y>122</y>
    </wf_activity>
    <sys_variable_value action="delete_multiple" query="document_key=3d75b117f00d21107f442effab1b2820"/>
    <sys_variable_value action="INSERT_OR_UPDATE">
        <document>wf_activity</document>
        <document_key>3d75b117f00d21107f442effab1b2820</document_key>
        <order>300</order>
        <sys_class_name>sys_variable_value</sys_class_name>
        <sys_created_by>admin</sys_created_by>
        <sys_created_on>2023-02-21 16:16:09</sys_created_on>
        <sys_id>2ec8f597f00d21107f442effab1b283f</sys_id>
        <sys_mod_count>0</sys_mod_count>
        <sys_updated_by>admin</sys_updated_by>
        <sys_updated_on>2023-02-21 16:16:09</sys_updated_on>
        <value>Resource Details:&#13;
&#13;
Requested by: ${u_requested_for}&#13;
&#13;
Project: ${u_reference_1.u_string_1}&#13;
&#13;
Request type: ${u_request_type}&#13;
&#13;
When needed: ${u_when_needed}&#13;
&#13;
What needed: ${u_what_needed}</value>
        <variable display_value="Message">c35db5a50a0a0ba96248a70938ae8de6</variable>
    </sys_variable_value>
    <sys_variable_value action="INSERT_OR_UPDATE">
        <document>wf_activity</document>
        <document_key>3d75b117f00d21107f442effab1b2820</document_key>
        <order>100</order>
        <sys_class_name>sys_variable_value</sys_class_name>
        <sys_created_by>admin</sys_created_by>
        <sys_created_on>2023-02-21 16:16:09</sys_created_on>
        <sys_id>6ac8f597f00d21107f442effab1b283e</sys_id>
        <sys_mod_count>0</sys_mod_count>
        <sys_updated_by>admin</sys_updated_by>
        <sys_updated_on>2023-02-21 16:16:09</sys_updated_on>
        <value>nagavenkatasai246@gmail.com</value>
        <variable display_value="To">c35daa890a0a0ba96248a709c32994d6</variable>
    </sys_variable_value>
    <sys_variable_value action="INSERT_OR_UPDATE">
        <document>wf_activity</document>
        <document_key>3d75b117f00d21107f442effab1b2820</document_key>
        <order>200</order>
        <sys_class_name>sys_variable_value</sys_class_name>
        <sys_created_by>admin</sys_created_by>
        <sys_created_on>2023-02-21 16:16:09</sys_created_on>
        <sys_id>6ac8f597f00d21107f442effab1b283f</sys_id>
        <sys_mod_count>0</sys_mod_count>
        <sys_updated_by>admin</sys_updated_by>
        <sys_updated_on>2023-02-21 16:16:09</sys_updated_on>
        <value>A resource Requested</value>
        <variable display_value="Subject">c35db2180a0a0ba96248a709d1b6df20</variable>
    </sys_variable_value>
    <sys_variable_value action="INSERT_OR_UPDATE">
        <document>wf_activity</document>
        <document_key>3d75b117f00d21107f442effab1b2820</document_key>
        <order>500</order>
        <sys_class_name>sys_variable_value</sys_class_name>
        <sys_created_by>admin</sys_created_by>
        <sys_created_on>2023-02-21 16:16:09</sys_created_on>
        <sys_id>a6c8f597f00d21107f442effab1b283f</sys_id>
        <sys_mod_count>0</sys_mod_count>
        <sys_updated_by>admin</sys_updated_by>
        <sys_updated_on>2023-02-21 16:16:09</sys_updated_on>
        <value>// Set the variable 'answer' to a comma-separated list of user or group sys_ids that you want the email sent to.&#13;
answer=u_reference_1.u_reference_4.u_string_4;</value>
        <variable display_value="To (script)">c35dae3d0a0a0ba96248a7098ed9b4aa</variable>
    </sys_variable_value>
    <sys_variable_value action="INSERT_OR_UPDATE">
        <document>wf_activity</document>
        <document_key>3d75b117f00d21107f442effab1b2820</document_key>
        <order>400</order>
        <sys_class_name>sys_variable_value</sys_class_name>
        <sys_created_by>admin</sys_created_by>
        <sys_created_on>2023-02-21 16:16:09</sys_created_on>
        <sys_id>e2c8f597f00d21107f442effab1b283f</sys_id>
        <sys_mod_count>0</sys_mod_count>
        <sys_updated_by>admin</sys_updated_by>
        <sys_updated_on>2023-02-21 16:16:09</sys_updated_on>
        <value>1</value>
        <variable display_value="Advanced">6d6816cd0a6a803f0853a8df38007572</variable>
    </sys_variable_value>
    <sys_variable_value action="INSERT_OR_UPDATE">
        <document>wf_activity</document>
        <document_key>3d75b117f00d21107f442effab1b2820</document_key>
        <order>150</order>
        <sys_class_name>sys_variable_value</sys_class_name>
        <sys_created_by>admin</sys_created_by>
        <sys_created_on>2023-02-21 16:16:09</sys_created_on>
        <sys_id>eec8f597f00d21107f442effab1b283f</sys_id>
        <sys_mod_count>0</sys_mod_count>
        <sys_updated_by>admin</sys_updated_by>
        <sys_updated_on>2023-02-21 16:16:09</sys_updated_on>
        <value/>
        <variable display_value="To (groups)">ae2121c70a0a0b3459708c9a60cd7312</variable>
    </sys_variable_value>
    <sys_variable_value action="INSERT_OR_UPDATE">
        <document>wf_activity</document>
        <document_key>3d75b117f00d21107f442effab1b2820</document_key>
        <order>100</order>
        <sys_class_name>sys_variable_value</sys_class_name>
        <sys_created_by>admin</sys_created_by>
        <sys_created_on>2023-02-21 16:16:09</sys_created_on>
        <sys_id>6ac8f597f00d21107f442effab1b283e</sys_id>
        <sys_mod_count>0</sys_mod_count>
        <sys_updated_by>admin</sys_updated_by>
        <sys_updated_on>2023-02-21 16:16:09</sys_updated_on>
        <value>nagavenkatasai246@gmail.com</value>
        <variable display_value="To">c35daa890a0a0ba96248a709c32994d6</variable>
    </sys_variable_value>
    <sys_variable_value action="INSERT_OR_UPDATE">
        <document>wf_activity</document>
        <document_key>3d75b117f00d21107f442effab1b2820</document_key>
        <order>150</order>
        <sys_class_name>sys_variable_value</sys_class_name>
        <sys_created_by>admin</sys_created_by>
        <sys_created_on>2023-02-21 16:16:09</sys_created_on>
        <sys_id>eec8f597f00d21107f442effab1b283f</sys_id>
        <sys_mod_count>0</sys_mod_count>
        <sys_updated_by>admin</sys_updated_by>
        <sys_updated_on>2023-02-21 16:16:09</sys_updated_on>
        <value/>
        <variable display_value="To (groups)">ae2121c70a0a0b3459708c9a60cd7312</variable>
    </sys_variable_value>
    <sys_variable_value action="INSERT_OR_UPDATE">
        <document>wf_activity</document>
        <document_key>3d75b117f00d21107f442effab1b2820</document_key>
        <order>200</order>
        <sys_class_name>sys_variable_value</sys_class_name>
        <sys_created_by>admin</sys_created_by>
        <sys_created_on>2023-02-21 16:16:09</sys_created_on>
        <sys_id>6ac8f597f00d21107f442effab1b283f</sys_id>
        <sys_mod_count>0</sys_mod_count>
        <sys_updated_by>admin</sys_updated_by>
        <sys_updated_on>2023-02-21 16:16:09</sys_updated_on>
        <value>A resource Requested</value>
        <variable display_value="Subject">c35db2180a0a0ba96248a709d1b6df20</variable>
    </sys_variable_value>
    <sys_variable_value action="INSERT_OR_UPDATE">
        <document>wf_activity</document>
        <document_key>3d75b117f00d21107f442effab1b2820</document_key>
        <order>300</order>
        <sys_class_name>sys_variable_value</sys_class_name>
        <sys_created_by>admin</sys_created_by>
        <sys_created_on>2023-02-21 16:16:09</sys_created_on>
        <sys_id>2ec8f597f00d21107f442effab1b283f</sys_id>
        <sys_mod_count>0</sys_mod_count>
        <sys_updated_by>admin</sys_updated_by>
        <sys_updated_on>2023-02-21 16:16:09</sys_updated_on>
        <value>Resource Details:&#13;
&#13;
Requested by: ${u_requested_for}&#13;
&#13;
Project: ${u_reference_1.u_string_1}&#13;
&#13;
Request type: ${u_request_type}&#13;
&#13;
When needed: ${u_when_needed}&#13;
&#13;
What needed: ${u_what_needed}</value>
        <variable display_value="Message">c35db5a50a0a0ba96248a70938ae8de6</variable>
    </sys_variable_value>
    <sys_variable_value action="INSERT_OR_UPDATE">
        <document>wf_activity</document>
        <document_key>3d75b117f00d21107f442effab1b2820</document_key>
        <order>400</order>
        <sys_class_name>sys_variable_value</sys_class_name>
        <sys_created_by>admin</sys_created_by>
        <sys_created_on>2023-02-21 16:16:09</sys_created_on>
        <sys_id>e2c8f597f00d21107f442effab1b283f</sys_id>
        <sys_mod_count>0</sys_mod_count>
        <sys_updated_by>admin</sys_updated_by>
        <sys_updated_on>2023-02-21 16:16:09</sys_updated_on>
        <value>1</value>
        <variable display_value="Advanced">6d6816cd0a6a803f0853a8df38007572</variable>
    </sys_variable_value>
    <sys_variable_value action="INSERT_OR_UPDATE">
        <document>wf_activity</document>
        <document_key>3d75b117f00d21107f442effab1b2820</document_key>
        <order>500</order>
        <sys_class_name>sys_variable_value</sys_class_name>
        <sys_created_by>admin</sys_created_by>
        <sys_created_on>2023-02-21 16:16:09</sys_created_on>
        <sys_id>a6c8f597f00d21107f442effab1b283f</sys_id>
        <sys_mod_count>0</sys_mod_count>
        <sys_updated_by>admin</sys_updated_by>
        <sys_updated_on>2023-02-21 16:16:09</sys_updated_on>
        <value>// Set the variable 'answer' to a comma-separated list of user or group sys_ids that you want the email sent to.&#13;
answer=u_reference_1.u_reference_4.u_string_4;</value>
        <variable display_value="To (script)">c35dae3d0a0a0ba96248a7098ed9b4aa</variable>
    </sys_variable_value>
    <wf_condition action="INSERT_OR_UPDATE">
        <activity display_value="Resource Request">3d75b117f00d21107f442effab1b2820</activity>
        <condition>true</condition>
        <condition_default/>
        <condition_type>standard</condition_type>
        <else_flag>false</else_flag>
        <error>false</error>
        <event>false</event>
        <event_name/>
        <is_positive>true</is_positive>
        <name>Always</name>
        <order>0</order>
        <short_description/>
        <skip_during_generate>false</skip_during_generate>
        <sys_created_by>admin</sys_created_by>
        <sys_created_on>2023-02-21 16:16:09</sys_created_on>
        <sys_id>6ec8f597f00d21107f442effab1b2840</sys_id>
        <sys_mod_count>0</sys_mod_count>
        <sys_updated_by>admin</sys_updated_by>
        <sys_updated_on>2023-02-21 16:16:09</sys_updated_on>
    </wf_condition>
    <wf_transition action="INSERT_OR_UPDATE">
        <condition display_value="Always">6ec8f597f00d21107f442effab1b2840</condition>
        <from display_value="Resource Request">3d75b117f00d21107f442effab1b2820</from>
        <sys_created_by>admin</sys_created_by>
        <sys_created_on>2023-02-21 16:16:29</sys_created_on>
        <sys_id>0bd835d7f00d21107f442effab1b2856</sys_id>
        <sys_mod_count>0</sys_mod_count>
        <sys_updated_by>admin</sys_updated_by>
        <sys_updated_on>2023-02-21 16:16:29</sys_updated_on>
        <to display_value="End">6655b9d3f00d21107f442effab1b28b0</to>
    </wf_transition>
    <wf_transition action="INSERT_OR_UPDATE">
        <condition display_value="Always">2a55b9d3f00d21107f442effab1b28af</condition>
        <from display_value="Begin">e655b9d3f00d21107f442effab1b28ae</from>
        <sys_created_by>admin</sys_created_by>
        <sys_created_on>2023-02-21 16:16:26</sys_created_on>
        <sys_id>ded835d7f00d21107f442effab1b2860</sys_id>
        <sys_mod_count>0</sys_mod_count>
        <sys_updated_by>admin</sys_updated_by>
        <sys_updated_on>2023-02-21 16:16:26</sys_updated_on>
        <to display_value="Resource Request">3d75b117f00d21107f442effab1b2820</to>
    </wf_transition>
    <wf_estimated_runtime_config action="INSERT_OR_UPDATE">
        <estimated_run_time/>
        <no_of_data_points>1</no_of_data_points>
        <percentage_threshold_ert>20</percentage_threshold_ert>
        <sys_created_by>admin</sys_created_by>
        <sys_created_on>2023-02-21 16:01:09</sys_created_on>
        <sys_id>2e55b9d3f00d21107f442effab1b28ab</sys_id>
        <sys_mod_count>0</sys_mod_count>
        <sys_updated_by>admin</sys_updated_by>
        <sys_updated_on>2023-02-21 16:01:09</sys_updated_on>
        <workflow_version display_value="RequestResourceWorkflow">8ef439d3f00d21107f442effab1b28d2</workflow_version>
    </wf_estimated_runtime_config>
    <wf_workflow_version action="update_multiple" query="workflow=a255b9d3f00d21107f442effab1b28ad^sys_id!=8ef439d3f00d21107f442effab1b28d2">
        <published>false</published>
    </wf_workflow_version>
</record_update>
