<?xml version="1.0" encoding="UTF-8"?><record_update table="sc_cat_item_category">
    <sc_cat_item_category action="DELETE">
        <sc_cat_item display_value="Client Catalog">07f7116b940521107f448479e46a47f4</sc_cat_item>
        <sc_category display_value="Services">109f0438c6112276003ae8ac13e7009d</sc_category>
        <sys_class_name>sc_cat_item_category</sys_class_name>
        <sys_created_by>admin</sys_created_by>
        <sys_created_on>2023-02-22 08:31:19</sys_created_on>
        <sys_id>07f7996b940521107f448479e46a47f3</sys_id>
        <sys_mod_count>0</sys_mod_count>
        <sys_name>Services.Client Catalog</sys_name>
        <sys_package display_value="ClientPro" source="x_58872_ClientPro">6ead8e780f603200cd674f8ce1050ed1</sys_package>
        <sys_policy/>
        <sys_scope display_value="ClientPro">6ead8e780f603200cd674f8ce1050ed1</sys_scope>
        <sys_update_name>sc_cat_item_category_07f7996b940521107f448479e46a47f3</sys_update_name>
        <sys_updated_by>admin</sys_updated_by>
        <sys_updated_on>2023-02-22 08:31:19</sys_updated_on>
    </sc_cat_item_category>
    <sys_update_version action="INSERT_OR_UPDATE">
        <action>DELETE</action>
        <application display_value="ClientPro">6ead8e780f603200cd674f8ce1050ed1</application>
        <file_path/>
        <instance_id>bdf68f4397c969109c987a121153af2c</instance_id>
        <instance_name>nowlearning-nlinst00595695-001</instance_name>
        <name>sc_cat_item_category_07f7996b940521107f448479e46a47f3</name>
        <payload><![CDATA[<?xml version="1.0" encoding="UTF-8"?><record_update table="sc_cat_item_category"><sc_cat_item_category action="INSERT_OR_UPDATE"><sc_cat_item display_value="Client Catalog">07f7116b940521107f448479e46a47f4</sc_cat_item><sc_category display_value="Services">109f0438c6112276003ae8ac13e7009d</sc_category><sys_class_name>sc_cat_item_category</sys_class_name><sys_created_by>admin</sys_created_by><sys_created_on>2023-02-22 08:31:19</sys_created_on><sys_id>07f7996b940521107f448479e46a47f3</sys_id><sys_mod_count>0</sys_mod_count><sys_name>Services.Client Catalog</sys_name><sys_package display_value="ClientPro" source="x_58872_ClientPro">6ead8e780f603200cd674f8ce1050ed1</sys_package><sys_policy/><sys_scope display_value="ClientPro">6ead8e780f603200cd674f8ce1050ed1</sys_scope><sys_update_name>sc_cat_item_category_07f7996b940521107f448479e46a47f3</sys_update_name><sys_updated_by>admin</sys_updated_by><sys_updated_on>2023-02-22 08:31:19</sys_updated_on></sc_cat_item_category></record_update>]]></payload>
        <payload_hash>1692496225</payload_hash>
        <record_name>Services.Client Catalog</record_name>
        <reverted_from/>
        <source>3a8deb4ff0c121107f442effab1b2887</source>
        <source_table>sys_update_set</source_table>
        <state>previous</state>
        <sys_created_by>admin</sys_created_by>
        <sys_created_on>2023-02-22 08:31:19</sys_created_on>
        <sys_id>83f7996b940521107f448479e46a47f7</sys_id>
        <sys_mod_count>0</sys_mod_count>
        <sys_recorded_at>186783f99cc0000001</sys_recorded_at>
        <sys_updated_by>admin</sys_updated_by>
        <sys_updated_on>2023-02-22 08:31:19</sys_updated_on>
        <type>Catalog Item Category</type>
        <update_guid>0bf7996b09052110a7f524ff17d137f6</update_guid>
        <update_guid_history>0bf7996b09052110a7f524ff17d137f6:1692496225</update_guid_history>
    </sys_update_version>
    <sys_metadata_delete action="INSERT_OR_UPDATE">
        <sys_audit_delete display_value="Services.Client Catalog">844f51a3944521107f448479e46a47e9</sys_audit_delete>
        <sys_class_name>sys_metadata_delete</sys_class_name>
        <sys_created_by>admin</sys_created_by>
        <sys_created_on>2023-02-22 09:03:03</sys_created_on>
        <sys_db_object display_value="" name="sc_cat_item_category">sc_cat_item_category</sys_db_object>
        <sys_id>bdf28626c7eb490c921f4a2ac0bb8910</sys_id>
        <sys_metadata>07f7996b940521107f448479e46a47f3</sys_metadata>
        <sys_mod_count>0</sys_mod_count>
        <sys_name>Services.Client Catalog</sys_name>
        <sys_package display_value="ClientPro" source="x_58872_ClientPro">6ead8e780f603200cd674f8ce1050ed1</sys_package>
        <sys_parent/>
        <sys_policy/>
        <sys_scope display_value="ClientPro">6ead8e780f603200cd674f8ce1050ed1</sys_scope>
        <sys_scope_delete display_value="">94872a8897db403e8ee69a431de2fca4</sys_scope_delete>
        <sys_update_name>sc_cat_item_category_07f7996b940521107f448479e46a47f3</sys_update_name>
        <sys_update_version display_value="sc_cat_item_category_07f7996b940521107f448479e46a47f3">83f7996b940521107f448479e46a47f7</sys_update_version>
        <sys_updated_by>admin</sys_updated_by>
        <sys_updated_on>2023-02-22 09:03:03</sys_updated_on>
    </sys_metadata_delete>
</record_update>
