<?xml version="1.0" encoding="UTF-8"?><record_update table="sc_cat_item">
    <sc_cat_item action="DELETE">
        <access_type>restricted</access_type>
        <active>false</active>
        <availability>on_desktop</availability>
        <billable>false</billable>
        <category display_value="Services">109f0438c6112276003ae8ac13e7009d</category>
        <checked_out>false</checked_out>
        <cost>0</cost>
        <custom_cart/>
        <delivery_plan display_value="DEFAULT">523da512c611228900811a37c97c2014</delivery_plan>
        <delivery_plan_script/>
        <delivery_time>1970-01-03 00:00:00</delivery_time>
        <description><![CDATA[<p>This is full description</p>]]></description>
        <display_price_property>non_zero</display_price_property>
        <entitlement_script/>
        <flow_designer_flow/>
        <fulfillment_automation_level>unspecified</fulfillment_automation_level>
        <group/>
        <hide_sp>false</hide_sp>
        <icon>7b85d5e3940521107f448479e46a473c</icon>
        <ignore_price>true</ignore_price>
        <image/>
        <location/>
        <mandatory_attachment>false</mandatory_attachment>
        <meta/>
        <mobile_hide_price>false</mobile_hide_price>
        <mobile_picture/>
        <mobile_picture_type>use_desktop_picture</mobile_picture_type>
        <model/>
        <name>Client Catalog</name>
        <no_attachment_v2>false</no_attachment_v2>
        <no_cart>false</no_cart>
        <no_cart_v2>true</no_cart_v2>
        <no_delivery_time_v2>false</no_delivery_time_v2>
        <no_order>false</no_order>
        <no_order_now>false</no_order_now>
        <no_proceed_checkout>false</no_proceed_checkout>
        <no_quantity>false</no_quantity>
        <no_quantity_v2>true</no_quantity_v2>
        <no_search>false</no_search>
        <no_wishlist_v2>true</no_wishlist_v2>
        <omit_price>false</omit_price>
        <order>0</order>
        <ordered_item_link/>
        <owner display_value="System Administrator">6816f79cc0a8016401c5a33be04be441</owner>
        <picture/>
        <preview>JavaScript: popupOpenStandard("com.glideapp.servicecatalog_cat_item_view.do?v=1&amp;sysparm_id=07f7116b940521107f448479e46a47f4&amp;sysparm_preview=true", "summary");</preview>
        <price>0</price>
        <published_ref display_value="Client Catalog">25f35567940521107f448479e46a4703</published_ref>
        <recurring_frequency/>
        <recurring_price>0</recurring_price>
        <request_method/>
        <roles/>
        <sc_catalogs>e0d08b13c3330100c8b837659bba8fb4</sc_catalogs>
        <sc_ic_item_staging/>
        <sc_ic_version/>
        <sc_template/>
        <short_description>Client Catalog</short_description>
        <show_variable_help_on_load>false</show_variable_help_on_load>
        <start_closed>false</start_closed>
        <state>draft</state>
        <sys_class_name>sc_cat_item</sys_class_name>
        <sys_created_by>admin</sys_created_by>
        <sys_created_on>2023-02-22 08:31:18</sys_created_on>
        <sys_id>07f7116b940521107f448479e46a47f4</sys_id>
        <sys_mod_count>0</sys_mod_count>
        <sys_name>Client Catalog</sys_name>
        <sys_package display_value="ClientPro" source="x_58872_ClientPro">6ead8e780f603200cd674f8ce1050ed1</sys_package>
        <sys_policy/>
        <sys_scope display_value="ClientPro">6ead8e780f603200cd674f8ce1050ed1</sys_scope>
        <sys_update_name>sc_cat_item_07f7116b940521107f448479e46a47f4</sys_update_name>
        <sys_updated_by>admin</sys_updated_by>
        <sys_updated_on>2023-02-22 08:31:18</sys_updated_on>
        <taxonomy_topic/>
        <template/>
        <template_manager_roles/>
        <type>item</type>
        <use_sc_layout>true</use_sc_layout>
        <vendor/>
        <visible_bundle>true</visible_bundle>
        <visible_guide>true</visible_guide>
        <visible_standalone>true</visible_standalone>
        <workflow/>
    </sc_cat_item>
    <sys_translated_text action="DELETE" query="documentkey=07f7116b940521107f448479e46a47f4"/>
    <fx_price action="DELETE" query="id=07f7116b940521107f448479e46a47f4"/>
    <fx_price action="DELETE">
        <amount>0</amount>
        <currency display_value="USD">USD</currency>
        <field>price</field>
        <id>07f7116b940521107f448479e46a47f4</id>
        <parent/>
        <reference_amount>0</reference_amount>
        <reference_currency display_value="USD">USD</reference_currency>
        <sys_created_by>admin</sys_created_by>
        <sys_created_on>2023-02-22 08:31:19</sys_created_on>
        <sys_id>cbf7116b940521107f448479e46a47f9</sys_id>
        <sys_mod_count>0</sys_mod_count>
        <sys_updated_by>admin</sys_updated_by>
        <sys_updated_on>2023-02-22 08:31:19</sys_updated_on>
        <table>sc_cat_item</table>
        <type>calculated</type>
    </fx_price>
    <fx_price action="DELETE">
        <amount>0</amount>
        <currency display_value="USD">USD</currency>
        <field>recurring_price</field>
        <id>07f7116b940521107f448479e46a47f4</id>
        <parent/>
        <reference_amount>0</reference_amount>
        <reference_currency display_value="USD">USD</reference_currency>
        <sys_created_by>admin</sys_created_by>
        <sys_created_on>2023-02-22 08:31:19</sys_created_on>
        <sys_id>0bf7116b940521107f448479e46a47fa</sys_id>
        <sys_mod_count>0</sys_mod_count>
        <sys_updated_by>admin</sys_updated_by>
        <sys_updated_on>2023-02-22 08:31:19</sys_updated_on>
        <table>sc_cat_item</table>
        <type>calculated</type>
    </fx_price>
    <sys_update_version action="INSERT_OR_UPDATE">
        <action>DELETE</action>
        <application display_value="ClientPro">6ead8e780f603200cd674f8ce1050ed1</application>
        <file_path/>
        <instance_id>bdf68f4397c969109c987a121153af2c</instance_id>
        <instance_name>nowlearning-nlinst00595695-001</instance_name>
        <name>sc_cat_item_07f7116b940521107f448479e46a47f4</name>
        <payload>&lt;?xml version="1.0" encoding="UTF-8"?&gt;&lt;record_update table="sc_cat_item"&gt;&lt;sc_cat_item action="INSERT_OR_UPDATE"&gt;&lt;access_type&gt;restricted&lt;/access_type&gt;&lt;active&gt;false&lt;/active&gt;&lt;availability&gt;on_desktop&lt;/availability&gt;&lt;billable&gt;false&lt;/billable&gt;&lt;category display_value="Services"&gt;109f0438c6112276003ae8ac13e7009d&lt;/category&gt;&lt;checked_out&gt;false&lt;/checked_out&gt;&lt;cost&gt;0&lt;/cost&gt;&lt;custom_cart/&gt;&lt;delivery_plan display_value="DEFAULT"&gt;523da512c611228900811a37c97c2014&lt;/delivery_plan&gt;&lt;delivery_plan_script/&gt;&lt;delivery_time&gt;1970-01-03 00:00:00&lt;/delivery_time&gt;&lt;description&gt;&lt;![CDATA[&lt;p&gt;This is full description&lt;/p&gt;]]&gt;&lt;/description&gt;&lt;display_price_property&gt;non_zero&lt;/display_price_property&gt;&lt;entitlement_script/&gt;&lt;flow_designer_flow/&gt;&lt;fulfillment_automation_level&gt;unspecified&lt;/fulfillment_automation_level&gt;&lt;group/&gt;&lt;hide_sp&gt;false&lt;/hide_sp&gt;&lt;icon&gt;7b85d5e3940521107f448479e46a473c&lt;/icon&gt;&lt;ignore_price&gt;true&lt;/ignore_price&gt;&lt;image/&gt;&lt;location/&gt;&lt;mandatory_attachment&gt;false&lt;/mandatory_attachment&gt;&lt;meta/&gt;&lt;mobile_hide_price&gt;false&lt;/mobile_hide_price&gt;&lt;mobile_picture/&gt;&lt;mobile_picture_type&gt;use_desktop_picture&lt;/mobile_picture_type&gt;&lt;model/&gt;&lt;name&gt;Client Catalog&lt;/name&gt;&lt;no_attachment_v2&gt;false&lt;/no_attachment_v2&gt;&lt;no_cart&gt;false&lt;/no_cart&gt;&lt;no_cart_v2&gt;true&lt;/no_cart_v2&gt;&lt;no_delivery_time_v2&gt;false&lt;/no_delivery_time_v2&gt;&lt;no_order&gt;false&lt;/no_order&gt;&lt;no_order_now&gt;false&lt;/no_order_now&gt;&lt;no_proceed_checkout&gt;false&lt;/no_proceed_checkout&gt;&lt;no_quantity&gt;false&lt;/no_quantity&gt;&lt;no_quantity_v2&gt;true&lt;/no_quantity_v2&gt;&lt;no_search&gt;false&lt;/no_search&gt;&lt;no_wishlist_v2&gt;true&lt;/no_wishlist_v2&gt;&lt;omit_price&gt;false&lt;/omit_price&gt;&lt;order&gt;0&lt;/order&gt;&lt;ordered_item_link/&gt;&lt;owner display_value="System Administrator"&gt;6816f79cc0a8016401c5a33be04be441&lt;/owner&gt;&lt;picture/&gt;&lt;preview&gt;JavaScript: popupOpenStandard("com.glideapp.servicecatalog_cat_item_view.do?v=1&amp;amp;sysparm_id=07f7116b940521107f448479e46a47f4&amp;amp;sysparm_preview=true", "summary");&lt;/preview&gt;&lt;price&gt;0&lt;/price&gt;&lt;published_ref display_value="Client Catalog"&gt;25f35567940521107f448479e46a4703&lt;/published_ref&gt;&lt;recurring_frequency/&gt;&lt;recurring_price&gt;0&lt;/recurring_price&gt;&lt;request_method/&gt;&lt;roles/&gt;&lt;sc_catalogs&gt;e0d08b13c3330100c8b837659bba8fb4&lt;/sc_catalogs&gt;&lt;sc_ic_item_staging/&gt;&lt;sc_ic_version/&gt;&lt;sc_template/&gt;&lt;short_description&gt;Client Catalog&lt;/short_description&gt;&lt;show_variable_help_on_load&gt;false&lt;/show_variable_help_on_load&gt;&lt;start_closed&gt;false&lt;/start_closed&gt;&lt;state&gt;draft&lt;/state&gt;&lt;sys_class_name&gt;sc_cat_item&lt;/sys_class_name&gt;&lt;sys_created_by&gt;admin&lt;/sys_created_by&gt;&lt;sys_created_on&gt;2023-02-22 08:31:18&lt;/sys_created_on&gt;&lt;sys_id&gt;07f7116b940521107f448479e46a47f4&lt;/sys_id&gt;&lt;sys_mod_count&gt;0&lt;/sys_mod_count&gt;&lt;sys_name&gt;Client Catalog&lt;/sys_name&gt;&lt;sys_package display_value="ClientPro" source="x_58872_ClientPro"&gt;6ead8e780f603200cd674f8ce1050ed1&lt;/sys_package&gt;&lt;sys_policy/&gt;&lt;sys_scope display_value="ClientPro"&gt;6ead8e780f603200cd674f8ce1050ed1&lt;/sys_scope&gt;&lt;sys_update_name&gt;sc_cat_item_07f7116b940521107f448479e46a47f4&lt;/sys_update_name&gt;&lt;sys_updated_by&gt;admin&lt;/sys_updated_by&gt;&lt;sys_updated_on&gt;2023-02-22 08:31:18&lt;/sys_updated_on&gt;&lt;taxonomy_topic/&gt;&lt;template/&gt;&lt;template_manager_roles/&gt;&lt;type&gt;item&lt;/type&gt;&lt;use_sc_layout&gt;true&lt;/use_sc_layout&gt;&lt;vendor/&gt;&lt;visible_bundle&gt;true&lt;/visible_bundle&gt;&lt;visible_guide&gt;true&lt;/visible_guide&gt;&lt;visible_standalone&gt;true&lt;/visible_standalone&gt;&lt;workflow/&gt;&lt;/sc_cat_item&gt;&lt;sys_translated_text action="delete_multiple" query="documentkey=07f7116b940521107f448479e46a47f4"/&gt;&lt;fx_price action="delete_multiple" query="id=07f7116b940521107f448479e46a47f4"/&gt;&lt;fx_price action="INSERT_OR_UPDATE"&gt;&lt;amount&gt;0&lt;/amount&gt;&lt;currency display_value="USD"&gt;USD&lt;/currency&gt;&lt;field&gt;price&lt;/field&gt;&lt;id&gt;07f7116b940521107f448479e46a47f4&lt;/id&gt;&lt;parent/&gt;&lt;reference_amount&gt;0&lt;/reference_amount&gt;&lt;reference_currency display_value="USD"&gt;USD&lt;/reference_currency&gt;&lt;sys_created_by&gt;admin&lt;/sys_created_by&gt;&lt;sys_created_on&gt;2023-02-22 08:31:19&lt;/sys_created_on&gt;&lt;sys_id&gt;cbf7116b940521107f448479e46a47f9&lt;/sys_id&gt;&lt;sys_mod_count&gt;0&lt;/sys_mod_count&gt;&lt;sys_updated_by&gt;admin&lt;/sys_updated_by&gt;&lt;sys_updated_on&gt;2023-02-22 08:31:19&lt;/sys_updated_on&gt;&lt;table&gt;sc_cat_item&lt;/table&gt;&lt;type&gt;calculated&lt;/type&gt;&lt;/fx_price&gt;&lt;fx_price action="INSERT_OR_UPDATE"&gt;&lt;amount&gt;0&lt;/amount&gt;&lt;currency display_value="USD"&gt;USD&lt;/currency&gt;&lt;field&gt;recurring_price&lt;/field&gt;&lt;id&gt;07f7116b940521107f448479e46a47f4&lt;/id&gt;&lt;parent/&gt;&lt;reference_amount&gt;0&lt;/reference_amount&gt;&lt;reference_currency display_value="USD"&gt;USD&lt;/reference_currency&gt;&lt;sys_created_by&gt;admin&lt;/sys_created_by&gt;&lt;sys_created_on&gt;2023-02-22 08:31:19&lt;/sys_created_on&gt;&lt;sys_id&gt;0bf7116b940521107f448479e46a47fa&lt;/sys_id&gt;&lt;sys_mod_count&gt;0&lt;/sys_mod_count&gt;&lt;sys_updated_by&gt;admin&lt;/sys_updated_by&gt;&lt;sys_updated_on&gt;2023-02-22 08:31:19&lt;/sys_updated_on&gt;&lt;table&gt;sc_cat_item&lt;/table&gt;&lt;type&gt;calculated&lt;/type&gt;&lt;/fx_price&gt;&lt;/record_update&gt;</payload>
        <payload_hash>-640381366</payload_hash>
        <record_name>Client Catalog</record_name>
        <reverted_from/>
        <source>3a8deb4ff0c121107f442effab1b2887</source>
        <source_table>sys_update_set</source_table>
        <state>previous</state>
        <sys_created_by>admin</sys_created_by>
        <sys_created_on>2023-02-22 08:31:19</sys_created_on>
        <sys_id>4ff7996b940521107f448479e46a47e6</sys_id>
        <sys_mod_count>0</sys_mod_count>
        <sys_recorded_at>186783f98510000001</sys_recorded_at>
        <sys_updated_by>admin</sys_updated_by>
        <sys_updated_on>2023-02-22 08:31:19</sys_updated_on>
        <type>Catalog Item</type>
        <update_guid>c3f7996b15052110883c0564824e84e6</update_guid>
        <update_guid_history>c3f7996b15052110883c0564824e84e6:-640381366</update_guid_history>
    </sys_update_version>
    <sys_metadata_delete action="INSERT_OR_UPDATE">
        <sys_audit_delete display_value="Client Catalog">844f91a3944521107f448479e46a4703</sys_audit_delete>
        <sys_class_name>sys_metadata_delete</sys_class_name>
        <sys_created_by>admin</sys_created_by>
        <sys_created_on>2023-02-22 09:03:03</sys_created_on>
        <sys_db_object display_value="" name="sc_cat_item">sc_cat_item</sys_db_object>
        <sys_id>41d9903f872f43289e1eb259fb90dfc4</sys_id>
        <sys_metadata>07f7116b940521107f448479e46a47f4</sys_metadata>
        <sys_mod_count>0</sys_mod_count>
        <sys_name>Client Catalog</sys_name>
        <sys_package display_value="ClientPro" source="x_58872_ClientPro">6ead8e780f603200cd674f8ce1050ed1</sys_package>
        <sys_parent/>
        <sys_policy/>
        <sys_scope display_value="ClientPro">6ead8e780f603200cd674f8ce1050ed1</sys_scope>
        <sys_scope_delete display_value="">94872a8897db403e8ee69a431de2fca4</sys_scope_delete>
        <sys_update_name>sc_cat_item_07f7116b940521107f448479e46a47f4</sys_update_name>
        <sys_update_version display_value="sc_cat_item_07f7116b940521107f448479e46a47f4">4ff7996b940521107f448479e46a47e6</sys_update_version>
        <sys_updated_by>admin</sys_updated_by>
        <sys_updated_on>2023-02-22 09:03:03</sys_updated_on>
    </sys_metadata_delete>
</record_update>
