<?xml version="1.0" encoding="UTF-8"?><record_update table="sp_container">
    <sp_container action="DELETE">
        <background_color/>
        <background_image/>
        <background_style>default</background_style>
        <bootstrap_alt>false</bootstrap_alt>
        <class_name/>
        <container_class_name/>
        <name>myresources - Container 2</name>
        <order>2</order>
        <sp_page display_value="myresources">d4819563940521107f448479e46a47fa</sp_page>
        <subheader>false</subheader>
        <sys_class_name>sp_container</sys_class_name>
        <sys_created_by>admin</sys_created_by>
        <sys_created_on>2023-02-22 08:04:33</sys_created_on>
        <sys_id>53d11163940521107f448479e46a47cc</sys_id>
        <sys_mod_count>1</sys_mod_count>
        <sys_name>myresources - Container 2</sys_name>
        <sys_package display_value="ClientPro" source="x_58872_ClientPro">6ead8e780f603200cd674f8ce1050ed1</sys_package>
        <sys_policy/>
        <sys_scope display_value="ClientPro">6ead8e780f603200cd674f8ce1050ed1</sys_scope>
        <sys_update_name>sp_container_53d11163940521107f448479e46a47cc</sys_update_name>
        <sys_updated_by>admin</sys_updated_by>
        <sys_updated_on>2023-02-22 08:05:00</sys_updated_on>
        <title/>
        <width>container</width>
    </sp_container>
    <sys_update_version action="INSERT_OR_UPDATE">
        <action>DELETE</action>
        <application display_value="ClientPro">6ead8e780f603200cd674f8ce1050ed1</application>
        <file_path/>
        <instance_id>bdf68f4397c969109c987a121153af2c</instance_id>
        <instance_name>nowlearning-nlinst00595695-001</instance_name>
        <name>sp_container_53d11163940521107f448479e46a47cc</name>
        <payload><![CDATA[<?xml version="1.0" encoding="UTF-8"?><record_update table="sp_container"><sp_container action="INSERT_OR_UPDATE"><background_color/><background_image/><background_style>default</background_style><bootstrap_alt>false</bootstrap_alt><class_name/><container_class_name/><name>myresources - Container 2</name><order>2</order><sp_page display_value="myresources">d4819563940521107f448479e46a47fa</sp_page><subheader>false</subheader><sys_class_name>sp_container</sys_class_name><sys_created_by>admin</sys_created_by><sys_created_on>2023-02-22 08:04:33</sys_created_on><sys_id>53d11163940521107f448479e46a47cc</sys_id><sys_mod_count>1</sys_mod_count><sys_name>myresources - Container 2</sys_name><sys_package display_value="ClientPro" source="x_58872_ClientPro">6ead8e780f603200cd674f8ce1050ed1</sys_package><sys_policy/><sys_scope display_value="ClientPro">6ead8e780f603200cd674f8ce1050ed1</sys_scope><sys_update_name>sp_container_53d11163940521107f448479e46a47cc</sys_update_name><sys_updated_by>admin</sys_updated_by><sys_updated_on>2023-02-22 08:05:00</sys_updated_on><title/><width>container</width></sp_container></record_update>]]></payload>
        <payload_hash>-1448320937</payload_hash>
        <record_name>myresources - Container 2</record_name>
        <reverted_from/>
        <source>3a8deb4ff0c121107f442effab1b2887</source>
        <source_table>sys_update_set</source_table>
        <state>previous</state>
        <sys_created_by>admin</sys_created_by>
        <sys_created_on>2023-02-22 08:05:00</sys_created_on>
        <sys_id>35f19da3940521107f448479e46a4750</sys_id>
        <sys_mod_count>0</sys_mod_count>
        <sys_recorded_at>186782782d70000001</sys_recorded_at>
        <sys_updated_by>admin</sys_updated_by>
        <sys_updated_on>2023-02-22 08:05:00</sys_updated_on>
        <type>Container</type>
        <update_guid>7df19da3470521105e77115057ffdb4f</update_guid>
        <update_guid_history>7df19da3470521105e77115057ffdb4f:-1448320937,17d1116373052110799facf7375c98ce:-887091402</update_guid_history>
    </sys_update_version>
    <sys_metadata_delete action="INSERT_OR_UPDATE">
        <sys_audit_delete display_value="myresources - Container 2">d80291e3940521107f448479e46a4731</sys_audit_delete>
        <sys_class_name>sys_metadata_delete</sys_class_name>
        <sys_created_by>admin</sys_created_by>
        <sys_created_on>2023-02-22 08:05:11</sys_created_on>
        <sys_db_object display_value="" name="sp_container">sp_container</sys_db_object>
        <sys_id>1584db7488cd4b589ebeb8ada43f1890</sys_id>
        <sys_metadata>53d11163940521107f448479e46a47cc</sys_metadata>
        <sys_mod_count>0</sys_mod_count>
        <sys_name>myresources - Container 2</sys_name>
        <sys_package display_value="ClientPro" source="x_58872_ClientPro">6ead8e780f603200cd674f8ce1050ed1</sys_package>
        <sys_parent/>
        <sys_policy/>
        <sys_scope display_value="ClientPro">6ead8e780f603200cd674f8ce1050ed1</sys_scope>
        <sys_scope_delete display_value="">94872a8897db403e8ee69a431de2fca4</sys_scope_delete>
        <sys_update_name>sp_container_53d11163940521107f448479e46a47cc</sys_update_name>
        <sys_update_version display_value="sp_container_53d11163940521107f448479e46a47cc">35f19da3940521107f448479e46a4750</sys_update_version>
        <sys_updated_by>admin</sys_updated_by>
        <sys_updated_on>2023-02-22 08:05:11</sys_updated_on>
    </sys_metadata_delete>
</record_update>
