<?xml version="1.0" encoding="UTF-8"?><record_update table="sp_column">
    <sp_column action="DELETE">
        <class_name/>
        <order>1</order>
        <size>12</size>
        <size_lg/>
        <size_sm/>
        <size_xs/>
        <sp_row display_value="1">a28cb86b948121107f448479e46a47d4</sp_row>
        <sys_class_name>sp_column</sys_class_name>
        <sys_created_by>admin</sys_created_by>
        <sys_created_on>2023-02-22 06:31:24</sys_created_on>
        <sys_id>2e8cb86b948121107f448479e46a47d6</sys_id>
        <sys_mod_count>0</sys_mod_count>
        <sys_name>1</sys_name>
        <sys_package display_value="ClientPro" source="x_58872_ClientPro">6ead8e780f603200cd674f8ce1050ed1</sys_package>
        <sys_policy/>
        <sys_scope display_value="ClientPro">6ead8e780f603200cd674f8ce1050ed1</sys_scope>
        <sys_update_name>sp_column_2e8cb86b948121107f448479e46a47d6</sys_update_name>
        <sys_updated_by>admin</sys_updated_by>
        <sys_updated_on>2023-02-22 06:31:24</sys_updated_on>
    </sp_column>
    <sys_update_version action="INSERT_OR_UPDATE">
        <action>DELETE</action>
        <application display_value="ClientPro">6ead8e780f603200cd674f8ce1050ed1</application>
        <file_path/>
        <instance_id>bdf68f4397c969109c987a121153af2c</instance_id>
        <instance_name>nowlearning-nlinst00595695-001</instance_name>
        <name>sp_column_2e8cb86b948121107f448479e46a47d6</name>
        <payload><![CDATA[<?xml version="1.0" encoding="UTF-8"?><record_update table="sp_column"><sp_column action="INSERT_OR_UPDATE"><class_name/><order>1</order><size>12</size><size_lg/><size_sm/><size_xs/><sp_row display_value="1">a28cb86b948121107f448479e46a47d4</sp_row><sys_class_name>sp_column</sys_class_name><sys_created_by>admin</sys_created_by><sys_created_on>2023-02-22 06:31:24</sys_created_on><sys_id>2e8cb86b948121107f448479e46a47d6</sys_id><sys_mod_count>0</sys_mod_count><sys_name>1</sys_name><sys_package display_value="ClientPro" source="x_58872_ClientPro">6ead8e780f603200cd674f8ce1050ed1</sys_package><sys_policy/><sys_scope display_value="ClientPro">6ead8e780f603200cd674f8ce1050ed1</sys_scope><sys_update_name>sp_column_2e8cb86b948121107f448479e46a47d6</sys_update_name><sys_updated_by>admin</sys_updated_by><sys_updated_on>2023-02-22 06:31:24</sys_updated_on></sp_column></record_update>]]></payload>
        <payload_hash>1380205034</payload_hash>
        <record_name>1</record_name>
        <reverted_from/>
        <source>3a8deb4ff0c121107f442effab1b2887</source>
        <source_table>sys_update_set</source_table>
        <state>previous</state>
        <sys_created_by>admin</sys_created_by>
        <sys_created_on>2023-02-22 06:31:24</sys_created_on>
        <sys_id>ee8cb86b948121107f448479e46a47d8</sys_id>
        <sys_mod_count>0</sys_mod_count>
        <sys_recorded_at>18677d1d0e30000001</sys_recorded_at>
        <sys_updated_by>admin</sys_updated_by>
        <sys_updated_on>2023-02-22 06:31:24</sys_updated_on>
        <type>Column</type>
        <update_guid>2a8cb86b688121109c4cb5945922a0d8</update_guid>
        <update_guid_history>2a8cb86b688121109c4cb5945922a0d8:1380205034</update_guid_history>
    </sys_update_version>
    <sys_metadata_delete action="INSERT_OR_UPDATE">
        <sys_audit_delete display_value="1">decc30ab948121107f448479e46a4705</sys_audit_delete>
        <sys_class_name>sys_metadata_delete</sys_class_name>
        <sys_created_by>admin</sys_created_by>
        <sys_created_on>2023-02-22 06:32:28</sys_created_on>
        <sys_db_object display_value="" name="sp_column">sp_column</sys_db_object>
        <sys_id>81a35221224a4af69348bf125aaf7e64</sys_id>
        <sys_metadata>2e8cb86b948121107f448479e46a47d6</sys_metadata>
        <sys_mod_count>0</sys_mod_count>
        <sys_name>1</sys_name>
        <sys_package display_value="ClientPro" source="x_58872_ClientPro">6ead8e780f603200cd674f8ce1050ed1</sys_package>
        <sys_parent/>
        <sys_policy/>
        <sys_scope display_value="ClientPro">6ead8e780f603200cd674f8ce1050ed1</sys_scope>
        <sys_scope_delete display_value="">94872a8897db403e8ee69a431de2fca4</sys_scope_delete>
        <sys_update_name>sp_column_2e8cb86b948121107f448479e46a47d6</sys_update_name>
        <sys_update_version display_value="sp_column_2e8cb86b948121107f448479e46a47d6">ee8cb86b948121107f448479e46a47d8</sys_update_version>
        <sys_updated_by>admin</sys_updated_by>
        <sys_updated_on>2023-02-22 06:32:28</sys_updated_on>
    </sys_metadata_delete>
</record_update>
