<?xml version="1.0" encoding="UTF-8"?><record_update table="sp_instance">
    <sp_instance action="DELETE">
        <active>true</active>
        <class_name/>
        <color>default</color>
        <css/>
        <glyph/>
        <id/>
        <order>1</order>
        <roles/>
        <short_description/>
        <size>md</size>
        <sp_column display_value="1">c753f0ef944121107f448479e46a4739</sp_column>
        <sp_widget display_value="link-button">abc50de6d702120023c84f80de61036a</sp_widget>
        <sys_class_name>sp_instance</sys_class_name>
        <sys_created_by>admin</sys_created_by>
        <sys_created_on>2023-02-22 05:59:31</sys_created_on>
        <sys_id>6b353463948121107f448479e46a47b0</sys_id>
        <sys_mod_count>1</sys_mod_count>
        <sys_name/>
        <sys_package display_value="ClientPro" source="x_58872_ClientPro">6ead8e780f603200cd674f8ce1050ed1</sys_package>
        <sys_policy/>
        <sys_scope display_value="ClientPro">6ead8e780f603200cd674f8ce1050ed1</sys_scope>
        <sys_update_name>sp_instance_6b353463948121107f448479e46a47b0</sys_update_name>
        <sys_updated_by>admin</sys_updated_by>
        <sys_updated_on>2023-02-22 06:00:07</sys_updated_on>
        <title/>
        <url/>
        <widget_parameters><![CDATA[{
	"href": {
		"value": "",
		"displayValue": ""
	},
	"button_text": {
		"value": "",
		"displayValue": ""
	}
}]]></widget_parameters>
    </sp_instance>
    <sys_translated_text action="DELETE" query="documentkey=6b353463948121107f448479e46a47b0"/>
    <sys_update_version action="INSERT_OR_UPDATE">
        <action>DELETE</action>
        <application display_value="ClientPro">6ead8e780f603200cd674f8ce1050ed1</application>
        <file_path/>
        <instance_id>bdf68f4397c969109c987a121153af2c</instance_id>
        <instance_name>nowlearning-nlinst00595695-001</instance_name>
        <name>sp_instance_6b353463948121107f448479e46a47b0</name>
        <payload>&lt;?xml version="1.0" encoding="UTF-8"?&gt;&lt;record_update table="sp_instance"&gt;&lt;sp_instance action="INSERT_OR_UPDATE"&gt;&lt;active&gt;true&lt;/active&gt;&lt;class_name/&gt;&lt;color&gt;default&lt;/color&gt;&lt;css/&gt;&lt;glyph/&gt;&lt;id/&gt;&lt;order&gt;1&lt;/order&gt;&lt;roles/&gt;&lt;short_description/&gt;&lt;size&gt;md&lt;/size&gt;&lt;sp_column display_value="1"&gt;c753f0ef944121107f448479e46a4739&lt;/sp_column&gt;&lt;sp_widget display_value="link-button"&gt;abc50de6d702120023c84f80de61036a&lt;/sp_widget&gt;&lt;sys_class_name&gt;sp_instance&lt;/sys_class_name&gt;&lt;sys_created_by&gt;admin&lt;/sys_created_by&gt;&lt;sys_created_on&gt;2023-02-22 05:59:31&lt;/sys_created_on&gt;&lt;sys_id&gt;6b353463948121107f448479e46a47b0&lt;/sys_id&gt;&lt;sys_mod_count&gt;1&lt;/sys_mod_count&gt;&lt;sys_name/&gt;&lt;sys_package display_value="ClientPro" source="x_58872_ClientPro"&gt;6ead8e780f603200cd674f8ce1050ed1&lt;/sys_package&gt;&lt;sys_policy/&gt;&lt;sys_scope display_value="ClientPro"&gt;6ead8e780f603200cd674f8ce1050ed1&lt;/sys_scope&gt;&lt;sys_update_name&gt;sp_instance_6b353463948121107f448479e46a47b0&lt;/sys_update_name&gt;&lt;sys_updated_by&gt;admin&lt;/sys_updated_by&gt;&lt;sys_updated_on&gt;2023-02-22 06:00:07&lt;/sys_updated_on&gt;&lt;title/&gt;&lt;url/&gt;&lt;widget_parameters&gt;&lt;![CDATA[{
	"href": {
		"value": "",
		"displayValue": ""
	},
	"button_text": {
		"value": "",
		"displayValue": ""
	}
}]]&gt;&lt;/widget_parameters&gt;&lt;/sp_instance&gt;&lt;sys_translated_text action="delete_multiple" query="documentkey=6b353463948121107f448479e46a47b0"/&gt;&lt;/record_update&gt;</payload>
        <payload_hash>-1658852664</payload_hash>
        <record_name/>
        <reverted_from/>
        <source>3a8deb4ff0c121107f442effab1b2887</source>
        <source_table>sys_update_set</source_table>
        <state>previous</state>
        <sys_created_by>admin</sys_created_by>
        <sys_created_on>2023-02-22 06:00:07</sys_created_on>
        <sys_id>d465bc63948121107f448479e46a47d6</sys_id>
        <sys_mod_count>0</sys_mod_count>
        <sys_recorded_at>18677b52def0000001</sys_recorded_at>
        <sys_updated_by>admin</sys_updated_by>
        <sys_updated_on>2023-02-22 06:00:07</sys_updated_on>
        <type>Instance</type>
        <update_guid>1065bc63c2812110ebf3484c40ba71d6</update_guid>
        <update_guid_history>1065bc63c2812110ebf3484c40ba71d6:-1658852664,e335346308812110fa8b23ae282996b3:339528658</update_guid_history>
    </sys_update_version>
    <sys_metadata_delete action="INSERT_OR_UPDATE">
        <sys_audit_delete display_value="">8f75f063948121107f448479e46a4711</sys_audit_delete>
        <sys_class_name>sys_metadata_delete</sys_class_name>
        <sys_created_by>admin</sys_created_by>
        <sys_created_on>2023-02-22 06:00:35</sys_created_on>
        <sys_db_object display_value="" name="sp_instance">sp_instance</sys_db_object>
        <sys_id>01a105c20cb447ba8004899bd4856e21</sys_id>
        <sys_metadata>6b353463948121107f448479e46a47b0</sys_metadata>
        <sys_mod_count>0</sys_mod_count>
        <sys_name/>
        <sys_package display_value="ClientPro" source="x_58872_ClientPro">6ead8e780f603200cd674f8ce1050ed1</sys_package>
        <sys_parent/>
        <sys_policy/>
        <sys_scope display_value="ClientPro">6ead8e780f603200cd674f8ce1050ed1</sys_scope>
        <sys_scope_delete display_value="">94872a8897db403e8ee69a431de2fca4</sys_scope_delete>
        <sys_update_name>sp_instance_6b353463948121107f448479e46a47b0</sys_update_name>
        <sys_update_version display_value="sp_instance_6b353463948121107f448479e46a47b0">d465bc63948121107f448479e46a47d6</sys_update_version>
        <sys_updated_by>admin</sys_updated_by>
        <sys_updated_on>2023-02-22 06:00:35</sys_updated_on>
    </sys_metadata_delete>
</record_update>
