<?xml version="1.0" encoding="UTF-8"?><record_update table="sp_instance_menu">
    <sp_instance_menu action="DELETE">
        <active>true</active>
        <class_name/>
        <color>default</color>
        <css/>
        <glyph/>
        <id/>
        <order>1</order>
        <roles/>
        <short_description/>
        <size>md</size>
        <sp_column/>
        <sp_widget display_value="Header Menu">5ef595c1cb12020000f8d856634c9c6e</sp_widget>
        <sys_class_name>sp_instance_menu</sys_class_name>
        <sys_created_by>admin</sys_created_by>
        <sys_created_on>2023-02-22 07:45:37</sys_created_on>
        <sys_id>125d492f94c121107f448479e46a4724</sys_id>
        <sys_mod_count>0</sys_mod_count>
        <sys_name>myMenu</sys_name>
        <sys_package display_value="ClientPro" source="x_58872_ClientPro">6ead8e780f603200cd674f8ce1050ed1</sys_package>
        <sys_policy/>
        <sys_scope display_value="ClientPro">6ead8e780f603200cd674f8ce1050ed1</sys_scope>
        <sys_update_name>sp_instance_menu_125d492f94c121107f448479e46a4724</sys_update_name>
        <sys_updated_by>admin</sys_updated_by>
        <sys_updated_on>2023-02-22 07:45:37</sys_updated_on>
        <title>myMenu</title>
        <url/>
        <widget_parameters><![CDATA[{
	"enable_cart": {
		"displayValue": "true",
		"value": true
	}
}]]></widget_parameters>
    </sp_instance_menu>
    <sys_translated_text action="DELETE" query="documentkey=125d492f94c121107f448479e46a4724"/>
    <sys_update_version action="INSERT_OR_UPDATE">
        <action>DELETE</action>
        <application display_value="ClientPro">6ead8e780f603200cd674f8ce1050ed1</application>
        <file_path/>
        <instance_id>bdf68f4397c969109c987a121153af2c</instance_id>
        <instance_name>nowlearning-nlinst00595695-001</instance_name>
        <name>sp_instance_menu_125d492f94c121107f448479e46a4724</name>
        <payload>&lt;?xml version="1.0" encoding="UTF-8"?&gt;&lt;record_update table="sp_instance_menu"&gt;&lt;sp_instance_menu action="INSERT_OR_UPDATE"&gt;&lt;active&gt;true&lt;/active&gt;&lt;class_name/&gt;&lt;color&gt;default&lt;/color&gt;&lt;css/&gt;&lt;glyph/&gt;&lt;id/&gt;&lt;order&gt;1&lt;/order&gt;&lt;roles/&gt;&lt;short_description/&gt;&lt;size&gt;md&lt;/size&gt;&lt;sp_column/&gt;&lt;sp_widget display_value="Header Menu"&gt;5ef595c1cb12020000f8d856634c9c6e&lt;/sp_widget&gt;&lt;sys_class_name&gt;sp_instance_menu&lt;/sys_class_name&gt;&lt;sys_created_by&gt;admin&lt;/sys_created_by&gt;&lt;sys_created_on&gt;2023-02-22 07:45:37&lt;/sys_created_on&gt;&lt;sys_id&gt;125d492f94c121107f448479e46a4724&lt;/sys_id&gt;&lt;sys_mod_count&gt;0&lt;/sys_mod_count&gt;&lt;sys_name&gt;myMenu&lt;/sys_name&gt;&lt;sys_package display_value="ClientPro" source="x_58872_ClientPro"&gt;6ead8e780f603200cd674f8ce1050ed1&lt;/sys_package&gt;&lt;sys_policy/&gt;&lt;sys_scope display_value="ClientPro"&gt;6ead8e780f603200cd674f8ce1050ed1&lt;/sys_scope&gt;&lt;sys_update_name&gt;sp_instance_menu_125d492f94c121107f448479e46a4724&lt;/sys_update_name&gt;&lt;sys_updated_by&gt;admin&lt;/sys_updated_by&gt;&lt;sys_updated_on&gt;2023-02-22 07:45:37&lt;/sys_updated_on&gt;&lt;title&gt;myMenu&lt;/title&gt;&lt;url/&gt;&lt;widget_parameters&gt;&lt;![CDATA[{
	"enable_cart": {
		"displayValue": "true",
		"value": true
	}
}]]&gt;&lt;/widget_parameters&gt;&lt;/sp_instance_menu&gt;&lt;sys_translated_text action="delete_multiple" query="documentkey=125d492f94c121107f448479e46a4724"/&gt;&lt;/record_update&gt;</payload>
        <payload_hash>-181235453</payload_hash>
        <record_name>myMenu</record_name>
        <reverted_from/>
        <source>3a8deb4ff0c121107f442effab1b2887</source>
        <source_table>sys_update_set</source_table>
        <state>previous</state>
        <sys_created_by>admin</sys_created_by>
        <sys_created_on>2023-02-22 07:45:37</sys_created_on>
        <sys_id>2d8dc92f94c121107f448479e46a47fa</sys_id>
        <sys_mod_count>0</sys_mod_count>
        <sys_recorded_at>1867815c1df0000001</sys_recorded_at>
        <sys_updated_by>admin</sys_updated_by>
        <sys_updated_on>2023-02-22 07:45:37</sys_updated_on>
        <type>Instance with Menu</type>
        <update_guid>658dc92ff5c121102443ca1bee7187fa</update_guid>
        <update_guid_history>658dc92ff5c121102443ca1bee7187fa:-181235453</update_guid_history>
    </sys_update_version>
    <sys_metadata_delete action="INSERT_OR_UPDATE">
        <sys_audit_delete display_value="myMenu">a6ad812f94c121107f448479e46a47ac</sys_audit_delete>
        <sys_class_name>sys_metadata_delete</sys_class_name>
        <sys_created_by>admin</sys_created_by>
        <sys_created_on>2023-02-22 07:46:13</sys_created_on>
        <sys_db_object display_value="" name="sp_instance_menu">sp_instance_menu</sys_db_object>
        <sys_id>7d6a3105f2b046c7a3d794ea27388fc9</sys_id>
        <sys_metadata>125d492f94c121107f448479e46a4724</sys_metadata>
        <sys_mod_count>0</sys_mod_count>
        <sys_name>myMenu</sys_name>
        <sys_package display_value="ClientPro" source="x_58872_ClientPro">6ead8e780f603200cd674f8ce1050ed1</sys_package>
        <sys_parent/>
        <sys_policy/>
        <sys_scope display_value="ClientPro">6ead8e780f603200cd674f8ce1050ed1</sys_scope>
        <sys_scope_delete display_value="">94872a8897db403e8ee69a431de2fca4</sys_scope_delete>
        <sys_update_name>sp_instance_menu_125d492f94c121107f448479e46a4724</sys_update_name>
        <sys_update_version display_value="sp_instance_menu_125d492f94c121107f448479e46a4724">2d8dc92f94c121107f448479e46a47fa</sys_update_version>
        <sys_updated_by>admin</sys_updated_by>
        <sys_updated_on>2023-02-22 07:46:13</sys_updated_on>
    </sys_metadata_delete>
</record_update>
