<?xml version="1.0" encoding="UTF-8"?><record_update table="sp_instance_table">
    <sp_instance_table action="DELETE">
        <active>true</active>
        <class_name/>
        <color>default</color>
        <css/>
        <display_field/>
        <field_list/>
        <filter/>
        <glyph/>
        <id/>
        <maximum_entries>5</maximum_entries>
        <order>1</order>
        <order_by/>
        <order_direction>asc</order_direction>
        <roles/>
        <short_description/>
        <size>md</size>
        <sp_column display_value="1">2e8cb86b948121107f448479e46a47d6</sp_column>
        <sp_page/>
        <sp_widget display_value="Data Table from Instance Definition">38058ff1cb11020000f8d856634c9c8c</sp_widget>
        <sys_class_name>sp_instance_table</sys_class_name>
        <sys_created_by>admin</sys_created_by>
        <sys_created_on>2023-02-22 06:32:04</sys_created_on>
        <sys_id>58bcf86b948121107f448479e46a4707</sys_id>
        <sys_mod_count>0</sys_mod_count>
        <sys_name/>
        <sys_package display_value="ClientPro" source="x_58872_ClientPro">6ead8e780f603200cd674f8ce1050ed1</sys_package>
        <sys_policy/>
        <sys_scope display_value="ClientPro">6ead8e780f603200cd674f8ce1050ed1</sys_scope>
        <sys_update_name>sp_instance_table_58bcf86b948121107f448479e46a4707</sys_update_name>
        <sys_updated_by>admin</sys_updated_by>
        <sys_updated_on>2023-02-22 06:32:04</sys_updated_on>
        <table/>
        <title/>
        <url/>
        <widget_parameters/>
    </sp_instance_table>
    <sys_translated_text action="DELETE" query="documentkey=58bcf86b948121107f448479e46a4707"/>
    <sys_update_version action="INSERT_OR_UPDATE">
        <action>DELETE</action>
        <application display_value="ClientPro">6ead8e780f603200cd674f8ce1050ed1</application>
        <file_path/>
        <instance_id>bdf68f4397c969109c987a121153af2c</instance_id>
        <instance_name>nowlearning-nlinst00595695-001</instance_name>
        <name>sp_instance_table_58bcf86b948121107f448479e46a4707</name>
        <payload><![CDATA[<?xml version="1.0" encoding="UTF-8"?><record_update table="sp_instance_table"><sp_instance_table action="INSERT_OR_UPDATE"><active>true</active><class_name/><color>default</color><css/><display_field/><field_list/><filter/><glyph/><id/><maximum_entries>5</maximum_entries><order>1</order><order_by/><order_direction>asc</order_direction><roles/><short_description/><size>md</size><sp_column display_value="1">2e8cb86b948121107f448479e46a47d6</sp_column><sp_page/><sp_widget display_value="Data Table from Instance Definition">38058ff1cb11020000f8d856634c9c8c</sp_widget><sys_class_name>sp_instance_table</sys_class_name><sys_created_by>admin</sys_created_by><sys_created_on>2023-02-22 06:32:04</sys_created_on><sys_id>58bcf86b948121107f448479e46a4707</sys_id><sys_mod_count>0</sys_mod_count><sys_name/><sys_package display_value="ClientPro" source="x_58872_ClientPro">6ead8e780f603200cd674f8ce1050ed1</sys_package><sys_policy/><sys_scope display_value="ClientPro">6ead8e780f603200cd674f8ce1050ed1</sys_scope><sys_update_name>sp_instance_table_58bcf86b948121107f448479e46a4707</sys_update_name><sys_updated_by>admin</sys_updated_by><sys_updated_on>2023-02-22 06:32:04</sys_updated_on><table/><title/><url/><widget_parameters/></sp_instance_table><sys_translated_text action="delete_multiple" query="documentkey=58bcf86b948121107f448479e46a4707"/></record_update>]]></payload>
        <payload_hash>2044997109</payload_hash>
        <record_name/>
        <reverted_from/>
        <source>3a8deb4ff0c121107f442effab1b2887</source>
        <source_table>sys_update_set</source_table>
        <state>previous</state>
        <sys_created_by>admin</sys_created_by>
        <sys_created_on>2023-02-22 06:32:04</sys_created_on>
        <sys_id>d4bcf86b948121107f448479e46a470a</sys_id>
        <sys_mod_count>0</sys_mod_count>
        <sys_recorded_at>18677d26d640000001</sys_recorded_at>
        <sys_updated_by>admin</sys_updated_by>
        <sys_updated_on>2023-02-22 06:32:04</sys_updated_on>
        <type>Instance with Table</type>
        <update_guid>10bcf86bd78121106c751188ea57a10a</update_guid>
        <update_guid_history>10bcf86bd78121106c751188ea57a10a:2044997109</update_guid_history>
    </sys_update_version>
    <sys_metadata_delete action="INSERT_OR_UPDATE">
        <sys_audit_delete display_value="">5accb86b948121107f448479e46a4769</sys_audit_delete>
        <sys_class_name>sys_metadata_delete</sys_class_name>
        <sys_created_by>admin</sys_created_by>
        <sys_created_on>2023-02-22 06:32:28</sys_created_on>
        <sys_db_object display_value="" name="sp_instance_table">sp_instance_table</sys_db_object>
        <sys_id>1757efeb19c24f92ae89275b2387efa4</sys_id>
        <sys_metadata>58bcf86b948121107f448479e46a4707</sys_metadata>
        <sys_mod_count>0</sys_mod_count>
        <sys_name/>
        <sys_package display_value="ClientPro" source="x_58872_ClientPro">6ead8e780f603200cd674f8ce1050ed1</sys_package>
        <sys_parent/>
        <sys_policy/>
        <sys_scope display_value="ClientPro">6ead8e780f603200cd674f8ce1050ed1</sys_scope>
        <sys_scope_delete display_value="">94872a8897db403e8ee69a431de2fca4</sys_scope_delete>
        <sys_update_name>sp_instance_table_58bcf86b948121107f448479e46a4707</sys_update_name>
        <sys_update_version display_value="sp_instance_table_58bcf86b948121107f448479e46a4707">d4bcf86b948121107f448479e46a470a</sys_update_version>
        <sys_updated_by>admin</sys_updated_by>
        <sys_updated_on>2023-02-22 06:32:28</sys_updated_on>
    </sys_metadata_delete>
</record_update>
