<?xml version="1.0" encoding="UTF-8"?><record_update table="sys_security_acl">
    <sys_security_acl action="DELETE">
        <active>true</active>
        <admin_overrides>true</admin_overrides>
        <advanced>false</advanced>
        <condition/>
        <description>Default access control on x_58872_ClientPro_x_58872_clientpro_x_58872_clientpro_x_58872_clientpro_clientpr</description>
        <name>x_58872_ClientPro_x_58872_clientpro_x_58872_clientpro_x_58872_clientpro_clientpr</name>
        <operation display_value="read">read</operation>
        <script/>
        <sys_class_name>sys_security_acl</sys_class_name>
        <sys_created_by>admin</sys_created_by>
        <sys_created_on>2023-02-21 07:00:33</sys_created_on>
        <sys_id>37997f8bf00521107f442effab1b2818</sys_id>
        <sys_mod_count>0</sys_mod_count>
        <sys_name>x_58872_ClientPro_x_58872_clientpro_x_58872_clientpro_x_58872_clientpro_clientpr</sys_name>
        <sys_package display_value="ClientPro" source="x_58872_ClientPro">6ead8e780f603200cd674f8ce1050ed1</sys_package>
        <sys_policy/>
        <sys_scope display_value="ClientPro">6ead8e780f603200cd674f8ce1050ed1</sys_scope>
        <sys_update_name>sys_security_acl_37997f8bf00521107f442effab1b2818</sys_update_name>
        <sys_updated_by>admin</sys_updated_by>
        <sys_updated_on>2023-02-21 07:00:33</sys_updated_on>
        <type display_value="record">record</type>
    </sys_security_acl>
    <sys_update_version action="INSERT_OR_UPDATE">
        <action>DELETE</action>
        <application display_value="ClientPro">6ead8e780f603200cd674f8ce1050ed1</application>
        <file_path/>
        <instance_id>bdf68f4397c969109c987a121153af2c</instance_id>
        <instance_name>nowlearning-nlinst00595695-001</instance_name>
        <name>sys_security_acl_37997f8bf00521107f442effab1b2818</name>
        <payload><![CDATA[<?xml version="1.0" encoding="UTF-8"?><record_update table="sys_security_acl"><sys_security_acl action="INSERT_OR_UPDATE"><active>true</active><admin_overrides>true</admin_overrides><advanced>false</advanced><condition/><description>Default access control on x_58872_ClientPro_x_58872_clientpro_x_58872_clientpro_x_58872_clientpro_clientpr</description><name>x_58872_ClientPro_x_58872_clientpro_x_58872_clientpro_x_58872_clientpro_clientpr</name><operation display_value="read">read</operation><script/><sys_class_name>sys_security_acl</sys_class_name><sys_created_by>admin</sys_created_by><sys_created_on>2023-02-21 07:00:33</sys_created_on><sys_id>37997f8bf00521107f442effab1b2818</sys_id><sys_mod_count>0</sys_mod_count><sys_name>x_58872_ClientPro_x_58872_clientpro_x_58872_clientpro_x_58872_clientpro_clientpr</sys_name><sys_package display_value="ClientPro" source="x_58872_ClientPro">6ead8e780f603200cd674f8ce1050ed1</sys_package><sys_policy/><sys_scope display_value="ClientPro">6ead8e780f603200cd674f8ce1050ed1</sys_scope><sys_update_name>sys_security_acl_37997f8bf00521107f442effab1b2818</sys_update_name><sys_updated_by>admin</sys_updated_by><sys_updated_on>2023-02-21 07:00:33</sys_updated_on><type display_value="record">record</type></sys_security_acl></record_update>]]></payload>
        <payload_hash>710341330</payload_hash>
        <record_name>x_58872_ClientPro_x_58872_clientpro_x_58872_clientpro_x_58872_clientpro_clientpr</record_name>
        <reverted_from/>
        <source>3a8deb4ff0c121107f442effab1b2887</source>
        <source_table>sys_update_set</source_table>
        <state>previous</state>
        <sys_created_by>admin</sys_created_by>
        <sys_created_on>2023-02-21 07:00:33</sys_created_on>
        <sys_id>37997f8bf00521107f442effab1b281a</sys_id>
        <sys_mod_count>0</sys_mod_count>
        <sys_recorded_at>18672c6256b0000001</sys_recorded_at>
        <sys_updated_by>admin</sys_updated_by>
        <sys_updated_on>2023-02-21 07:00:33</sys_updated_on>
        <type>Access Control</type>
        <update_guid>7f997f8be6052110d35f12f48de26c19</update_guid>
        <update_guid_history>7f997f8be6052110d35f12f48de26c19:710341330</update_guid_history>
    </sys_update_version>
    <sys_metadata_delete action="INSERT_OR_UPDATE">
        <sys_audit_delete/>
        <sys_class_name>sys_metadata_delete</sys_class_name>
        <sys_created_by>admin</sys_created_by>
        <sys_created_on>2023-02-21 07:03:22</sys_created_on>
        <sys_db_object display_value="" name="sys_security_acl">sys_security_acl</sys_db_object>
        <sys_id>765fb8405f6c421cafa69d2d2b06f010</sys_id>
        <sys_metadata>37997f8bf00521107f442effab1b2818</sys_metadata>
        <sys_mod_count>0</sys_mod_count>
        <sys_name>x_58872_ClientPro_x_58872_clientpro_x_58872_clientpro_x_58872_clientpro_clientpr</sys_name>
        <sys_package display_value="ClientPro" source="x_58872_ClientPro">6ead8e780f603200cd674f8ce1050ed1</sys_package>
        <sys_parent display_value="">fb997f8bf00521107f442effab1b2833</sys_parent>
        <sys_policy/>
        <sys_scope display_value="ClientPro">6ead8e780f603200cd674f8ce1050ed1</sys_scope>
        <sys_scope_delete display_value="">94872a8897db403e8ee69a431de2fca4</sys_scope_delete>
        <sys_update_name>sys_security_acl_37997f8bf00521107f442effab1b2818</sys_update_name>
        <sys_update_version display_value="sys_security_acl_37997f8bf00521107f442effab1b2818">37997f8bf00521107f442effab1b281a</sys_update_version>
        <sys_updated_by>admin</sys_updated_by>
        <sys_updated_on>2023-02-21 07:03:22</sys_updated_on>
    </sys_metadata_delete>
</record_update>
