<?xml version="1.0" encoding="UTF-8"?><record_update table="sys_wizard_answer">
    <sys_wizard_answer action="DELETE">
        <active>true</active>
        <answer>Clientproject</answer>
        <button_label/>
        <dependent_value/>
        <element/>
        <name>Clientproject</name>
        <next_question/>
        <order>100</order>
        <payload_name/>
        <question display_value="Task" name="Task">16856ca7551201107f44d7f62dcafeb2</question>
        <roles/>
        <script/>
        <sys_class_name>sys_wizard_answer</sys_class_name>
        <sys_created_by>admin</sys_created_by>
        <sys_created_on>2023-02-21 06:18:21</sys_created_on>
        <sys_id>e5ffa743f00521107f442effab1b2842</sys_id>
        <sys_mod_count>0</sys_mod_count>
        <sys_name>Clientproject</sys_name>
        <sys_package display_value="ClientPro" source="x_58872_ClientPro">6ead8e780f603200cd674f8ce1050ed1</sys_package>
        <sys_policy/>
        <sys_scope display_value="ClientPro">6ead8e780f603200cd674f8ce1050ed1</sys_scope>
        <sys_update_name>sys_wizard_answer_e5ffa743f00521107f442effab1b2842</sys_update_name>
        <sys_updated_by>admin</sys_updated_by>
        <sys_updated_on>2023-02-21 06:18:21</sys_updated_on>
        <table/>
        <target_url>x_58872_ClientPro_x_58872_clientpro_x_58872_clientpro_x_58872_clientpro_clientpr.do</target_url>
        <type>1</type>
    </sys_wizard_answer>
    <sys_update_version action="INSERT_OR_UPDATE">
        <action>DELETE</action>
        <application display_value="ClientPro">6ead8e780f603200cd674f8ce1050ed1</application>
        <file_path/>
        <instance_id>bdf68f4397c969109c987a121153af2c</instance_id>
        <instance_name>nowlearning-nlinst00595695-001</instance_name>
        <name>sys_wizard_answer_e5ffa743f00521107f442effab1b2842</name>
        <payload><![CDATA[<?xml version="1.0" encoding="UTF-8"?><record_update table="sys_wizard_answer"><sys_wizard_answer action="INSERT_OR_UPDATE"><active>true</active><answer>Clientproject</answer><button_label/><dependent_value/><element/><name>Clientproject</name><next_question/><order>100</order><payload_name/><question display_value="Task" name="Task">16856ca7551201107f44d7f62dcafeb2</question><roles/><script/><sys_class_name>sys_wizard_answer</sys_class_name><sys_created_by>admin</sys_created_by><sys_created_on>2023-02-21 06:18:21</sys_created_on><sys_id>e5ffa743f00521107f442effab1b2842</sys_id><sys_mod_count>0</sys_mod_count><sys_name>Clientproject</sys_name><sys_package display_value="ClientPro" source="x_58872_ClientPro">6ead8e780f603200cd674f8ce1050ed1</sys_package><sys_policy/><sys_scope display_value="ClientPro">6ead8e780f603200cd674f8ce1050ed1</sys_scope><sys_update_name>sys_wizard_answer_e5ffa743f00521107f442effab1b2842</sys_update_name><sys_updated_by>admin</sys_updated_by><sys_updated_on>2023-02-21 06:18:21</sys_updated_on><table/><target_url>x_58872_ClientPro_x_58872_clientpro_x_58872_clientpro_x_58872_clientpro_clientpr.do</target_url><type>1</type></sys_wizard_answer></record_update>]]></payload>
        <payload_hash>2056927345</payload_hash>
        <record_name>Clientproject</record_name>
        <reverted_from/>
        <source>9494ec23551201107f44d7f62dcafe42</source>
        <source_table>sys_upgrade_history</source_table>
        <state>previous</state>
        <sys_created_by/>
        <sys_created_on>2022-03-23 15:42:50</sys_created_on>
        <sys_id>6819f38bf00521107f442effab1b2826</sys_id>
        <sys_mod_count/>
        <sys_recorded_at>17fb771e8900000000</sys_recorded_at>
        <sys_updated_by/>
        <sys_updated_on/>
        <type>Answer</type>
        <update_guid>2819f38b920521109759be2f5df49f26</update_guid>
        <update_guid_history>2819f38b920521109759be2f5df49f26:2056927345</update_guid_history>
    </sys_update_version>
    <sys_metadata_delete action="INSERT_OR_UPDATE">
        <sys_audit_delete/>
        <sys_class_name>sys_metadata_delete</sys_class_name>
        <sys_created_by>admin</sys_created_by>
        <sys_created_on>2023-02-21 06:58:09</sys_created_on>
        <sys_db_object display_value="" name="sys_wizard_answer">sys_wizard_answer</sys_db_object>
        <sys_id>04d5f2d28b4844198058de8b9a625261</sys_id>
        <sys_metadata>e5ffa743f00521107f442effab1b2842</sys_metadata>
        <sys_mod_count>0</sys_mod_count>
        <sys_name>Clientproject</sys_name>
        <sys_package display_value="ClientPro" source="x_58872_ClientPro">6ead8e780f603200cd674f8ce1050ed1</sys_package>
        <sys_parent display_value="Task">16856ca7551201107f44d7f62dcafeb2</sys_parent>
        <sys_policy/>
        <sys_scope display_value="ClientPro">6ead8e780f603200cd674f8ce1050ed1</sys_scope>
        <sys_scope_delete display_value="">94872a8897db403e8ee69a431de2fca4</sys_scope_delete>
        <sys_update_name>sys_wizard_answer_e5ffa743f00521107f442effab1b2842</sys_update_name>
        <sys_update_version display_value="sys_wizard_answer_e5ffa743f00521107f442effab1b2842">6819f38bf00521107f442effab1b2826</sys_update_version>
        <sys_updated_by>admin</sys_updated_by>
        <sys_updated_on>2023-02-21 06:58:09</sys_updated_on>
    </sys_metadata_delete>
</record_update>
