<?xml version="1.0" encoding="UTF-8"?><record_update table="sys_security_acl_role">
    <sys_security_acl_role action="DELETE">
        <sys_class_name>sys_security_acl_role</sys_class_name>
        <sys_created_by>admin</sys_created_by>
        <sys_created_on>2023-02-21 07:00:33</sys_created_on>
        <sys_id>fb997f8bf00521107f442effab1b281a</sys_id>
        <sys_mod_count>0</sys_mod_count>
        <sys_name>x_58872_ClientPro_x_58872_clientpro_x_58872_clientpro_x_58872_clientpro_clientpr.x_58872_ClientPro.clientproject_user</sys_name>
        <sys_package display_value="ClientPro" source="x_58872_ClientPro">6ead8e780f603200cd674f8ce1050ed1</sys_package>
        <sys_policy/>
        <sys_scope display_value="ClientPro">6ead8e780f603200cd674f8ce1050ed1</sys_scope>
        <sys_security_acl display_value="x_58872_ClientPro_x_58872_clientpro_x_58872_clientpro_x_58872_clientpro_clientpr">37997f8bf00521107f442effab1b2818</sys_security_acl>
        <sys_update_name>sys_security_acl_role_fb997f8bf00521107f442effab1b281a</sys_update_name>
        <sys_updated_by>admin</sys_updated_by>
        <sys_updated_on>2023-02-21 07:00:33</sys_updated_on>
        <sys_user_role display_value="x_58872_ClientPro.clientproject_user" name="x_58872_ClientPro.clientproject_user">ddff2f03f00521107f442effab1b2862</sys_user_role>
        <transaction_id/>
    </sys_security_acl_role>
    <sys_update_version action="INSERT_OR_UPDATE">
        <action>DELETE</action>
        <application display_value="ClientPro">6ead8e780f603200cd674f8ce1050ed1</application>
        <file_path/>
        <instance_id>bdf68f4397c969109c987a121153af2c</instance_id>
        <instance_name>nowlearning-nlinst00595695-001</instance_name>
        <name>sys_security_acl_role_fb997f8bf00521107f442effab1b281a</name>
        <payload><![CDATA[<?xml version="1.0" encoding="UTF-8"?><record_update table="sys_security_acl_role"><sys_security_acl_role action="INSERT_OR_UPDATE"><sys_class_name>sys_security_acl_role</sys_class_name><sys_created_by>admin</sys_created_by><sys_created_on>2023-02-21 07:00:33</sys_created_on><sys_id>fb997f8bf00521107f442effab1b281a</sys_id><sys_mod_count>0</sys_mod_count><sys_name>x_58872_ClientPro_x_58872_clientpro_x_58872_clientpro_x_58872_clientpro_clientpr.x_58872_ClientPro.clientproject_user</sys_name><sys_package display_value="ClientPro" source="x_58872_ClientPro">6ead8e780f603200cd674f8ce1050ed1</sys_package><sys_policy/><sys_scope display_value="ClientPro">6ead8e780f603200cd674f8ce1050ed1</sys_scope><sys_security_acl display_value="x_58872_ClientPro_x_58872_clientpro_x_58872_clientpro_x_58872_clientpro_clientpr">37997f8bf00521107f442effab1b2818</sys_security_acl><sys_update_name>sys_security_acl_role_fb997f8bf00521107f442effab1b281a</sys_update_name><sys_updated_by>admin</sys_updated_by><sys_updated_on>2023-02-21 07:00:33</sys_updated_on><sys_user_role display_value="x_58872_ClientPro.clientproject_user" name="x_58872_ClientPro.clientproject_user">ddff2f03f00521107f442effab1b2862</sys_user_role><transaction_id/></sys_security_acl_role></record_update>]]></payload>
        <payload_hash>-499968216</payload_hash>
        <record_name>x_58872_ClientPro_x_58872_clientpro_x_58872_clientpro_x_58872_clientpro_clientpr.x_58872_ClientPro.c</record_name>
        <reverted_from/>
        <source>3a8deb4ff0c121107f442effab1b2887</source>
        <source_table>sys_update_set</source_table>
        <state>previous</state>
        <sys_created_by>admin</sys_created_by>
        <sys_created_on>2023-02-21 07:00:33</sys_created_on>
        <sys_id>37997f8bf00521107f442effab1b2829</sys_id>
        <sys_mod_count>0</sys_mod_count>
        <sys_recorded_at>18672c625870000001</sys_recorded_at>
        <sys_updated_by>admin</sys_updated_by>
        <sys_updated_on>2023-02-21 07:00:33</sys_updated_on>
        <type>Access Roles</type>
        <update_guid>7f997f8ba5052110fc90eab4de0bff28</update_guid>
        <update_guid_history>7f997f8ba5052110fc90eab4de0bff28:-499968216</update_guid_history>
    </sys_update_version>
    <sys_metadata_delete action="INSERT_OR_UPDATE">
        <sys_audit_delete display_value="x_58872_ClientPro_x_58872_clientpro_x_58872_clientpro_x_58872_clientpro_clientpr">fc4a7bcbf00521107f442effab1b283a</sys_audit_delete>
        <sys_class_name>sys_metadata_delete</sys_class_name>
        <sys_created_by>admin</sys_created_by>
        <sys_created_on>2023-02-21 07:03:22</sys_created_on>
        <sys_db_object display_value="" name="sys_security_acl_role">sys_security_acl_role</sys_db_object>
        <sys_id>280642f272a94d68906e745dba274840</sys_id>
        <sys_metadata>fb997f8bf00521107f442effab1b281a</sys_metadata>
        <sys_mod_count>0</sys_mod_count>
        <sys_name>x_58872_ClientPro_x_58872_clientpro_x_58872_clientpro_x_58872_clientpro_clientpr.x_58872_ClientPro.clientproject_user</sys_name>
        <sys_package display_value="ClientPro" source="x_58872_ClientPro">6ead8e780f603200cd674f8ce1050ed1</sys_package>
        <sys_parent display_value="">37997f8bf00521107f442effab1b2818</sys_parent>
        <sys_policy/>
        <sys_scope display_value="ClientPro">6ead8e780f603200cd674f8ce1050ed1</sys_scope>
        <sys_scope_delete display_value="">94872a8897db403e8ee69a431de2fca4</sys_scope_delete>
        <sys_update_name>sys_security_acl_role_fb997f8bf00521107f442effab1b281a</sys_update_name>
        <sys_update_version display_value="sys_security_acl_role_fb997f8bf00521107f442effab1b281a">37997f8bf00521107f442effab1b2829</sys_update_version>
        <sys_updated_by>admin</sys_updated_by>
        <sys_updated_on>2023-02-21 07:03:22</sys_updated_on>
    </sys_metadata_delete>
</record_update>
