<?xml version="1.0" encoding="UTF-8"?><record_update sys_domain="global" table="sys_app_module">
    <sys_app_module action="DELETE">
        <active>true</active>
        <application/>
        <assessment/>
        <device_type/>
        <filter/>
        <hint/>
        <homepage/>
        <image/>
        <link_type>LIST</link_type>
        <map_page/>
        <mobile_title>ClientProject</mobile_title>
        <mobile_view_name>Mobile</mobile_view_name>
        <name>x_58872_ClientPro_x_58872_clientpro_x_58872_clientpro_x_58872_clientpro_clientpr</name>
        <order>200</order>
        <override_menu_roles>false</override_menu_roles>
        <query/>
        <report/>
        <roles>x_58872_ClientPro.clientproject_user</roles>
        <sys_class_name>sys_app_module</sys_class_name>
        <sys_created_by>admin</sys_created_by>
        <sys_created_on>2023-02-21 07:11:48</sys_created_on>
        <sys_domain>global</sys_domain>
        <sys_domain_path>/</sys_domain_path>
        <sys_id>f34bbf0ff00521107f442effab1b2834</sys_id>
        <sys_mod_count>2</sys_mod_count>
        <sys_name>All</sys_name>
        <sys_overrides/>
        <sys_package display_value="ClientPro" source="x_58872_ClientPro">6ead8e780f603200cd674f8ce1050ed1</sys_package>
        <sys_policy/>
        <sys_scope display_value="ClientPro">6ead8e780f603200cd674f8ce1050ed1</sys_scope>
        <sys_update_name>sys_app_module_f34bbf0ff00521107f442effab1b2834</sys_update_name>
        <sys_updated_by>admin</sys_updated_by>
        <sys_updated_on>2023-02-21 07:17:22</sys_updated_on>
        <timeline_page/>
        <title>All</title>
        <uncancelable>false</uncancelable>
        <view_name>ClientProject</view_name>
        <window_name/>
    </sys_app_module>
    <sys_update_version action="INSERT_OR_UPDATE">
        <action>DELETE</action>
        <application display_value="ClientPro">6ead8e780f603200cd674f8ce1050ed1</application>
        <file_path/>
        <instance_id>bdf68f4397c969109c987a121153af2c</instance_id>
        <instance_name>nowlearning-nlinst00595695-001</instance_name>
        <name>sys_app_module_f34bbf0ff00521107f442effab1b2834</name>
        <payload><![CDATA[<?xml version="1.0" encoding="UTF-8"?><record_update sys_domain="global" table="sys_app_module"><sys_app_module action="INSERT_OR_UPDATE"><active>true</active><application/><assessment/><device_type/><filter/><hint/><homepage/><image/><link_type>LIST</link_type><map_page/><mobile_title>ClientProject</mobile_title><mobile_view_name>Mobile</mobile_view_name><name>x_58872_ClientPro_x_58872_clientpro_x_58872_clientpro_x_58872_clientpro_clientpr</name><order>200</order><override_menu_roles>false</override_menu_roles><query/><report/><roles>x_58872_ClientPro.clientproject_user</roles><sys_class_name>sys_app_module</sys_class_name><sys_created_by>admin</sys_created_by><sys_created_on>2023-02-21 07:11:48</sys_created_on><sys_domain>global</sys_domain><sys_domain_path>/</sys_domain_path><sys_id>f34bbf0ff00521107f442effab1b2834</sys_id><sys_mod_count>2</sys_mod_count><sys_name>All</sys_name><sys_overrides/><sys_package display_value="ClientPro" source="x_58872_ClientPro">6ead8e780f603200cd674f8ce1050ed1</sys_package><sys_policy/><sys_scope display_value="ClientPro">6ead8e780f603200cd674f8ce1050ed1</sys_scope><sys_update_name>sys_app_module_f34bbf0ff00521107f442effab1b2834</sys_update_name><sys_updated_by>admin</sys_updated_by><sys_updated_on>2023-02-21 07:17:22</sys_updated_on><timeline_page/><title>All</title><uncancelable>false</uncancelable><view_name>ClientProject</view_name><window_name/></sys_app_module></record_update>]]></payload>
        <payload_hash>2026983296</payload_hash>
        <record_name>All</record_name>
        <reverted_from/>
        <source>3a8deb4ff0c121107f442effab1b2887</source>
        <source_table>sys_update_set</source_table>
        <state>previous</state>
        <sys_created_by>admin</sys_created_by>
        <sys_created_on>2023-02-21 07:17:22</sys_created_on>
        <sys_id>ca7d33cff00521107f442effab1b286b</sys_id>
        <sys_mod_count>0</sys_mod_count>
        <sys_recorded_at>18672d589570000001</sys_recorded_at>
        <sys_updated_by>admin</sys_updated_by>
        <sys_updated_on>2023-02-21 07:17:22</sys_updated_on>
        <type>Module</type>
        <update_guid>067d33cf5305211068a292ef6a7a746b</update_guid>
        <update_guid_history>067d33cf5305211068a292ef6a7a746b:2026983296,f54d33cf32052110090eb3c5ab1efe4d:201324960,2c3cf34fbf052110b809d4d3a2256b9e:2026983296</update_guid_history>
    </sys_update_version>
    <sys_metadata_delete action="INSERT_OR_UPDATE">
        <sys_audit_delete display_value="All">106a8cdbf04521107f442effab1b281a</sys_audit_delete>
        <sys_class_name>sys_metadata_delete</sys_class_name>
        <sys_created_by>admin</sys_created_by>
        <sys_created_on>2023-02-21 08:13:46</sys_created_on>
        <sys_db_object display_value="" name="sys_app_module">sys_app_module</sys_db_object>
        <sys_id>514720087755452c97fcbb2fcde17641</sys_id>
        <sys_metadata>f34bbf0ff00521107f442effab1b2834</sys_metadata>
        <sys_mod_count>0</sys_mod_count>
        <sys_name>All</sys_name>
        <sys_package display_value="ClientPro" source="x_58872_ClientPro">6ead8e780f603200cd674f8ce1050ed1</sys_package>
        <sys_parent/>
        <sys_policy/>
        <sys_scope display_value="ClientPro">6ead8e780f603200cd674f8ce1050ed1</sys_scope>
        <sys_scope_delete display_value="">94872a8897db403e8ee69a431de2fca4</sys_scope_delete>
        <sys_update_name>sys_app_module_f34bbf0ff00521107f442effab1b2834</sys_update_name>
        <sys_update_version display_value="sys_app_module_f34bbf0ff00521107f442effab1b2834">ca7d33cff00521107f442effab1b286b</sys_update_version>
        <sys_updated_by>admin</sys_updated_by>
        <sys_updated_on>2023-02-21 08:13:46</sys_updated_on>
    </sys_metadata_delete>
</record_update>
