<?xml version="1.0" encoding="UTF-8"?><record_update table="wf_workflow_version">
    <wf_workflow_version action="DELETE">
        <active>false</active>
        <activity_stages>{"subflows":[],"stages":{},"activities":{},"ends":["077c50dff08521107f442effab1b2866"]}</activity_stages>
        <after_business_rules>false</after_business_rules>
        <checked_out/>
        <checked_out_by/>
        <column_renderer display_value="Workflow-driven">a56213111b030100adca1e094f0713ac</column_renderer>
        <condition table="x_58872_ClientPro_x_58872_clientpro_x_58872_clientpro_x_58872_clientpro_clientpr">state=13^EQ<item display_value="Requested" endquery="false" field="state" goto="false" newquery="false" operator="=" or="false" value="13"/>
            <item endquery="true" field="" goto="false" newquery="false" operator="=" or="false" value=""/>
        </condition>
        <condition_type>run_match</condition_type>
        <description/>
        <expected_sequences>077cd09ff08521107f442effab1b287f,f60d94dff08521107f442effab1b2821,077c50dff08521107f442effab1b2866</expected_sequences>
        <expected_time>1970-01-01 14:00:00</expected_time>
        <expected_time_type/>
        <full_sequences>077cd09ff08521107f442effab1b287f,f60d94dff08521107f442effab1b2821,077c50dff08521107f442effab1b2866</full_sequences>
        <journal/>
        <max_activity_count>100</max_activity_count>
        <name>ResourceWorkflow</name>
        <not_cacheable>false</not_cacheable>
        <on_cancel><![CDATA[// This script executes if the workflow is cancelled.// The global variable context_sys_id contains the sys_id of the cancelled workflow context.]]></on_cancel>
        <order>100</order>
        <pin_type>set_by_activity</pin_type>
        <published>true</published>
        <relative_duration display_value="2 business days by 4pm">3bf802c20a0a0b52008e2859cd8abcf2</relative_duration>
        <requires_ert>true</requires_ert>
        <run_multiple>false</run_multiple>
        <schedule/>
        <stage_field/>
        <stage_order>computed</stage_order>
        <start display_value="Begin">077cd09ff08521107f442effab1b287f</start>
        <sys_created_by>admin</sys_created_by>
        <sys_created_on>2023-02-21 09:32:53</sys_created_on>
        <sys_id>123c5c9ff08521107f442effab1b28e1</sys_id>
        <sys_mod_count>22</sys_mod_count>
        <sys_updated_by>admin</sys_updated_by>
        <sys_updated_on>2023-02-21 09:44:21</sys_updated_on>
        <table>x_58872_ClientPro_x_58872_clientpro_x_58872_clientpro_x_58872_clientpro_clientpr</table>
        <timezone/>
        <validated>false</validated>
        <workflow display_value="ResourceWorkflow">0f7cd09ff08521107f442effab1b287d</workflow>
    </wf_workflow_version>
    <wf_workflow action="DELETE">
        <access>public</access>
        <description/>
        <name>ResourceWorkflow</name>
        <preview/>
        <sys_class_name>wf_workflow</sys_class_name>
        <sys_created_by>admin</sys_created_by>
        <sys_created_on>2023-02-21 09:32:53</sys_created_on>
        <sys_domain>global</sys_domain>
        <sys_domain_path>/</sys_domain_path>
        <sys_id>0f7cd09ff08521107f442effab1b287d</sys_id>
        <sys_mod_count>0</sys_mod_count>
        <sys_name>ResourceWorkflow</sys_name>
        <sys_overrides/>
        <sys_package display_value="ClientPro" source="x_58872_ClientPro">6ead8e780f603200cd674f8ce1050ed1</sys_package>
        <sys_policy/>
        <sys_scope display_value="ClientPro">6ead8e780f603200cd674f8ce1050ed1</sys_scope>
        <sys_update_name>wf_workflow_0f7cd09ff08521107f442effab1b287d</sys_update_name>
        <sys_updated_by>admin</sys_updated_by>
        <sys_updated_on>2023-02-21 09:32:53</sys_updated_on>
        <table>x_58872_ClientPro_x_58872_clientpro_x_58872_clientpro_x_58872_clientpro_clientpr</table>
        <template>false</template>
        <vars/>
    </wf_workflow>
    <wf_activity action="DELETE">
        <activity_definition display_value="Begin">c7a5e32c0a0a0b3a002377c24ed8ea76</activity_definition>
        <activity_definition_updated>false</activity_definition_updated>
        <databus_lookup_id>1</databus_lookup_id>
        <height/>
        <input/>
        <is_parent>false</is_parent>
        <name>Begin</name>
        <new_activity_definition/>
        <notes/>
        <out_of_date>false</out_of_date>
        <parent/>
        <pinned>false</pinned>
        <pinned_version/>
        <stage/>
        <sys_created_by>admin</sys_created_by>
        <sys_created_on>2023-02-21 09:32:53</sys_created_on>
        <sys_id>077cd09ff08521107f442effab1b287f</sys_id>
        <sys_mod_count>0</sys_mod_count>
        <sys_updated_by>admin</sys_updated_by>
        <sys_updated_on>2023-02-21 09:32:53</sys_updated_on>
        <timeout>1970-01-01 00:00:00</timeout>
        <vars/>
        <width>80</width>
        <workflow_version display_value="ResourceWorkflow">123c5c9ff08521107f442effab1b28e1</workflow_version>
        <x>20</x>
        <y>20</y>
    </wf_activity>
    <sys_variable_value action="DELETE" query="document_key=077cd09ff08521107f442effab1b287f"/>
    <wf_condition action="DELETE">
        <activity display_value="Begin">077cd09ff08521107f442effab1b287f</activity>
        <condition>true</condition>
        <condition_default/>
        <condition_type>standard</condition_type>
        <else_flag>false</else_flag>
        <error>false</error>
        <event>false</event>
        <event_name/>
        <is_positive>true</is_positive>
        <name>Always</name>
        <order>0</order>
        <short_description/>
        <skip_during_generate>false</skip_during_generate>
        <sys_created_by>admin</sys_created_by>
        <sys_created_on>2023-02-21 09:32:53</sys_created_on>
        <sys_id>477cd09ff08521107f442effab1b2880</sys_id>
        <sys_mod_count>0</sys_mod_count>
        <sys_updated_by>admin</sys_updated_by>
        <sys_updated_on>2023-02-21 09:32:53</sys_updated_on>
    </wf_condition>
    <wf_activity action="DELETE">
        <activity_definition display_value="End">c7a66f7d0a0a0b3a004544a6d2f14076</activity_definition>
        <activity_definition_updated>false</activity_definition_updated>
        <databus_lookup_id>2</databus_lookup_id>
        <height/>
        <input/>
        <is_parent>false</is_parent>
        <name>End</name>
        <new_activity_definition/>
        <notes/>
        <out_of_date>false</out_of_date>
        <parent/>
        <pinned>false</pinned>
        <pinned_version/>
        <stage/>
        <sys_created_by>admin</sys_created_by>
        <sys_created_on>2023-02-21 09:32:53</sys_created_on>
        <sys_id>077c50dff08521107f442effab1b2866</sys_id>
        <sys_mod_count>1</sys_mod_count>
        <sys_updated_by>admin</sys_updated_by>
        <sys_updated_on>2023-02-21 09:43:08</sys_updated_on>
        <timeout>1970-01-01 00:00:00</timeout>
        <vars/>
        <width>80</width>
        <workflow_version display_value="ResourceWorkflow">123c5c9ff08521107f442effab1b28e1</workflow_version>
        <x>578</x>
        <y>117</y>
    </wf_activity>
    <sys_variable_value action="DELETE" query="document_key=077c50dff08521107f442effab1b2866"/>
    <wf_activity action="DELETE">
        <activity_definition display_value="Notification">0a6c97790a0a0b2756919eb960284334</activity_definition>
        <activity_definition_updated>false</activity_definition_updated>
        <databus_lookup_id>3</databus_lookup_id>
        <height/>
        <input>{}</input>
        <is_parent>false</is_parent>
        <name>Resource Request</name>
        <new_activity_definition/>
        <notes/>
        <out_of_date>false</out_of_date>
        <parent/>
        <pinned>false</pinned>
        <pinned_version/>
        <stage/>
        <sys_created_by>admin</sys_created_by>
        <sys_created_on>2023-02-21 09:42:34</sys_created_on>
        <sys_id>f60d94dff08521107f442effab1b2821</sys_id>
        <sys_mod_count>3</sys_mod_count>
        <sys_updated_by>admin</sys_updated_by>
        <sys_updated_on>2023-02-21 09:42:57</sys_updated_on>
        <timeout>1970-01-01 00:00:00</timeout>
        <vars/>
        <width/>
        <workflow_version display_value="ResourceWorkflow">123c5c9ff08521107f442effab1b28e1</workflow_version>
        <x>212</x>
        <y>101</y>
    </wf_activity>
    <sys_variable_value action="DELETE" query="document_key=f60d94dff08521107f442effab1b2821"/>
    <sys_variable_value action="DELETE">
        <document>wf_activity</document>
        <document_key>f60d94dff08521107f442effab1b2821</document_key>
        <order>100</order>
        <sys_class_name>sys_variable_value</sys_class_name>
        <sys_created_by>admin</sys_created_by>
        <sys_created_on>2023-02-21 09:42:34</sys_created_on>
        <sys_id>09be5813f0c521107f442effab1b28b7</sys_id>
        <sys_mod_count>0</sys_mod_count>
        <sys_updated_by>admin</sys_updated_by>
        <sys_updated_on>2023-02-21 09:42:34</sys_updated_on>
        <value>6816f79cc0a8016401c5a33be04be441</value>
        <variable display_value="To">c35daa890a0a0ba96248a709c32994d6</variable>
    </sys_variable_value>
    <sys_variable_value action="DELETE">
        <document>wf_activity</document>
        <document_key>f60d94dff08521107f442effab1b2821</document_key>
        <order>200</order>
        <sys_class_name>sys_variable_value</sys_class_name>
        <sys_created_by>admin</sys_created_by>
        <sys_created_on>2023-02-21 09:42:34</sys_created_on>
        <sys_id>09be5813f0c521107f442effab1b28b8</sys_id>
        <sys_mod_count>0</sys_mod_count>
        <sys_updated_by>admin</sys_updated_by>
        <sys_updated_on>2023-02-21 09:42:34</sys_updated_on>
        <value>Resource Request</value>
        <variable display_value="Subject">c35db2180a0a0ba96248a709d1b6df20</variable>
    </sys_variable_value>
    <sys_variable_value action="DELETE">
        <document>wf_activity</document>
        <document_key>f60d94dff08521107f442effab1b2821</document_key>
        <order>500</order>
        <sys_class_name>sys_variable_value</sys_class_name>
        <sys_created_by>admin</sys_created_by>
        <sys_created_on>2023-02-21 09:42:34</sys_created_on>
        <sys_id>45be5813f0c521107f442effab1b28b8</sys_id>
        <sys_mod_count>0</sys_mod_count>
        <sys_updated_by>admin</sys_updated_by>
        <sys_updated_on>2023-02-21 09:42:34</sys_updated_on>
        <value>// Set the variable 'answer' to a comma-separated list of user or group sys_ids that you want the email sent to.&#13;
</value>
        <variable display_value="To (script)">c35dae3d0a0a0ba96248a7098ed9b4aa</variable>
    </sys_variable_value>
    <sys_variable_value action="DELETE">
        <document>wf_activity</document>
        <document_key>f60d94dff08521107f442effab1b2821</document_key>
        <order>400</order>
        <sys_class_name>sys_variable_value</sys_class_name>
        <sys_created_by>admin</sys_created_by>
        <sys_created_on>2023-02-21 09:42:34</sys_created_on>
        <sys_id>81be5813f0c521107f442effab1b28b8</sys_id>
        <sys_mod_count>0</sys_mod_count>
        <sys_updated_by>admin</sys_updated_by>
        <sys_updated_on>2023-02-21 09:42:34</sys_updated_on>
        <value>0</value>
        <variable display_value="Advanced">6d6816cd0a6a803f0853a8df38007572</variable>
    </sys_variable_value>
    <sys_variable_value action="DELETE">
        <document>wf_activity</document>
        <document_key>f60d94dff08521107f442effab1b2821</document_key>
        <order>150</order>
        <sys_class_name>sys_variable_value</sys_class_name>
        <sys_created_by>admin</sys_created_by>
        <sys_created_on>2023-02-21 09:42:34</sys_created_on>
        <sys_id>8dbe5813f0c521107f442effab1b28b8</sys_id>
        <sys_mod_count>0</sys_mod_count>
        <sys_updated_by>admin</sys_updated_by>
        <sys_updated_on>2023-02-21 09:42:34</sys_updated_on>
        <value/>
        <variable display_value="To (groups)">ae2121c70a0a0b3459708c9a60cd7312</variable>
    </sys_variable_value>
    <sys_variable_value action="DELETE">
        <document>wf_activity</document>
        <document_key>f60d94dff08521107f442effab1b2821</document_key>
        <order>300</order>
        <sys_class_name>sys_variable_value</sys_class_name>
        <sys_created_by>admin</sys_created_by>
        <sys_created_on>2023-02-21 09:42:34</sys_created_on>
        <sys_id>c9be5813f0c521107f442effab1b28b8</sys_id>
        <sys_mod_count>0</sys_mod_count>
        <sys_updated_by>admin</sys_updated_by>
        <sys_updated_on>2023-02-21 09:42:34</sys_updated_on>
        <value>A Request for &#13;
Request type: ${u_request_type}&#13;
is registered.&#13;
Priority: ${priority}&#13;
When needed: ${u_when_needed}&#13;
What needed: ${u_what_needed}</value>
        <variable display_value="Message">c35db5a50a0a0ba96248a70938ae8de6</variable>
    </sys_variable_value>
    <sys_variable_value action="DELETE">
        <document>wf_activity</document>
        <document_key>f60d94dff08521107f442effab1b2821</document_key>
        <order>100</order>
        <sys_class_name>sys_variable_value</sys_class_name>
        <sys_created_by>admin</sys_created_by>
        <sys_created_on>2023-02-21 09:42:34</sys_created_on>
        <sys_id>09be5813f0c521107f442effab1b28b7</sys_id>
        <sys_mod_count>0</sys_mod_count>
        <sys_updated_by>admin</sys_updated_by>
        <sys_updated_on>2023-02-21 09:42:34</sys_updated_on>
        <value>6816f79cc0a8016401c5a33be04be441</value>
        <variable display_value="To">c35daa890a0a0ba96248a709c32994d6</variable>
    </sys_variable_value>
    <sys_variable_value action="DELETE">
        <document>wf_activity</document>
        <document_key>f60d94dff08521107f442effab1b2821</document_key>
        <order>150</order>
        <sys_class_name>sys_variable_value</sys_class_name>
        <sys_created_by>admin</sys_created_by>
        <sys_created_on>2023-02-21 09:42:34</sys_created_on>
        <sys_id>8dbe5813f0c521107f442effab1b28b8</sys_id>
        <sys_mod_count>0</sys_mod_count>
        <sys_updated_by>admin</sys_updated_by>
        <sys_updated_on>2023-02-21 09:42:34</sys_updated_on>
        <value/>
        <variable display_value="To (groups)">ae2121c70a0a0b3459708c9a60cd7312</variable>
    </sys_variable_value>
    <sys_variable_value action="DELETE">
        <document>wf_activity</document>
        <document_key>f60d94dff08521107f442effab1b2821</document_key>
        <order>200</order>
        <sys_class_name>sys_variable_value</sys_class_name>
        <sys_created_by>admin</sys_created_by>
        <sys_created_on>2023-02-21 09:42:34</sys_created_on>
        <sys_id>09be5813f0c521107f442effab1b28b8</sys_id>
        <sys_mod_count>0</sys_mod_count>
        <sys_updated_by>admin</sys_updated_by>
        <sys_updated_on>2023-02-21 09:42:34</sys_updated_on>
        <value>Resource Request</value>
        <variable display_value="Subject">c35db2180a0a0ba96248a709d1b6df20</variable>
    </sys_variable_value>
    <sys_variable_value action="DELETE">
        <document>wf_activity</document>
        <document_key>f60d94dff08521107f442effab1b2821</document_key>
        <order>300</order>
        <sys_class_name>sys_variable_value</sys_class_name>
        <sys_created_by>admin</sys_created_by>
        <sys_created_on>2023-02-21 09:42:34</sys_created_on>
        <sys_id>c9be5813f0c521107f442effab1b28b8</sys_id>
        <sys_mod_count>0</sys_mod_count>
        <sys_updated_by>admin</sys_updated_by>
        <sys_updated_on>2023-02-21 09:42:34</sys_updated_on>
        <value>A Request for &#13;
Request type: ${u_request_type}&#13;
is registered.&#13;
Priority: ${priority}&#13;
When needed: ${u_when_needed}&#13;
What needed: ${u_what_needed}</value>
        <variable display_value="Message">c35db5a50a0a0ba96248a70938ae8de6</variable>
    </sys_variable_value>
    <sys_variable_value action="DELETE">
        <document>wf_activity</document>
        <document_key>f60d94dff08521107f442effab1b2821</document_key>
        <order>400</order>
        <sys_class_name>sys_variable_value</sys_class_name>
        <sys_created_by>admin</sys_created_by>
        <sys_created_on>2023-02-21 09:42:34</sys_created_on>
        <sys_id>81be5813f0c521107f442effab1b28b8</sys_id>
        <sys_mod_count>0</sys_mod_count>
        <sys_updated_by>admin</sys_updated_by>
        <sys_updated_on>2023-02-21 09:42:34</sys_updated_on>
        <value>0</value>
        <variable display_value="Advanced">6d6816cd0a6a803f0853a8df38007572</variable>
    </sys_variable_value>
    <sys_variable_value action="DELETE">
        <document>wf_activity</document>
        <document_key>f60d94dff08521107f442effab1b2821</document_key>
        <order>500</order>
        <sys_class_name>sys_variable_value</sys_class_name>
        <sys_created_by>admin</sys_created_by>
        <sys_created_on>2023-02-21 09:42:34</sys_created_on>
        <sys_id>45be5813f0c521107f442effab1b28b8</sys_id>
        <sys_mod_count>0</sys_mod_count>
        <sys_updated_by>admin</sys_updated_by>
        <sys_updated_on>2023-02-21 09:42:34</sys_updated_on>
        <value>// Set the variable 'answer' to a comma-separated list of user or group sys_ids that you want the email sent to.&#13;
</value>
        <variable display_value="To (script)">c35dae3d0a0a0ba96248a7098ed9b4aa</variable>
    </sys_variable_value>
    <wf_condition action="DELETE">
        <activity display_value="Resource Request">f60d94dff08521107f442effab1b2821</activity>
        <condition>true</condition>
        <condition_default/>
        <condition_type>standard</condition_type>
        <else_flag>false</else_flag>
        <error>false</error>
        <event>false</event>
        <event_name/>
        <is_positive>true</is_positive>
        <name>Always</name>
        <order>0</order>
        <short_description/>
        <skip_during_generate>false</skip_during_generate>
        <sys_created_by>admin</sys_created_by>
        <sys_created_on>2023-02-21 09:42:34</sys_created_on>
        <sys_id>0dbe5813f0c521107f442effab1b28b9</sys_id>
        <sys_mod_count>0</sys_mod_count>
        <sys_updated_by>admin</sys_updated_by>
        <sys_updated_on>2023-02-21 09:42:34</sys_updated_on>
    </wf_condition>
    <wf_transition action="DELETE">
        <condition display_value="Always">477cd09ff08521107f442effab1b2880</condition>
        <from display_value="Begin">077cd09ff08521107f442effab1b287f</from>
        <sys_created_by>admin</sys_created_by>
        <sys_created_on>2023-02-21 09:32:53</sys_created_on>
        <sys_id>8f7c50dff08521107f442effab1b2866</sys_id>
        <sys_mod_count>1</sys_mod_count>
        <sys_updated_by>admin</sys_updated_by>
        <sys_updated_on>2023-02-21 09:43:03</sys_updated_on>
        <to display_value="Resource Request">f60d94dff08521107f442effab1b2821</to>
    </wf_transition>
    <wf_transition action="DELETE">
        <condition display_value="Always">0dbe5813f0c521107f442effab1b28b9</condition>
        <from display_value="Resource Request">f60d94dff08521107f442effab1b2821</from>
        <sys_created_by>admin</sys_created_by>
        <sys_created_on>2023-02-21 09:43:06</sys_created_on>
        <sys_id>f8de9cdff08521107f442effab1b284f</sys_id>
        <sys_mod_count>0</sys_mod_count>
        <sys_updated_by>admin</sys_updated_by>
        <sys_updated_on>2023-02-21 09:43:06</sys_updated_on>
        <to display_value="End">077c50dff08521107f442effab1b2866</to>
    </wf_transition>
    <wf_estimated_runtime_config action="DELETE">
        <estimated_run_time/>
        <no_of_data_points>1</no_of_data_points>
        <percentage_threshold_ert>20</percentage_threshold_ert>
        <sys_created_by>admin</sys_created_by>
        <sys_created_on>2023-02-21 09:32:53</sys_created_on>
        <sys_id>877cd09ff08521107f442effab1b287c</sys_id>
        <sys_mod_count>0</sys_mod_count>
        <sys_updated_by>admin</sys_updated_by>
        <sys_updated_on>2023-02-21 09:32:53</sys_updated_on>
        <workflow_version display_value="ResourceWorkflow">123c5c9ff08521107f442effab1b28e1</workflow_version>
    </wf_estimated_runtime_config>
    <wf_workflow_version action="DELETE" query="workflow=0f7cd09ff08521107f442effab1b287d^sys_id!=123c5c9ff08521107f442effab1b28e1">
        <published>false</published>
    </wf_workflow_version>
    <sys_update_version action="INSERT_OR_UPDATE">
        <action>DELETE</action>
        <application display_value="ClientPro">6ead8e780f603200cd674f8ce1050ed1</application>
        <file_path/>
        <instance_id>bdf68f4397c969109c987a121153af2c</instance_id>
        <instance_name>nowlearning-nlinst00595695-001</instance_name>
        <name>wf_workflow_0f7cd09ff08521107f442effab1b287d</name>
        <payload>&lt;?xml version="1.0" encoding="UTF-8"?&gt;&lt;record_update table="wf_workflow_version"&gt;&lt;wf_workflow_version action="INSERT_OR_UPDATE"&gt;&lt;active&gt;false&lt;/active&gt;&lt;activity_stages&gt;{"subflows":[],"stages":{},"activities":{},"ends":["077c50dff08521107f442effab1b2866"]}&lt;/activity_stages&gt;&lt;after_business_rules&gt;false&lt;/after_business_rules&gt;&lt;checked_out/&gt;&lt;checked_out_by/&gt;&lt;column_renderer display_value="Workflow-driven"&gt;a56213111b030100adca1e094f0713ac&lt;/column_renderer&gt;&lt;condition table="x_58872_ClientPro_x_58872_clientpro_x_58872_clientpro_x_58872_clientpro_clientpr"&gt;state=13^EQ&lt;item display_value="Requested" endquery="false" field="state" goto="false" newquery="false" operator="=" or="false" value="13"/&gt;&lt;item endquery="true" field="" goto="false" newquery="false" operator="=" or="false" value=""/&gt;&lt;/condition&gt;&lt;condition_type&gt;run_match&lt;/condition_type&gt;&lt;description/&gt;&lt;expected_sequences&gt;077cd09ff08521107f442effab1b287f,f60d94dff08521107f442effab1b2821,077c50dff08521107f442effab1b2866&lt;/expected_sequences&gt;&lt;expected_time&gt;1970-01-01 14:00:00&lt;/expected_time&gt;&lt;expected_time_type/&gt;&lt;full_sequences&gt;077cd09ff08521107f442effab1b287f,f60d94dff08521107f442effab1b2821,077c50dff08521107f442effab1b2866&lt;/full_sequences&gt;&lt;journal/&gt;&lt;max_activity_count&gt;100&lt;/max_activity_count&gt;&lt;name&gt;ResourceWorkflow&lt;/name&gt;&lt;not_cacheable&gt;false&lt;/not_cacheable&gt;&lt;on_cancel&gt;&lt;![CDATA[// This script executes if the workflow is cancelled.// The global variable context_sys_id contains the sys_id of the cancelled workflow context.]]&gt;&lt;/on_cancel&gt;&lt;order&gt;100&lt;/order&gt;&lt;pin_type&gt;set_by_activity&lt;/pin_type&gt;&lt;published&gt;true&lt;/published&gt;&lt;relative_duration display_value="2 business days by 4pm"&gt;3bf802c20a0a0b52008e2859cd8abcf2&lt;/relative_duration&gt;&lt;requires_ert&gt;true&lt;/requires_ert&gt;&lt;run_multiple&gt;false&lt;/run_multiple&gt;&lt;schedule/&gt;&lt;stage_field/&gt;&lt;stage_order&gt;computed&lt;/stage_order&gt;&lt;start display_value="Begin"&gt;077cd09ff08521107f442effab1b287f&lt;/start&gt;&lt;sys_created_by&gt;admin&lt;/sys_created_by&gt;&lt;sys_created_on&gt;2023-02-21 09:32:53&lt;/sys_created_on&gt;&lt;sys_id&gt;123c5c9ff08521107f442effab1b28e1&lt;/sys_id&gt;&lt;sys_mod_count&gt;22&lt;/sys_mod_count&gt;&lt;sys_updated_by&gt;admin&lt;/sys_updated_by&gt;&lt;sys_updated_on&gt;2023-02-21 09:44:21&lt;/sys_updated_on&gt;&lt;table&gt;x_58872_ClientPro_x_58872_clientpro_x_58872_clientpro_x_58872_clientpro_clientpr&lt;/table&gt;&lt;timezone/&gt;&lt;validated&gt;false&lt;/validated&gt;&lt;workflow display_value="ResourceWorkflow"&gt;0f7cd09ff08521107f442effab1b287d&lt;/workflow&gt;&lt;/wf_workflow_version&gt;&lt;wf_workflow action="INSERT_OR_UPDATE"&gt;&lt;access&gt;public&lt;/access&gt;&lt;description/&gt;&lt;name&gt;ResourceWorkflow&lt;/name&gt;&lt;preview/&gt;&lt;sys_class_name&gt;wf_workflow&lt;/sys_class_name&gt;&lt;sys_created_by&gt;admin&lt;/sys_created_by&gt;&lt;sys_created_on&gt;2023-02-21 09:32:53&lt;/sys_created_on&gt;&lt;sys_domain&gt;global&lt;/sys_domain&gt;&lt;sys_domain_path&gt;/&lt;/sys_domain_path&gt;&lt;sys_id&gt;0f7cd09ff08521107f442effab1b287d&lt;/sys_id&gt;&lt;sys_mod_count&gt;0&lt;/sys_mod_count&gt;&lt;sys_name&gt;ResourceWorkflow&lt;/sys_name&gt;&lt;sys_overrides/&gt;&lt;sys_package display_value="ClientPro" source="x_58872_ClientPro"&gt;6ead8e780f603200cd674f8ce1050ed1&lt;/sys_package&gt;&lt;sys_policy/&gt;&lt;sys_scope display_value="ClientPro"&gt;6ead8e780f603200cd674f8ce1050ed1&lt;/sys_scope&gt;&lt;sys_update_name&gt;wf_workflow_0f7cd09ff08521107f442effab1b287d&lt;/sys_update_name&gt;&lt;sys_updated_by&gt;admin&lt;/sys_updated_by&gt;&lt;sys_updated_on&gt;2023-02-21 09:32:53&lt;/sys_updated_on&gt;&lt;table&gt;x_58872_ClientPro_x_58872_clientpro_x_58872_clientpro_x_58872_clientpro_clientpr&lt;/table&gt;&lt;template&gt;false&lt;/template&gt;&lt;vars/&gt;&lt;/wf_workflow&gt;&lt;wf_activity action="INSERT_OR_UPDATE"&gt;&lt;activity_definition display_value="Begin"&gt;c7a5e32c0a0a0b3a002377c24ed8ea76&lt;/activity_definition&gt;&lt;activity_definition_updated&gt;false&lt;/activity_definition_updated&gt;&lt;databus_lookup_id&gt;1&lt;/databus_lookup_id&gt;&lt;height/&gt;&lt;input/&gt;&lt;is_parent&gt;false&lt;/is_parent&gt;&lt;name&gt;Begin&lt;/name&gt;&lt;new_activity_definition/&gt;&lt;notes/&gt;&lt;out_of_date&gt;false&lt;/out_of_date&gt;&lt;parent/&gt;&lt;pinned&gt;false&lt;/pinned&gt;&lt;pinned_version/&gt;&lt;stage/&gt;&lt;sys_created_by&gt;admin&lt;/sys_created_by&gt;&lt;sys_created_on&gt;2023-02-21 09:32:53&lt;/sys_created_on&gt;&lt;sys_id&gt;077cd09ff08521107f442effab1b287f&lt;/sys_id&gt;&lt;sys_mod_count&gt;0&lt;/sys_mod_count&gt;&lt;sys_updated_by&gt;admin&lt;/sys_updated_by&gt;&lt;sys_updated_on&gt;2023-02-21 09:32:53&lt;/sys_updated_on&gt;&lt;timeout&gt;1970-01-01 00:00:00&lt;/timeout&gt;&lt;vars/&gt;&lt;width&gt;80&lt;/width&gt;&lt;workflow_version display_value="ResourceWorkflow"&gt;123c5c9ff08521107f442effab1b28e1&lt;/workflow_version&gt;&lt;x&gt;20&lt;/x&gt;&lt;y&gt;20&lt;/y&gt;&lt;/wf_activity&gt;&lt;sys_variable_value action="delete_multiple" query="document_key=077cd09ff08521107f442effab1b287f"/&gt;&lt;wf_condition action="INSERT_OR_UPDATE"&gt;&lt;activity display_value="Begin"&gt;077cd09ff08521107f442effab1b287f&lt;/activity&gt;&lt;condition&gt;true&lt;/condition&gt;&lt;condition_default/&gt;&lt;condition_type&gt;standard&lt;/condition_type&gt;&lt;else_flag&gt;false&lt;/else_flag&gt;&lt;error&gt;false&lt;/error&gt;&lt;event&gt;false&lt;/event&gt;&lt;event_name/&gt;&lt;is_positive&gt;true&lt;/is_positive&gt;&lt;name&gt;Always&lt;/name&gt;&lt;order&gt;0&lt;/order&gt;&lt;short_description/&gt;&lt;skip_during_generate&gt;false&lt;/skip_during_generate&gt;&lt;sys_created_by&gt;admin&lt;/sys_created_by&gt;&lt;sys_created_on&gt;2023-02-21 09:32:53&lt;/sys_created_on&gt;&lt;sys_id&gt;477cd09ff08521107f442effab1b2880&lt;/sys_id&gt;&lt;sys_mod_count&gt;0&lt;/sys_mod_count&gt;&lt;sys_updated_by&gt;admin&lt;/sys_updated_by&gt;&lt;sys_updated_on&gt;2023-02-21 09:32:53&lt;/sys_updated_on&gt;&lt;/wf_condition&gt;&lt;wf_activity action="INSERT_OR_UPDATE"&gt;&lt;activity_definition display_value="End"&gt;c7a66f7d0a0a0b3a004544a6d2f14076&lt;/activity_definition&gt;&lt;activity_definition_updated&gt;false&lt;/activity_definition_updated&gt;&lt;databus_lookup_id&gt;2&lt;/databus_lookup_id&gt;&lt;height/&gt;&lt;input/&gt;&lt;is_parent&gt;false&lt;/is_parent&gt;&lt;name&gt;End&lt;/name&gt;&lt;new_activity_definition/&gt;&lt;notes/&gt;&lt;out_of_date&gt;false&lt;/out_of_date&gt;&lt;parent/&gt;&lt;pinned&gt;false&lt;/pinned&gt;&lt;pinned_version/&gt;&lt;stage/&gt;&lt;sys_created_by&gt;admin&lt;/sys_created_by&gt;&lt;sys_created_on&gt;2023-02-21 09:32:53&lt;/sys_created_on&gt;&lt;sys_id&gt;077c50dff08521107f442effab1b2866&lt;/sys_id&gt;&lt;sys_mod_count&gt;1&lt;/sys_mod_count&gt;&lt;sys_updated_by&gt;admin&lt;/sys_updated_by&gt;&lt;sys_updated_on&gt;2023-02-21 09:43:08&lt;/sys_updated_on&gt;&lt;timeout&gt;1970-01-01 00:00:00&lt;/timeout&gt;&lt;vars/&gt;&lt;width&gt;80&lt;/width&gt;&lt;workflow_version display_value="ResourceWorkflow"&gt;123c5c9ff08521107f442effab1b28e1&lt;/workflow_version&gt;&lt;x&gt;578&lt;/x&gt;&lt;y&gt;117&lt;/y&gt;&lt;/wf_activity&gt;&lt;sys_variable_value action="delete_multiple" query="document_key=077c50dff08521107f442effab1b2866"/&gt;&lt;wf_activity action="INSERT_OR_UPDATE"&gt;&lt;activity_definition display_value="Notification"&gt;0a6c97790a0a0b2756919eb960284334&lt;/activity_definition&gt;&lt;activity_definition_updated&gt;false&lt;/activity_definition_updated&gt;&lt;databus_lookup_id&gt;3&lt;/databus_lookup_id&gt;&lt;height/&gt;&lt;input&gt;{}&lt;/input&gt;&lt;is_parent&gt;false&lt;/is_parent&gt;&lt;name&gt;Resource Request&lt;/name&gt;&lt;new_activity_definition/&gt;&lt;notes/&gt;&lt;out_of_date&gt;false&lt;/out_of_date&gt;&lt;parent/&gt;&lt;pinned&gt;false&lt;/pinned&gt;&lt;pinned_version/&gt;&lt;stage/&gt;&lt;sys_created_by&gt;admin&lt;/sys_created_by&gt;&lt;sys_created_on&gt;2023-02-21 09:42:34&lt;/sys_created_on&gt;&lt;sys_id&gt;f60d94dff08521107f442effab1b2821&lt;/sys_id&gt;&lt;sys_mod_count&gt;3&lt;/sys_mod_count&gt;&lt;sys_updated_by&gt;admin&lt;/sys_updated_by&gt;&lt;sys_updated_on&gt;2023-02-21 09:42:57&lt;/sys_updated_on&gt;&lt;timeout&gt;1970-01-01 00:00:00&lt;/timeout&gt;&lt;vars/&gt;&lt;width/&gt;&lt;workflow_version display_value="ResourceWorkflow"&gt;123c5c9ff08521107f442effab1b28e1&lt;/workflow_version&gt;&lt;x&gt;212&lt;/x&gt;&lt;y&gt;101&lt;/y&gt;&lt;/wf_activity&gt;&lt;sys_variable_value action="delete_multiple" query="document_key=f60d94dff08521107f442effab1b2821"/&gt;&lt;sys_variable_value action="INSERT_OR_UPDATE"&gt;&lt;document&gt;wf_activity&lt;/document&gt;&lt;document_key&gt;f60d94dff08521107f442effab1b2821&lt;/document_key&gt;&lt;order&gt;100&lt;/order&gt;&lt;sys_class_name&gt;sys_variable_value&lt;/sys_class_name&gt;&lt;sys_created_by&gt;admin&lt;/sys_created_by&gt;&lt;sys_created_on&gt;2023-02-21 09:42:34&lt;/sys_created_on&gt;&lt;sys_id&gt;09be5813f0c521107f442effab1b28b7&lt;/sys_id&gt;&lt;sys_mod_count&gt;0&lt;/sys_mod_count&gt;&lt;sys_updated_by&gt;admin&lt;/sys_updated_by&gt;&lt;sys_updated_on&gt;2023-02-21 09:42:34&lt;/sys_updated_on&gt;&lt;value&gt;6816f79cc0a8016401c5a33be04be441&lt;/value&gt;&lt;variable display_value="To"&gt;c35daa890a0a0ba96248a709c32994d6&lt;/variable&gt;&lt;/sys_variable_value&gt;&lt;sys_variable_value action="INSERT_OR_UPDATE"&gt;&lt;document&gt;wf_activity&lt;/document&gt;&lt;document_key&gt;f60d94dff08521107f442effab1b2821&lt;/document_key&gt;&lt;order&gt;200&lt;/order&gt;&lt;sys_class_name&gt;sys_variable_value&lt;/sys_class_name&gt;&lt;sys_created_by&gt;admin&lt;/sys_created_by&gt;&lt;sys_created_on&gt;2023-02-21 09:42:34&lt;/sys_created_on&gt;&lt;sys_id&gt;09be5813f0c521107f442effab1b28b8&lt;/sys_id&gt;&lt;sys_mod_count&gt;0&lt;/sys_mod_count&gt;&lt;sys_updated_by&gt;admin&lt;/sys_updated_by&gt;&lt;sys_updated_on&gt;2023-02-21 09:42:34&lt;/sys_updated_on&gt;&lt;value&gt;Resource Request&lt;/value&gt;&lt;variable display_value="Subject"&gt;c35db2180a0a0ba96248a709d1b6df20&lt;/variable&gt;&lt;/sys_variable_value&gt;&lt;sys_variable_value action="INSERT_OR_UPDATE"&gt;&lt;document&gt;wf_activity&lt;/document&gt;&lt;document_key&gt;f60d94dff08521107f442effab1b2821&lt;/document_key&gt;&lt;order&gt;500&lt;/order&gt;&lt;sys_class_name&gt;sys_variable_value&lt;/sys_class_name&gt;&lt;sys_created_by&gt;admin&lt;/sys_created_by&gt;&lt;sys_created_on&gt;2023-02-21 09:42:34&lt;/sys_created_on&gt;&lt;sys_id&gt;45be5813f0c521107f442effab1b28b8&lt;/sys_id&gt;&lt;sys_mod_count&gt;0&lt;/sys_mod_count&gt;&lt;sys_updated_by&gt;admin&lt;/sys_updated_by&gt;&lt;sys_updated_on&gt;2023-02-21 09:42:34&lt;/sys_updated_on&gt;&lt;value&gt;// Set the variable 'answer' to a comma-separated list of user or group sys_ids that you want the email sent to.&amp;#13;
&lt;/value&gt;&lt;variable display_value="To (script)"&gt;c35dae3d0a0a0ba96248a7098ed9b4aa&lt;/variable&gt;&lt;/sys_variable_value&gt;&lt;sys_variable_value action="INSERT_OR_UPDATE"&gt;&lt;document&gt;wf_activity&lt;/document&gt;&lt;document_key&gt;f60d94dff08521107f442effab1b2821&lt;/document_key&gt;&lt;order&gt;400&lt;/order&gt;&lt;sys_class_name&gt;sys_variable_value&lt;/sys_class_name&gt;&lt;sys_created_by&gt;admin&lt;/sys_created_by&gt;&lt;sys_created_on&gt;2023-02-21 09:42:34&lt;/sys_created_on&gt;&lt;sys_id&gt;81be5813f0c521107f442effab1b28b8&lt;/sys_id&gt;&lt;sys_mod_count&gt;0&lt;/sys_mod_count&gt;&lt;sys_updated_by&gt;admin&lt;/sys_updated_by&gt;&lt;sys_updated_on&gt;2023-02-21 09:42:34&lt;/sys_updated_on&gt;&lt;value&gt;0&lt;/value&gt;&lt;variable display_value="Advanced"&gt;6d6816cd0a6a803f0853a8df38007572&lt;/variable&gt;&lt;/sys_variable_value&gt;&lt;sys_variable_value action="INSERT_OR_UPDATE"&gt;&lt;document&gt;wf_activity&lt;/document&gt;&lt;document_key&gt;f60d94dff08521107f442effab1b2821&lt;/document_key&gt;&lt;order&gt;150&lt;/order&gt;&lt;sys_class_name&gt;sys_variable_value&lt;/sys_class_name&gt;&lt;sys_created_by&gt;admin&lt;/sys_created_by&gt;&lt;sys_created_on&gt;2023-02-21 09:42:34&lt;/sys_created_on&gt;&lt;sys_id&gt;8dbe5813f0c521107f442effab1b28b8&lt;/sys_id&gt;&lt;sys_mod_count&gt;0&lt;/sys_mod_count&gt;&lt;sys_updated_by&gt;admin&lt;/sys_updated_by&gt;&lt;sys_updated_on&gt;2023-02-21 09:42:34&lt;/sys_updated_on&gt;&lt;value/&gt;&lt;variable display_value="To (groups)"&gt;ae2121c70a0a0b3459708c9a60cd7312&lt;/variable&gt;&lt;/sys_variable_value&gt;&lt;sys_variable_value action="INSERT_OR_UPDATE"&gt;&lt;document&gt;wf_activity&lt;/document&gt;&lt;document_key&gt;f60d94dff08521107f442effab1b2821&lt;/document_key&gt;&lt;order&gt;300&lt;/order&gt;&lt;sys_class_name&gt;sys_variable_value&lt;/sys_class_name&gt;&lt;sys_created_by&gt;admin&lt;/sys_created_by&gt;&lt;sys_created_on&gt;2023-02-21 09:42:34&lt;/sys_created_on&gt;&lt;sys_id&gt;c9be5813f0c521107f442effab1b28b8&lt;/sys_id&gt;&lt;sys_mod_count&gt;0&lt;/sys_mod_count&gt;&lt;sys_updated_by&gt;admin&lt;/sys_updated_by&gt;&lt;sys_updated_on&gt;2023-02-21 09:42:34&lt;/sys_updated_on&gt;&lt;value&gt;A Request for &amp;#13;
Request type: ${u_request_type}&amp;#13;
is registered.&amp;#13;
Priority: ${priority}&amp;#13;
When needed: ${u_when_needed}&amp;#13;
What needed: ${u_what_needed}&lt;/value&gt;&lt;variable display_value="Message"&gt;c35db5a50a0a0ba96248a70938ae8de6&lt;/variable&gt;&lt;/sys_variable_value&gt;&lt;sys_variable_value action="INSERT_OR_UPDATE"&gt;&lt;document&gt;wf_activity&lt;/document&gt;&lt;document_key&gt;f60d94dff08521107f442effab1b2821&lt;/document_key&gt;&lt;order&gt;100&lt;/order&gt;&lt;sys_class_name&gt;sys_variable_value&lt;/sys_class_name&gt;&lt;sys_created_by&gt;admin&lt;/sys_created_by&gt;&lt;sys_created_on&gt;2023-02-21 09:42:34&lt;/sys_created_on&gt;&lt;sys_id&gt;09be5813f0c521107f442effab1b28b7&lt;/sys_id&gt;&lt;sys_mod_count&gt;0&lt;/sys_mod_count&gt;&lt;sys_updated_by&gt;admin&lt;/sys_updated_by&gt;&lt;sys_updated_on&gt;2023-02-21 09:42:34&lt;/sys_updated_on&gt;&lt;value&gt;6816f79cc0a8016401c5a33be04be441&lt;/value&gt;&lt;variable display_value="To"&gt;c35daa890a0a0ba96248a709c32994d6&lt;/variable&gt;&lt;/sys_variable_value&gt;&lt;sys_variable_value action="INSERT_OR_UPDATE"&gt;&lt;document&gt;wf_activity&lt;/document&gt;&lt;document_key&gt;f60d94dff08521107f442effab1b2821&lt;/document_key&gt;&lt;order&gt;150&lt;/order&gt;&lt;sys_class_name&gt;sys_variable_value&lt;/sys_class_name&gt;&lt;sys_created_by&gt;admin&lt;/sys_created_by&gt;&lt;sys_created_on&gt;2023-02-21 09:42:34&lt;/sys_created_on&gt;&lt;sys_id&gt;8dbe5813f0c521107f442effab1b28b8&lt;/sys_id&gt;&lt;sys_mod_count&gt;0&lt;/sys_mod_count&gt;&lt;sys_updated_by&gt;admin&lt;/sys_updated_by&gt;&lt;sys_updated_on&gt;2023-02-21 09:42:34&lt;/sys_updated_on&gt;&lt;value/&gt;&lt;variable display_value="To (groups)"&gt;ae2121c70a0a0b3459708c9a60cd7312&lt;/variable&gt;&lt;/sys_variable_value&gt;&lt;sys_variable_value action="INSERT_OR_UPDATE"&gt;&lt;document&gt;wf_activity&lt;/document&gt;&lt;document_key&gt;f60d94dff08521107f442effab1b2821&lt;/document_key&gt;&lt;order&gt;200&lt;/order&gt;&lt;sys_class_name&gt;sys_variable_value&lt;/sys_class_name&gt;&lt;sys_created_by&gt;admin&lt;/sys_created_by&gt;&lt;sys_created_on&gt;2023-02-21 09:42:34&lt;/sys_created_on&gt;&lt;sys_id&gt;09be5813f0c521107f442effab1b28b8&lt;/sys_id&gt;&lt;sys_mod_count&gt;0&lt;/sys_mod_count&gt;&lt;sys_updated_by&gt;admin&lt;/sys_updated_by&gt;&lt;sys_updated_on&gt;2023-02-21 09:42:34&lt;/sys_updated_on&gt;&lt;value&gt;Resource Request&lt;/value&gt;&lt;variable display_value="Subject"&gt;c35db2180a0a0ba96248a709d1b6df20&lt;/variable&gt;&lt;/sys_variable_value&gt;&lt;sys_variable_value action="INSERT_OR_UPDATE"&gt;&lt;document&gt;wf_activity&lt;/document&gt;&lt;document_key&gt;f60d94dff08521107f442effab1b2821&lt;/document_key&gt;&lt;order&gt;300&lt;/order&gt;&lt;sys_class_name&gt;sys_variable_value&lt;/sys_class_name&gt;&lt;sys_created_by&gt;admin&lt;/sys_created_by&gt;&lt;sys_created_on&gt;2023-02-21 09:42:34&lt;/sys_created_on&gt;&lt;sys_id&gt;c9be5813f0c521107f442effab1b28b8&lt;/sys_id&gt;&lt;sys_mod_count&gt;0&lt;/sys_mod_count&gt;&lt;sys_updated_by&gt;admin&lt;/sys_updated_by&gt;&lt;sys_updated_on&gt;2023-02-21 09:42:34&lt;/sys_updated_on&gt;&lt;value&gt;A Request for &amp;#13;
Request type: ${u_request_type}&amp;#13;
is registered.&amp;#13;
Priority: ${priority}&amp;#13;
When needed: ${u_when_needed}&amp;#13;
What needed: ${u_what_needed}&lt;/value&gt;&lt;variable display_value="Message"&gt;c35db5a50a0a0ba96248a70938ae8de6&lt;/variable&gt;&lt;/sys_variable_value&gt;&lt;sys_variable_value action="INSERT_OR_UPDATE"&gt;&lt;document&gt;wf_activity&lt;/document&gt;&lt;document_key&gt;f60d94dff08521107f442effab1b2821&lt;/document_key&gt;&lt;order&gt;400&lt;/order&gt;&lt;sys_class_name&gt;sys_variable_value&lt;/sys_class_name&gt;&lt;sys_created_by&gt;admin&lt;/sys_created_by&gt;&lt;sys_created_on&gt;2023-02-21 09:42:34&lt;/sys_created_on&gt;&lt;sys_id&gt;81be5813f0c521107f442effab1b28b8&lt;/sys_id&gt;&lt;sys_mod_count&gt;0&lt;/sys_mod_count&gt;&lt;sys_updated_by&gt;admin&lt;/sys_updated_by&gt;&lt;sys_updated_on&gt;2023-02-21 09:42:34&lt;/sys_updated_on&gt;&lt;value&gt;0&lt;/value&gt;&lt;variable display_value="Advanced"&gt;6d6816cd0a6a803f0853a8df38007572&lt;/variable&gt;&lt;/sys_variable_value&gt;&lt;sys_variable_value action="INSERT_OR_UPDATE"&gt;&lt;document&gt;wf_activity&lt;/document&gt;&lt;document_key&gt;f60d94dff08521107f442effab1b2821&lt;/document_key&gt;&lt;order&gt;500&lt;/order&gt;&lt;sys_class_name&gt;sys_variable_value&lt;/sys_class_name&gt;&lt;sys_created_by&gt;admin&lt;/sys_created_by&gt;&lt;sys_created_on&gt;2023-02-21 09:42:34&lt;/sys_created_on&gt;&lt;sys_id&gt;45be5813f0c521107f442effab1b28b8&lt;/sys_id&gt;&lt;sys_mod_count&gt;0&lt;/sys_mod_count&gt;&lt;sys_updated_by&gt;admin&lt;/sys_updated_by&gt;&lt;sys_updated_on&gt;2023-02-21 09:42:34&lt;/sys_updated_on&gt;&lt;value&gt;// Set the variable 'answer' to a comma-separated list of user or group sys_ids that you want the email sent to.&amp;#13;
&lt;/value&gt;&lt;variable display_value="To (script)"&gt;c35dae3d0a0a0ba96248a7098ed9b4aa&lt;/variable&gt;&lt;/sys_variable_value&gt;&lt;wf_condition action="INSERT_OR_UPDATE"&gt;&lt;activity display_value="Resource Request"&gt;f60d94dff08521107f442effab1b2821&lt;/activity&gt;&lt;condition&gt;true&lt;/condition&gt;&lt;condition_default/&gt;&lt;condition_type&gt;standard&lt;/condition_type&gt;&lt;else_flag&gt;false&lt;/else_flag&gt;&lt;error&gt;false&lt;/error&gt;&lt;event&gt;false&lt;/event&gt;&lt;event_name/&gt;&lt;is_positive&gt;true&lt;/is_positive&gt;&lt;name&gt;Always&lt;/name&gt;&lt;order&gt;0&lt;/order&gt;&lt;short_description/&gt;&lt;skip_during_generate&gt;false&lt;/skip_during_generate&gt;&lt;sys_created_by&gt;admin&lt;/sys_created_by&gt;&lt;sys_created_on&gt;2023-02-21 09:42:34&lt;/sys_created_on&gt;&lt;sys_id&gt;0dbe5813f0c521107f442effab1b28b9&lt;/sys_id&gt;&lt;sys_mod_count&gt;0&lt;/sys_mod_count&gt;&lt;sys_updated_by&gt;admin&lt;/sys_updated_by&gt;&lt;sys_updated_on&gt;2023-02-21 09:42:34&lt;/sys_updated_on&gt;&lt;/wf_condition&gt;&lt;wf_transition action="INSERT_OR_UPDATE"&gt;&lt;condition display_value="Always"&gt;477cd09ff08521107f442effab1b2880&lt;/condition&gt;&lt;from display_value="Begin"&gt;077cd09ff08521107f442effab1b287f&lt;/from&gt;&lt;sys_created_by&gt;admin&lt;/sys_created_by&gt;&lt;sys_created_on&gt;2023-02-21 09:32:53&lt;/sys_created_on&gt;&lt;sys_id&gt;8f7c50dff08521107f442effab1b2866&lt;/sys_id&gt;&lt;sys_mod_count&gt;1&lt;/sys_mod_count&gt;&lt;sys_updated_by&gt;admin&lt;/sys_updated_by&gt;&lt;sys_updated_on&gt;2023-02-21 09:43:03&lt;/sys_updated_on&gt;&lt;to display_value="Resource Request"&gt;f60d94dff08521107f442effab1b2821&lt;/to&gt;&lt;/wf_transition&gt;&lt;wf_transition action="INSERT_OR_UPDATE"&gt;&lt;condition display_value="Always"&gt;0dbe5813f0c521107f442effab1b28b9&lt;/condition&gt;&lt;from display_value="Resource Request"&gt;f60d94dff08521107f442effab1b2821&lt;/from&gt;&lt;sys_created_by&gt;admin&lt;/sys_created_by&gt;&lt;sys_created_on&gt;2023-02-21 09:43:06&lt;/sys_created_on&gt;&lt;sys_id&gt;f8de9cdff08521107f442effab1b284f&lt;/sys_id&gt;&lt;sys_mod_count&gt;0&lt;/sys_mod_count&gt;&lt;sys_updated_by&gt;admin&lt;/sys_updated_by&gt;&lt;sys_updated_on&gt;2023-02-21 09:43:06&lt;/sys_updated_on&gt;&lt;to display_value="End"&gt;077c50dff08521107f442effab1b2866&lt;/to&gt;&lt;/wf_transition&gt;&lt;wf_estimated_runtime_config action="INSERT_OR_UPDATE"&gt;&lt;estimated_run_time/&gt;&lt;no_of_data_points&gt;1&lt;/no_of_data_points&gt;&lt;percentage_threshold_ert&gt;20&lt;/percentage_threshold_ert&gt;&lt;sys_created_by&gt;admin&lt;/sys_created_by&gt;&lt;sys_created_on&gt;2023-02-21 09:32:53&lt;/sys_created_on&gt;&lt;sys_id&gt;877cd09ff08521107f442effab1b287c&lt;/sys_id&gt;&lt;sys_mod_count&gt;0&lt;/sys_mod_count&gt;&lt;sys_updated_by&gt;admin&lt;/sys_updated_by&gt;&lt;sys_updated_on&gt;2023-02-21 09:32:53&lt;/sys_updated_on&gt;&lt;workflow_version display_value="ResourceWorkflow"&gt;123c5c9ff08521107f442effab1b28e1&lt;/workflow_version&gt;&lt;/wf_estimated_runtime_config&gt;&lt;wf_workflow_version action="update_multiple" query="workflow=0f7cd09ff08521107f442effab1b287d^sys_id!=123c5c9ff08521107f442effab1b28e1"&gt;&lt;published&gt;false&lt;/published&gt;&lt;/wf_workflow_version&gt;&lt;/record_update&gt;</payload>
        <payload_hash>-1064087712</payload_hash>
        <record_name>ResourceWorkflow</record_name>
        <reverted_from/>
        <source>3a8deb4ff0c121107f442effab1b2887</source>
        <source_table>sys_update_set</source_table>
        <state>current</state>
        <sys_created_by>admin</sys_created_by>
        <sys_created_on>2023-02-21 09:44:21</sys_created_on>
        <sys_id>931f1c53f0c521107f442effab1b28da</sys_id>
        <sys_mod_count>0</sys_mod_count>
        <sys_recorded_at>186735c1c8f0000001</sys_recorded_at>
        <sys_updated_by>admin</sys_updated_by>
        <sys_updated_on>2023-02-21 09:44:21</sys_updated_on>
        <type>Workflow</type>
        <update_guid>db1f1c53bdc5211096e5b528585a9ad9</update_guid>
        <update_guid_history>db1f1c53bdc5211096e5b528585a9ad9:-1064087712,a6ee185362c52110704629fece51936c:281584793</update_guid_history>
    </sys_update_version>
    <sys_metadata_delete action="INSERT_OR_UPDATE">
        <sys_audit_delete display_value="ResourceWorkflow">174f1093f0c521107f442effab1b281d</sys_audit_delete>
        <sys_class_name>sys_metadata_delete</sys_class_name>
        <sys_created_by>admin</sys_created_by>
        <sys_created_on>2023-02-21 09:45:10</sys_created_on>
        <sys_db_object display_value="" name="wf_workflow">wf_workflow</sys_db_object>
        <sys_id>040dcdef0afc4ad086a4594a686a9900</sys_id>
        <sys_metadata>0f7cd09ff08521107f442effab1b287d</sys_metadata>
        <sys_mod_count>0</sys_mod_count>
        <sys_name>ResourceWorkflow</sys_name>
        <sys_package display_value="ClientPro" source="x_58872_ClientPro">6ead8e780f603200cd674f8ce1050ed1</sys_package>
        <sys_parent/>
        <sys_policy/>
        <sys_scope display_value="ClientPro">6ead8e780f603200cd674f8ce1050ed1</sys_scope>
        <sys_scope_delete display_value="">94872a8897db403e8ee69a431de2fca4</sys_scope_delete>
        <sys_update_name>wf_workflow_0f7cd09ff08521107f442effab1b287d</sys_update_name>
        <sys_update_version display_value="wf_workflow_0f7cd09ff08521107f442effab1b287d">931f1c53f0c521107f442effab1b28da</sys_update_version>
        <sys_updated_by>admin</sys_updated_by>
        <sys_updated_on>2023-02-21 09:45:10</sys_updated_on>
    </sys_metadata_delete>
</record_update>
